"","time_step","q2.5","q50","q97.5","Species","Temp","Time"
"1",1,188622.087564176,249756.100901927,311999.259031995,"Alg",26,0.1
"2",2,191702.011783046,252726.171328905,315033.922220511,"Alg",26,0.2
"3",3,194855.964785401,255896.322235588,318125.59294228,"Alg",26,0.3
"4",4,198104.175661856,259251.036584276,321145.519027787,"Alg",26,0.4
"5",5,201520.6323737,262688.163481033,324574.191632073,"Alg",26,0.5
"6",6,204995.412491217,266217.54947797,327930.10800856,"Alg",26,0.6
"7",7,208392.419369107,269821.803317862,331384.846733933,"Alg",26,0.7
"8",8,212068.653672068,273711.281536719,334920.70183271,"Alg",26,0.8
"9",9,216058.047503315,277514.487248844,338977.25808642,"Alg",26,0.9
"10",10,219851.693929141,281464.22915345,343131.206727004,"Alg",26,1
"11",11,223669.578165358,285508.358386812,347452.236255014,"Alg",26,1.1
"12",12,227850.600577794,289750.724000692,351509.515929068,"Alg",26,1.2
"13",13,232133.97143312,294040.914265275,355926.608107145,"Alg",26,1.3
"14",14,236208.755219565,298373.510514454,360291.077221716,"Alg",26,1.4
"15",15,240936.62677394,302888.369161212,364651.287027165,"Alg",26,1.5
"16",16,245437.583227854,307459.589298278,369244.491672814,"Alg",26,1.6
"17",17,249881.494159918,312154.130365475,374011.101313399,"Alg",26,1.7
"18",18,254762.316425199,316985.166743515,378525.235787936,"Alg",26,1.8
"19",19,259901.565233404,321871.294068703,383470.682094745,"Alg",26,1.9
"20",20,264995.142564456,326816.648477715,388506.935257043,"Alg",26,2
"21",21,269955.357747202,331891.442984138,393886.898025919,"Alg",26,2.1
"22",22,274812.188948,336984.957174887,399183.747867413,"Alg",26,2.2
"23",23,279929.1917833,342186.147891222,404973.664899358,"Alg",26,2.3
"24",24,285071.670446397,347468.154306706,410734.52519667,"Alg",26,2.4
"25",25,290453.441866515,352848.961720009,416515.536073541,"Alg",26,2.5
"26",26,295854.270910478,358370.879009273,422143.119569411,"Alg",26,2.6
"27",27,301132.811894626,363984.60753451,428113.606989998,"Alg",26,2.7
"28",28,306344.256987296,369655.671933059,434211.775630189,"Alg",26,2.8
"29",29,311979.354874147,375261.357959364,440382.860323885,"Alg",26,2.9
"30",30,317432.561773105,381063.93419638,446659.277750263,"Alg",26,3
"31",31,322814.890188251,386916.006024153,453195.578057359,"Alg",26,3.1
"32",32,327950.960391683,392854.891245146,459354.255459572,"Alg",26,3.2
"33",33,333597.933561068,398853.016972044,466064.62289562,"Alg",26,3.3
"34",34,339078.637469871,404953.824485716,472668.083443853,"Alg",26,3.4
"35",35,344953.629241745,411173.339818109,479199.192909633,"Alg",26,3.5
"36",36,350442.767793243,417349.051700639,486005.656139732,"Alg",26,3.6
"37",37,355874.065549579,423561.640210749,492919.473740098,"Alg",26,3.7
"38",38,361530.879203458,429948.438453841,499885.113314577,"Alg",26,3.8
"39",39,366753.707748924,436127.133930739,507144.471562373,"Alg",26,3.9
"40",40,372475.003583919,442486.473764516,514293.395135613,"Alg",26,4
"41",41,377871.137100693,448846.382858172,521224.785743299,"Alg",26,4.1
"42",42,383071.04254411,455252.883164204,528507.009648175,"Alg",26,4.2
"43",43,388516.653180557,461560.749005045,536036.391164682,"Alg",26,4.3
"44",44,393795.360981467,468041.200640719,543560.812401659,"Alg",26,4.4
"45",45,398990.146328513,474559.839559263,551155.789331114,"Alg",26,4.5
"46",46,403986.735322215,481209.534332101,559120.974971885,"Alg",26,4.6
"47",47,409346.47094472,487724.1268607,566694.348455053,"Alg",26,4.7
"48",48,414578.69747852,494216.373826185,574301.094576001,"Alg",26,4.8
"49",49,419740.717752189,500720.174673374,582054.723103733,"Alg",26,4.9
"50",50,424981.505207141,507188.785727367,589906.793800789,"Alg",26,5
"51",51,430237.999059562,513653.05174469,597385.079884444,"Alg",26,5.1
"52",52,435146.468766833,520079.650629401,605173.924324506,"Alg",26,5.2
"53",53,440491.029886224,526552.417824121,612936.901933737,"Alg",26,5.3
"54",54,445377.349337809,532932.655194734,620652.638119235,"Alg",26,5.4
"55",55,450471.152096251,539323.77673166,628162.193580313,"Alg",26,5.5
"56",56,455702.371653513,545632.942203445,635446.73883906,"Alg",26,5.6
"57",57,460824.127597183,552011.591626272,643087.449918247,"Alg",26,5.7
"58",58,465703.283994827,558145.235380653,650697.647913782,"Alg",26,5.8
"59",59,470598.067594046,564142.621423967,658288.564551287,"Alg",26,5.9
"60",60,475081.971074221,570195.830644006,666057.861636962,"Alg",26,6
"61",61,479924.291071865,576158.316959332,673339.540928535,"Alg",26,6.1
"62",62,484450.129174464,581953.92923935,680630.00393274,"Alg",26,6.2
"63",63,489354.457203271,587571.291854607,687996.39131372,"Alg",26,6.3
"64",64,493994.429118194,593152.979099194,695065.058999954,"Alg",26,6.4
"65",65,498415.624145977,598554.716826242,702002.893409731,"Alg",26,6.5
"66",66,503179.933873022,603859.998498851,708642.188969377,"Alg",26,6.6
"67",67,507583.649980423,609030.384162894,715486.657617951,"Alg",26,6.7
"68",68,512094.206491041,614035.5194334,721670.76838823,"Alg",26,6.8
"69",69,516491.343327473,618900.677323135,727481.825639012,"Alg",26,6.9
"70",70,520765.518963505,623599.284055016,733165.497842347,"Alg",26,7
"71",71,524911.439443615,628233.443234125,739108.682174502,"Alg",26,7.1
"72",72,529014.599175955,632786.706076781,744566.360786796,"Alg",26,7.2
"73",73,533235.028829019,637034.965406633,749844.994883312,"Alg",26,7.3
"74",74,537369.488103693,640987.919360208,754199.778162478,"Alg",26,7.4
"75",75,541267.035595082,645013.039718611,759172.136384822,"Alg",26,7.5
"76",76,545143.027158546,648807.080474319,763311.858171075,"Alg",26,7.6
"77",77,549132.579475228,652558.252036138,767230.957971606,"Alg",26,7.7
"78",78,552855.771110132,656210.069935772,770626.511268431,"Alg",26,7.8
"79",79,556512.039884491,659567.685931324,773900.697386603,"Alg",26,7.9
"80",80,560321.087628012,662870.227082073,777278.698653514,"Alg",26,8
"81",81,563877.025198927,665986.77794886,780518.217074961,"Alg",26,8.1
"82",82,567522.14500483,668837.758408743,782663.897993235,"Alg",26,8.2
"83",83,570764.827228327,671628.147279632,784988.440188727,"Alg",26,8.3
"84",84,574073.532236779,674199.341071334,786831.80499414,"Alg",26,8.4
"85",85,577348.199129593,676659.766323273,788037.430356935,"Alg",26,8.5
"86",86,580492.019015115,679028.035659988,789004.670193011,"Alg",26,8.6
"87",87,583374.903949223,681079.859592799,790437.644761746,"Alg",26,8.7
"88",88,586327.286703285,683088.32396897,791460.597603925,"Alg",26,8.8
"89",89,589564.554808359,685013.705223717,792860.2845413,"Alg",26,8.9
"90",90,592392.238010135,686816.392344279,793572.680184301,"Alg",26,9
"91",91,594945.671487762,688260.519811026,793890.504263528,"Alg",26,9.1
"92",92,597532.430091042,689828.316080437,794127.847821287,"Alg",26,9.2
"93",93,599489.118324731,691186.249478348,794173.689959689,"Alg",26,9.3
"94",94,601515.798068257,692239.790236174,794292.830680795,"Alg",26,9.4
"95",95,603330.547800689,693297.722888207,794550.2690025,"Alg",26,9.5
"96",96,605110.742965728,694257.014453747,794476.408189824,"Alg",26,9.6
"97",97,606983.134541136,695181.404416152,794781.538828097,"Alg",26,9.7
"98",98,608460.635415351,696047.760521061,794960.682622896,"Alg",26,9.8
"99",99,609970.268819299,696745.748697939,794299.320140749,"Alg",26,9.9
"100",100,611232.117227679,697467.119185286,794209.161102492,"Alg",26,10
"101",101,612215.069514787,697907.025526051,794035.584386631,"Alg",26,10.1
"102",102,612937.081630945,698156.064076121,793732.605735471,"Alg",26,10.2
"103",103,613551.605147967,698274.143968574,793698.488563061,"Alg",26,10.3
"104",104,613733.106776026,698452.456696367,793004.443459867,"Alg",26,10.4
"105",105,614069.041847752,698675.703128846,792775.164701455,"Alg",26,10.5
"106",106,614108.710106711,698586.582130638,792893.047286655,"Alg",26,10.6
"107",107,613705.050702707,698579.122432455,792370.971172335,"Alg",26,10.7
"108",108,613330.825831003,698291.989151715,791576.694692958,"Alg",26,10.8
"109",109,612511.583644699,698215.008884191,791934.375367707,"Alg",26,10.9
"110",110,611489.692937254,697957.102056497,791968.940416334,"Alg",26,11
"111",111,610763.255747171,697502.982656199,792150.687428835,"Alg",26,11.1
"112",112,609681.072778379,697060.605132594,792306.327238416,"Alg",26,11.2
"113",113,608255.679246777,696589.020867467,792426.633270328,"Alg",26,11.3
"114",114,607009.372486627,695952.755893099,792803.137680139,"Alg",26,11.4
"115",115,605535.166170424,695200.532244938,792603.746785864,"Alg",26,11.5
"116",116,603748.511393321,694488.962222001,792605.188600188,"Alg",26,11.6
"117",117,602007.770838114,693754.282359308,792721.758397904,"Alg",26,11.7
"118",118,600027.469588106,692977.033889298,792975.343980025,"Alg",26,11.8
"119",119,597840.273525609,692183.494683736,792530.738356265,"Alg",26,11.9
"120",120,595451.654381725,691328.704917438,793429.906749578,"Alg",26,12
"121",121,593678.731468802,690352.401451065,793274.058594918,"Alg",26,12.1
"122",122,591836.633646854,689399.874785867,793042.096138698,"Alg",26,12.2
"123",123,589089.695261367,688342.833519898,793014.180958508,"Alg",26,12.3
"124",124,586601.772990702,687252.353723896,792925.579335442,"Alg",26,12.4
"125",125,584201.884640668,686109.686900291,793204.179982452,"Alg",26,12.5
"126",126,581915.783409704,685116.932634272,793154.02430457,"Alg",26,12.6
"127",127,579486.818901165,683878.456387005,792973.023916118,"Alg",26,12.7
"128",128,577183.75221378,682742.920538762,792485.77626967,"Alg",26,12.8
"129",129,574022.899525122,681382.200018222,792100.556170893,"Alg",26,12.9
"130",130,571742.119258018,680117.484466256,791699.435679753,"Alg",26,13
"131",131,569415.250664885,678837.488965078,791177.614411261,"Alg",26,13.1
"132",132,566669.366309401,677506.984080648,790911.436544391,"Alg",26,13.2
"133",133,563828.091383751,676057.506450314,790419.156471172,"Alg",26,13.3
"134",134,561828.454222222,674740.152824826,790302.458946628,"Alg",26,13.4
"135",135,559292.378906613,673443.619523858,789616.547693039,"Alg",26,13.5
"136",136,556808.820031531,672014.06209226,788861.319321658,"Alg",26,13.6
"137",137,553927.209107596,670423.0072265,787734.002143669,"Alg",26,13.7
"138",138,551490.654286668,668835.502581769,786835.033244326,"Alg",26,13.8
"139",139,549312.614687098,667305.051110541,785508.619879456,"Alg",26,13.9
"140",140,547217.259218641,665656.272519623,784353.718075736,"Alg",26,14
"141",141,544614.011807693,663913.900675718,783454.159787374,"Alg",26,14.1
"142",142,542289.60579776,662242.751987224,782488.305267698,"Alg",26,14.2
"143",143,540420.85271734,660547.313683198,781237.359898244,"Alg",26,14.3
"144",144,538396.210522916,658848.793794316,780000.380459498,"Alg",26,14.4
"145",145,536673.42375444,657093.526651252,778369.977395481,"Alg",26,14.5
"146",146,534537.007771159,655287.512367889,777205.768704483,"Alg",26,14.6
"147",147,532766.873853147,653526.821916534,775898.227337446,"Alg",26,14.7
"148",148,530425.241725009,651773.678070935,774129.600918461,"Alg",26,14.8
"149",149,528260.091914972,649940.573909131,772491.257532184,"Alg",26,14.9
"150",150,526391.727590917,648046.874602706,770847.748213855,"Alg",26,15
"151",151,524426.624856992,646103.945591646,769220.697527461,"Alg",26,15.1
"152",152,522681.316713872,644033.641593849,767269.820453514,"Alg",26,15.2
"153",153,520792.486920895,642016.033776952,765710.573828291,"Alg",26,15.3
"154",154,519175.542618122,640090.49156414,763753.459423186,"Alg",26,15.4
"155",155,517511.06356877,638042.998282466,762080.461543761,"Alg",26,15.5
"156",156,515706.472532174,635975.956292464,760046.478045436,"Alg",26,15.6
"157",157,514195.02864696,633962.558791878,758062.686693668,"Alg",26,15.7
"158",158,512454.80347745,631889.973404303,755723.687386772,"Alg",26,15.8
"159",159,510846.667039097,629749.183231972,753722.374146902,"Alg",26,15.9
"160",160,509030.45044685,627680.065866349,751825.389417667,"Alg",26,16
"161",161,507768.81567029,625465.447207727,749513.536250365,"Alg",26,16.1
"162",162,506252.575454582,623368.525618093,747419.675526452,"Alg",26,16.2
"163",163,504828.92601714,621248.788575565,745314.441590965,"Alg",26,16.3
"164",164,503528.977925682,619036.014094437,742931.977165303,"Alg",26,16.4
"165",165,502191.862496345,616886.8331923,740158.805178407,"Alg",26,16.5
"166",166,500749.647207988,614640.722236368,737583.256623358,"Alg",26,16.6
"167",167,499236.473593096,612501.331023951,735054.423833568,"Alg",26,16.7
"168",168,497852.551029743,610266.545731715,732058.826100428,"Alg",26,16.8
"169",169,496785.111857187,608021.414339459,729763.861459267,"Alg",26,16.9
"170",170,495607.532476477,605711.148644403,726996.038278105,"Alg",26,17
"171",171,494150.521439248,603450.470837173,724227.441684046,"Alg",26,17.1
"172",172,493001.931876668,601273.197724382,721186.151229913,"Alg",26,17.2
"173",173,491828.887423247,598919.949618145,718474.294392529,"Alg",26,17.3
"174",174,490498.972469949,596647.216963082,715249.774085662,"Alg",26,17.4
"175",175,489283.574032735,594360.956322188,711914.55851589,"Alg",26,17.5
"176",176,488337.914699667,592098.858643371,708667.58262329,"Alg",26,17.6
"177",177,487209.797657697,589757.474031518,705415.581776117,"Alg",26,17.7
"178",178,486095.416882597,587449.996166825,702352.551741744,"Alg",26,17.8
"179",179,484939.084629028,585190.929927731,699271.732822496,"Alg",26,17.9
"180",180,483636.343646136,583001.600847902,696067.769272166,"Alg",26,18
"181",181,482635.73984864,580661.853679399,692841.698915283,"Alg",26,18.1
"182",182,481215.426882045,578334.680486497,690051.40036926,"Alg",26,18.2
"183",183,480148.593513934,575974.421212409,686993.296290677,"Alg",26,18.3
"184",184,479062.695828052,573660.979076859,683911.518804987,"Alg",26,18.4
"185",185,478082.956135914,571331.959062414,680630.599848786,"Alg",26,18.5
"186",186,476868.293749669,569069.57466801,677626.749569359,"Alg",26,18.6
"187",187,475600.448634361,566771.417548856,674450.025546174,"Alg",26,18.7
"188",188,474351.441719219,564425.926873986,671089.247270293,"Alg",26,18.8
"189",189,473215.155698731,561964.355823798,667861.345361683,"Alg",26,18.9
"190",190,471945.424611844,559533.888473613,664335.719982716,"Alg",26,19
"191",191,470634.502781695,557166.893682466,661144.743494152,"Alg",26,19.1
"192",192,469220.324947823,554844.907509441,657834.134009777,"Alg",26,19.2
"193",193,468013.580074925,552649.525241773,654638.511646388,"Alg",26,19.3
"194",194,466702.095445027,550139.930215402,651128.793154542,"Alg",26,19.4
"195",195,465440.233895361,547703.212033239,647705.29946717,"Alg",26,19.5
"196",196,464162.552411591,545240.390194167,644131.132467765,"Alg",26,19.6
"197",197,462787.370645365,542881.514136298,640552.138148358,"Alg",26,19.7
"198",198,461401.19122699,540472.624501308,636890.241915078,"Alg",26,19.8
"199",199,459845.204519892,538082.509709891,633502.710521799,"Alg",26,19.9
"200",200,458396.604792484,535719.819937435,629886.718019502,"Alg",26,20
"201",201,457135.786302351,533331.051570871,626578.813928073,"Alg",26,20.1
"202",202,455787.227314186,530936.49849489,623332.405529923,"Alg",26,20.2
"203",203,454270.955007378,528498.302684501,619890.692277105,"Alg",26,20.3
"204",204,453150.489865441,526086.493252909,616607.969010947,"Alg",26,20.4
"205",205,451639.397309215,523770.546943141,613049.79213182,"Alg",26,20.5
"206",206,450200.374799514,521418.046170681,609504.31059628,"Alg",26,20.6
"207",207,448616.251869192,519020.90391385,605963.32225173,"Alg",26,20.7
"208",208,446953.740468504,516802.680043777,602624.991681891,"Alg",26,20.8
"209",209,445194.568745258,514363.15420293,599214.118471738,"Alg",26,20.9
"210",210,443612.527536118,512020.703568811,596049.232495298,"Alg",26,21
"211",211,441800.343743055,509735.828765965,592545.714903288,"Alg",26,21.1
"212",212,440486.090046341,507459.496047753,589198.701651498,"Alg",26,21.2
"213",213,438873.373217052,505171.136849926,585740.983555092,"Alg",26,21.3
"214",214,437213.485246075,502816.327300437,582456.196698334,"Alg",26,21.4
"215",215,435151.372010934,500597.534712515,578947.941644143,"Alg",26,21.5
"216",216,433314.330497537,498283.648837906,575728.372778595,"Alg",26,21.6
"217",217,431672.060033468,495988.934463219,572598.433281681,"Alg",26,21.7
"218",218,429859.697435283,493650.924352702,569168.112007642,"Alg",26,21.8
"219",219,428224.013635454,491341.398486563,565637.038843245,"Alg",26,21.9
"220",220,426341.241899441,489073.952524131,562625.247947461,"Alg",26,22
"221",221,424224.798217333,486791.229315426,559858.551690938,"Alg",26,22.1
"222",222,422379.427495541,484505.039926181,556082.992167086,"Alg",26,22.2
"223",223,420136.022646183,482148.63449682,553245.191207997,"Alg",26,22.3
"224",224,418056.434752602,479841.203597472,550190.716244615,"Alg",26,22.4
"225",225,416170.136291162,477549.64584469,547298.511386468,"Alg",26,22.5
"226",226,413980.545776146,475308.786937086,544100.539025081,"Alg",26,22.6
"227",227,411852.877123088,473086.930818502,541357.425789401,"Alg",26,22.7
"228",228,409493.581773829,470826.157995071,538134.407765619,"Alg",26,22.8
"229",229,407556.575056048,468609.346078132,535351.249780055,"Alg",26,22.9
"230",230,405167.129914033,466427.40221321,532500.514431361,"Alg",26,23
"231",231,403039.594829458,464211.924044771,529836.761521081,"Alg",26,23.1
"232",232,400665.751542472,462028.677935699,526844.382391114,"Alg",26,23.2
"233",233,398449.888910693,459760.972610558,524193.949603978,"Alg",26,23.3
"234",234,396249.334936763,457449.179144209,521672.91549912,"Alg",26,23.4
"235",235,393875.621201812,455158.319615027,518875.398764013,"Alg",26,23.5
"236",236,391494.851209174,452934.526199505,516120.644546366,"Alg",26,23.6
"237",237,389275.403299158,450675.797151451,513779.851072056,"Alg",26,23.7
"238",238,386859.875848713,448535.231328779,511159.926040147,"Alg",26,23.8
"239",239,384457.671127332,446376.637610614,508129.722037026,"Alg",26,23.9
"240",240,381619.050904981,444146.003233312,505960.943550614,"Alg",26,24
"241",241,379246.401108161,441870.488265235,503599.136318002,"Alg",26,24.1
"242",242,376788.193386207,439709.640219723,501178.059996679,"Alg",26,24.2
"243",243,374425.863537142,437580.531152653,498839.803503897,"Alg",26,24.3
"244",244,371676.620619363,435368.558506395,496642.927672652,"Alg",26,24.4
"245",245,369031.903015191,433176.312006455,494218.360092999,"Alg",26,24.5
"246",246,366460.228791532,430945.563318984,492045.626664457,"Alg",26,24.6
"247",247,363835.869985514,428768.641430756,489923.024769473,"Alg",26,24.7
"248",248,361147.111400519,426583.129567857,487536.271894335,"Alg",26,24.8
"249",249,358466.715818895,424339.267917875,485424.629615118,"Alg",26,24.9
"250",250,356299.327723144,422173.245172993,483058.70651778,"Alg",26,25
"251",251,353636.995853975,419984.374318867,481018.076672276,"Alg",26,25.1
"252",252,350701.02188236,417734.611779057,478904.471664709,"Alg",26,25.2
"253",253,348017.299156161,415505.251379395,476813.851501411,"Alg",26,25.3
"254",254,345468.798882506,413271.978547581,474878.703308263,"Alg",26,25.4
"255",255,343037.455819755,411037.114501575,472757.671089837,"Alg",26,25.5
"256",256,340119.359113495,408838.30421382,470752.058578969,"Alg",26,25.6
"257",257,337707.154876906,406714.870207768,468793.738347113,"Alg",26,25.7
"258",258,335056.80522763,404576.420170944,466984.085638048,"Alg",26,25.8
"259",259,332606.588184783,402357.539082756,465206.71017159,"Alg",26,25.9
"260",260,330174.371916556,400219.155926573,463269.187294634,"Alg",26,26
"261",261,327459.381687176,398082.844854345,461474.487458028,"Alg",26,26.1
"262",262,325036.663123788,395868.849008705,459640.924296732,"Alg",26,26.2
"263",263,322566.136642989,393771.382591934,457502.516254716,"Alg",26,26.3
"264",264,320013.367431354,391593.369123832,455728.995421728,"Alg",26,26.4
"265",265,317296.877756953,389438.243669359,453643.913503907,"Alg",26,26.5
"266",266,314748.153605352,387235.911199491,451806.378646557,"Alg",26,26.6
"267",267,312085.827398002,385128.58302964,450115.07926556,"Alg",26,26.7
"268",268,309465.03124098,382964.216516973,448450.449253115,"Alg",26,26.8
"269",269,307118.163641312,380865.53015837,446793.367955956,"Alg",26,26.9
"270",270,304563.5819378,378770.280811797,445379.182635565,"Alg",26,27
"271",271,301969.347385843,376660.239942666,443622.120356236,"Alg",26,27.1
"272",272,299244.685379813,374575.117633453,441935.810396981,"Alg",26,27.2
"273",273,296537.979925713,372504.695321389,440313.881881593,"Alg",26,27.3
"274",274,294020.103323072,370437.79421492,438731.169289371,"Alg",26,27.4
"275",275,291719.116641987,368361.718632997,437027.215419201,"Alg",26,27.5
"276",276,289025.076068905,366189.10683328,435409.785744358,"Alg",26,27.6
"277",277,286664.189706862,364082.742210123,433664.045632532,"Alg",26,27.7
"278",278,284205.088416739,361999.648559181,431955.31657506,"Alg",26,27.8
"279",279,281627.059034367,359884.454012437,430473.636571976,"Alg",26,27.9
"280",280,279263.703558553,357798.776689141,428746.636095535,"Alg",26,28
"281",281,276640.8531845,355658.270599241,427063.881226789,"Alg",26,28.1
"282",282,274175.155530873,353628.160501008,425358.006425422,"Alg",26,28.2
"283",283,271916.491502443,351537.179828812,423945.012450034,"Alg",26,28.3
"284",284,269501.377720866,349520.745331113,422359.9006801,"Alg",26,28.4
"285",285,266790.939069443,347569.717861332,420888.420821463,"Alg",26,28.5
"286",286,264197.164791083,345557.043445641,419270.529872078,"Alg",26,28.6
"287",287,261726.202178739,343556.220862705,417719.720126588,"Alg",26,28.7
"288",288,259335.929448706,341554.835667112,416151.571870443,"Alg",26,28.8
"289",289,257139.898084422,339559.942529089,414753.564941967,"Alg",26,28.9
"290",290,254603.153073466,337452.454564301,413246.845065161,"Alg",26,29
"291",291,252295.300237255,335487.678344191,411855.229573459,"Alg",26,29.1
"292",292,250027.000097106,333537.378123792,410393.584454246,"Alg",26,29.2
"293",293,247604.74655794,331552.084551755,408932.271458198,"Alg",26,29.3
"294",294,245232.366907318,329574.99636791,407479.310365912,"Alg",26,29.4
"295",295,242922.243654047,327615.969539235,405999.256506145,"Alg",26,29.5
"296",296,240556.187668865,325679.296218174,404420.022115362,"Alg",26,29.6
"297",297,238294.180529844,323690.308671306,402905.995464942,"Alg",26,29.7
"298",298,236046.044939644,321733.38512615,401465.721379904,"Alg",26,29.8
"299",299,233816.031276867,319773.129018965,400048.141980031,"Alg",26,29.9
"300",300,231464.661709063,317758.385323262,398621.150214687,"Alg",26,30
"301",301,229218.885227311,315830.189677165,397187.772747248,"Alg",26,30.1
"302",302,226957.384213925,313877.568272971,395554.389106305,"Alg",26,30.2
"303",303,224832.502702778,311921.536875791,393898.992314929,"Alg",26,30.3
"304",304,222556.534181579,310004.023144978,392420.854523548,"Alg",26,30.4
"305",305,220156.514284193,308150.777892025,390965.374529023,"Alg",26,30.5
"306",306,218055.352265431,306168.50190804,389725.225943755,"Alg",26,30.6
"307",307,216164.971623115,304218.703528266,388320.439977253,"Alg",26,30.7
"308",308,214089.601909944,302308.112665199,386764.334239649,"Alg",26,30.8
"309",309,211839.697869545,300486.366826859,385322.855778728,"Alg",26,30.9
"310",310,209707.319046426,298596.280167896,383821.408392112,"Alg",26,31
"311",311,207583.430870175,296702.441768674,382397.93594979,"Alg",26,31.1
"312",312,205310.038585121,294784.024169632,380965.25001031,"Alg",26,31.2
"313",313,203293.435824615,292892.800205992,379429.612139542,"Alg",26,31.3
"314",314,201049.266345136,291017.948433503,377918.061396408,"Alg",26,31.4
"315",315,198972.124446946,289164.443424981,376454.276929189,"Alg",26,31.5
"316",316,196997.500395815,287299.321548523,375059.928148608,"Alg",26,31.6
"317",317,194892.116557414,285397.941135669,373714.856868559,"Alg",26,31.7
"318",318,193092.91438874,283511.649335627,372335.911927986,"Alg",26,31.8
"319",319,191124.662503054,281703.305268181,370763.670981889,"Alg",26,31.9
"320",320,189121.522703169,279866.047986582,369202.279209036,"Alg",26,32
"321",321,187428.02195584,278059.029772638,367679.902833456,"Alg",26,32.1
"322",322,185227.206533871,276142.313733537,366241.648193896,"Alg",26,32.2
"323",323,183304.717773012,274312.519292869,364689.853218318,"Alg",26,32.3
"324",324,181342.489978649,272461.622412401,363027.390000288,"Alg",26,32.4
"325",325,179397.285376675,270540.699709858,361565.191437951,"Alg",26,32.5
"326",326,177456.95955077,268714.99949835,360115.633770659,"Alg",26,32.6
"327",327,175421.633141267,266810.085304811,358548.661106614,"Alg",26,32.7
"328",328,173424.724472806,264892.582255634,357130.752228021,"Alg",26,32.8
"329",329,171684.941450866,263076.604903343,355863.218032015,"Alg",26,32.9
"330",330,170010.689167753,261260.400845583,354445.905355903,"Alg",26,33
"331",331,168297.907438693,259408.450149114,353027.772646849,"Alg",26,33.1
"332",332,166412.075989229,257587.829780778,351623.214901997,"Alg",26,33.2
"333",333,164592.007367918,255769.899201555,350242.457849846,"Alg",26,33.3
"334",334,162697.551125216,254001.062275162,348734.893583547,"Alg",26,33.4
"335",335,160851.839869727,252188.629036055,346964.168006593,"Alg",26,33.5
"336",336,159135.080796027,250370.314417163,345518.587702685,"Alg",26,33.6
"337",337,157430.872886061,248624.656592175,344030.019385524,"Alg",26,33.7
"338",338,155577.815991484,246835.757649969,342475.69246917,"Alg",26,33.8
"339",339,153795.092888336,245042.809816032,341052.216780603,"Alg",26,33.9
"340",340,152031.98319199,243276.065376908,339524.037755914,"Alg",26,34
"341",341,150366.455889509,241523.657704937,338082.105404208,"Alg",26,34.1
"342",342,148747.241437331,239699.650760806,336387.36482629,"Alg",26,34.2
"343",343,147225.471563237,237965.904153305,334761.901658046,"Alg",26,34.3
"344",344,145563.917105267,236171.593113631,333262.651195075,"Alg",26,34.4
"345",345,144032.417865182,234450.354990494,331673.909001583,"Alg",26,34.5
"346",346,142422.278014699,232653.91984839,330460.420888382,"Alg",26,34.6
"347",347,140684.782141899,230844.294918449,328964.76482768,"Alg",26,34.7
"348",348,139007.377539349,229073.866635289,327478.469495923,"Alg",26,34.8
"349",349,137437.817285481,227375.733345445,326130.502866328,"Alg",26,34.9
"350",350,135871.73753866,225660.050215964,324769.849672568,"Alg",26,35
"351",351,134156.075794131,223905.561715261,323425.765815494,"Alg",26,35.1
"352",1,0.123828241607221,0.265924295798072,0.465768533017447,"Daph",26,0.1
"353",2,0.116454340331219,0.246325839435557,0.423400306288729,"Daph",26,0.2
"354",3,0.110384459422994,0.228224786055624,0.390475493081019,"Daph",26,0.3
"355",4,0.103776895222981,0.21302912481668,0.362512664512299,"Daph",26,0.4
"356",5,0.0975929211377342,0.199057637527262,0.338565015944211,"Daph",26,0.5
"357",6,0.0913313277230018,0.186901316364581,0.318070162927604,"Daph",26,0.6
"358",7,0.0856300001803543,0.176102367489314,0.30074390095639,"Daph",26,0.7
"359",8,0.0805128237652774,0.16659781603094,0.285581960936529,"Daph",26,0.8
"360",9,0.0759211747505027,0.157729746586085,0.27190711062491,"Daph",26,0.9
"361",10,0.0714800136536131,0.149955167422232,0.261263266356732,"Daph",26,1
"362",11,0.0673241757417737,0.14308517809071,0.252178583782477,"Daph",26,1.1
"363",12,0.0636074330738504,0.137118482830211,0.243701955076113,"Daph",26,1.2
"364",13,0.0596982541955983,0.131796527367769,0.236256966429629,"Daph",26,1.3
"365",14,0.0567514780301851,0.126964820879243,0.228932225678871,"Daph",26,1.4
"366",15,0.0537701827584226,0.122795415278256,0.223227498354774,"Daph",26,1.5
"367",16,0.0513682968358766,0.119200731470702,0.218494753326548,"Daph",26,1.6
"368",17,0.0487813659409962,0.116014454712889,0.214308198706356,"Daph",26,1.7
"369",18,0.0462999501331906,0.113201133788847,0.210925234741906,"Daph",26,1.8
"370",19,0.0439699668132898,0.110753975575353,0.207752389762083,"Daph",26,1.9
"371",20,0.0422619422331346,0.108732870585388,0.205215836957323,"Daph",26,2
"372",21,0.0404308325822173,0.10692045846728,0.20363121037944,"Daph",26,2.1
"373",22,0.0390006712203776,0.105427114008171,0.202488018527647,"Daph",26,2.2
"374",23,0.0378170836657491,0.104236379077712,0.201236386324571,"Daph",26,2.3
"375",24,0.0366964355088513,0.103316287772641,0.200511969147205,"Daph",26,2.4
"376",25,0.0356737933724115,0.102605113563304,0.200785535337209,"Daph",26,2.5
"377",26,0.0348910723610094,0.102159443419703,0.201138390311456,"Daph",26,2.6
"378",27,0.0343963421962184,0.101990668475334,0.201946583719169,"Daph",26,2.7
"379",28,0.0339699294172632,0.101931950602021,0.203202925611339,"Daph",26,2.8
"380",29,0.0334826955001789,0.102137169815887,0.204927112693348,"Daph",26,2.9
"381",30,0.033206588958095,0.102686441895446,0.206797112682254,"Daph",26,3
"382",31,0.0329205429053009,0.103454994519118,0.209308638124538,"Daph",26,3.1
"383",32,0.0327135208226003,0.104518976676405,0.211668909931154,"Daph",26,3.2
"384",33,0.0326247486285481,0.105839053853996,0.214654886829265,"Daph",26,3.3
"385",34,0.0327063533496499,0.107419772269404,0.217822457233524,"Daph",26,3.4
"386",35,0.0327597735846109,0.109329203241524,0.221804217065766,"Daph",26,3.5
"387",36,0.0330849168648037,0.111526850315319,0.226030158053452,"Daph",26,3.6
"388",37,0.0333797336147158,0.113741415130605,0.23053444936649,"Daph",26,3.7
"389",38,0.0339064089505156,0.116394237630573,0.235825623177662,"Daph",26,3.8
"390",39,0.0345704417779883,0.119279923104503,0.241574332661749,"Daph",26,3.9
"391",40,0.0354003096567568,0.122448182232203,0.247540739325799,"Daph",26,4
"392",41,0.0362772036148583,0.125782216770927,0.253940768971616,"Daph",26,4.1
"393",42,0.0374107641641798,0.12942280384512,0.260731729166691,"Daph",26,4.2
"394",43,0.0385550617967034,0.133320468185189,0.267310880203002,"Daph",26,4.3
"395",44,0.0398846932840103,0.137580022427962,0.274134314348017,"Daph",26,4.4
"396",45,0.0414598097885524,0.142239793237264,0.281759026314686,"Daph",26,4.5
"397",46,0.0431059399383684,0.147292820455301,0.289802421627549,"Daph",26,4.6
"398",47,0.044852624013129,0.152980234707786,0.298233405371039,"Daph",26,4.7
"399",48,0.0466675848891129,0.158762084694087,0.306324163163538,"Daph",26,4.8
"400",49,0.0489657445994519,0.164869876457558,0.314825983811326,"Daph",26,4.9
"401",50,0.051519162690195,0.171589655246194,0.324409781710144,"Daph",26,5
"402",51,0.0547980963842798,0.178593511506265,0.333114197679033,"Daph",26,5.1
"403",52,0.0576687366064216,0.185934260364328,0.342388812726649,"Daph",26,5.2
"404",53,0.0612074661598386,0.193727435641243,0.352702775984789,"Daph",26,5.3
"405",54,0.0649010352489856,0.201669533289862,0.36340219373191,"Daph",26,5.4
"406",55,0.06832993210059,0.210143020056919,0.37396556103862,"Daph",26,5.5
"407",56,0.07257808819061,0.219130125265225,0.38481936554661,"Daph",26,5.6
"408",57,0.0773713933172182,0.228644651631386,0.395836447695907,"Daph",26,5.7
"409",58,0.0831928051436879,0.238444349694981,0.407184995790805,"Daph",26,5.8
"410",59,0.0889311099164629,0.248519087264365,0.418503235379521,"Daph",26,5.9
"411",60,0.0955606138481287,0.259485084352766,0.428964968524205,"Daph",26,6
"412",61,0.102130790775561,0.270559678274023,0.441331988890269,"Daph",26,6.1
"413",62,0.109717297217824,0.281713995257872,0.455016596846399,"Daph",26,6.2
"414",63,0.117493552371506,0.29325868285042,0.467554163420479,"Daph",26,6.3
"415",64,0.126793227255718,0.305383030869007,0.480204802295925,"Daph",26,6.4
"416",65,0.136071400527444,0.3173513220196,0.493250644450663,"Daph",26,6.5
"417",66,0.145336544704767,0.329670764221145,0.506945431415076,"Daph",26,6.6
"418",67,0.156256488666276,0.342581557012294,0.520357965997269,"Daph",26,6.7
"419",68,0.167316600612582,0.355787325868574,0.53479012217129,"Daph",26,6.8
"420",69,0.179076590208723,0.369436530436038,0.549042753497535,"Daph",26,6.9
"421",70,0.191364662825809,0.382926586312444,0.563208236873639,"Daph",26,7
"422",71,0.204498416171482,0.396733699754467,0.577547020779278,"Daph",26,7.1
"423",72,0.218535035256622,0.410152574780543,0.592532201731516,"Daph",26,7.2
"424",73,0.233364937810451,0.424185437920679,0.608099736339782,"Daph",26,7.3
"425",74,0.248122053027211,0.43863773115573,0.623758588513722,"Daph",26,7.4
"426",75,0.262582970802296,0.452832806081529,0.639649418754376,"Daph",26,7.5
"427",76,0.276895486916469,0.467367906888738,0.655045339134566,"Daph",26,7.6
"428",77,0.292325212953112,0.481319326802203,0.671548149882516,"Daph",26,7.7
"429",78,0.306990206975269,0.495613233976152,0.688477783083776,"Daph",26,7.8
"430",79,0.320901940329781,0.509953502534495,0.704915438364504,"Daph",26,7.9
"431",80,0.33509173614464,0.523759038735478,0.722578555530462,"Daph",26,8
"432",81,0.347892985065197,0.537790857513001,0.740454033584206,"Daph",26,8.1
"433",82,0.360662192995779,0.551015229926822,0.758860183874279,"Daph",26,8.2
"434",83,0.373146891853402,0.564053844407026,0.775978445110616,"Daph",26,8.3
"435",84,0.38565017273348,0.577112168310898,0.792825431238288,"Daph",26,8.4
"436",85,0.397127218322974,0.589957862685632,0.810652306520176,"Daph",26,8.5
"437",86,0.407647957553242,0.603091546359414,0.828373533662132,"Daph",26,8.6
"438",87,0.418171770396736,0.61561447914912,0.844988868192671,"Daph",26,8.7
"439",88,0.429306699541351,0.627500505229032,0.860597157504042,"Daph",26,8.8
"440",89,0.439481967823664,0.639026835933656,0.877179114390219,"Daph",26,8.9
"441",90,0.448426033520886,0.649867801951234,0.892321222654935,"Daph",26,9
"442",91,0.457261502918784,0.660358399265864,0.907148751657978,"Daph",26,9.1
"443",92,0.466488070207186,0.670585774538694,0.921098427476097,"Daph",26,9.2
"444",93,0.475295999176068,0.680450075898284,0.934853508574483,"Daph",26,9.3
"445",94,0.483516335667726,0.690132510026401,0.949863354436419,"Daph",26,9.4
"446",95,0.49102965792633,0.698495735373471,0.963505420761785,"Daph",26,9.5
"447",96,0.498531358854632,0.707122762888049,0.976148570452252,"Daph",26,9.6
"448",97,0.50563503615121,0.715216606958903,0.988819207807645,"Daph",26,9.7
"449",98,0.512414810541342,0.722909686520662,1.00123862652109,"Daph",26,9.8
"450",99,0.518867607971659,0.730393693287673,1.01058950558978,"Daph",26,9.9
"451",100,0.524884502900039,0.737631127166131,1.01912605874189,"Daph",26,10
"452",101,0.530713437703016,0.744033908781522,1.02799277902333,"Daph",26,10.1
"453",102,0.535968090996483,0.750164104308199,1.03681713837422,"Daph",26,10.2
"454",103,0.541913588076094,0.756022173116666,1.04316821564073,"Daph",26,10.3
"455",104,0.546826768527587,0.761425455602054,1.04858439643109,"Daph",26,10.4
"456",105,0.552733424926928,0.766637010090624,1.05384934590867,"Daph",26,10.5
"457",106,0.558094908786101,0.771349709110833,1.05844356393283,"Daph",26,10.6
"458",107,0.56353723070004,0.776015984980136,1.06312196528175,"Daph",26,10.7
"459",108,0.568422950982908,0.779996297186488,1.0655137432393,"Daph",26,10.8
"460",109,0.572839053025301,0.783811040030088,1.06718842029345,"Daph",26,10.9
"461",110,0.577793724314221,0.787573505092855,1.06847693954554,"Daph",26,11
"462",111,0.582219560103062,0.790805649553503,1.06926871856303,"Daph",26,11.1
"463",112,0.585627696417196,0.793449263018043,1.06990750628863,"Daph",26,11.2
"464",113,0.589336412937419,0.796034639940926,1.07065822947062,"Daph",26,11.3
"465",114,0.593051722023449,0.798321461891616,1.06964281282468,"Daph",26,11.4
"466",115,0.596859985730079,0.800302715100091,1.06743336928789,"Daph",26,11.5
"467",116,0.600986894375363,0.802004863856926,1.06432785674391,"Daph",26,11.6
"468",117,0.604611325273966,0.803631519523685,1.06212795442581,"Daph",26,11.7
"469",118,0.608083024822585,0.804448150589151,1.05748039209807,"Daph",26,11.8
"470",119,0.611471815192931,0.805284632915902,1.05464612636438,"Daph",26,11.9
"471",120,0.613851275516696,0.805977228833248,1.04945416111247,"Daph",26,12
"472",121,0.616833999051807,0.806841197081432,1.0454195889006,"Daph",26,12.1
"473",122,0.6190980899681,0.807152004342812,1.04148843389879,"Daph",26,12.2
"474",123,0.621754879566016,0.806914923270553,1.03653454994591,"Daph",26,12.3
"475",124,0.623994526980891,0.807009673820194,1.03108697300647,"Daph",26,12.4
"476",125,0.625651437158066,0.806649868218585,1.0254558630479,"Daph",26,12.5
"477",126,0.62800592185902,0.806113018374796,1.01924197188844,"Daph",26,12.6
"478",127,0.629181117390082,0.805243804768826,1.01355261631615,"Daph",26,12.7
"479",128,0.630251596267792,0.804169734393446,1.00869466759084,"Daph",26,12.8
"480",129,0.631736141902672,0.803509460862387,1.00290468275114,"Daph",26,12.9
"481",130,0.632682631024545,0.802504543233093,0.996953182620114,"Daph",26,13
"482",131,0.632728818194645,0.800784624915088,0.990949804464464,"Daph",26,13.1
"483",132,0.633667697562714,0.798915706648115,0.985636867698218,"Daph",26,13.2
"484",133,0.63395920752727,0.796929578130436,0.980336465806761,"Daph",26,13.3
"485",134,0.634940867890773,0.795299385369648,0.974636228582462,"Daph",26,13.4
"486",135,0.635402816607645,0.793554419431835,0.969762638294317,"Daph",26,13.5
"487",136,0.635236273856687,0.791054136187797,0.964653671968711,"Daph",26,13.6
"488",137,0.634804436941059,0.788607107652139,0.959037320803505,"Daph",26,13.7
"489",138,0.634713783317964,0.786148426215964,0.952731301127833,"Daph",26,13.8
"490",139,0.633426619280753,0.783782131413954,0.947686630265655,"Daph",26,13.9
"491",140,0.632419811481621,0.781178960554654,0.94274902669927,"Daph",26,14
"492",141,0.630752100074484,0.778274672634688,0.938083445433323,"Daph",26,14.1
"493",142,0.629296014651532,0.775463768358996,0.933055008405561,"Daph",26,14.2
"494",143,0.628013723769545,0.772488888461168,0.929024721759007,"Daph",26,14.3
"495",144,0.625506529700965,0.769289630364321,0.924090870419087,"Daph",26,14.4
"496",145,0.623730289112789,0.766268352063631,0.919747759400613,"Daph",26,14.5
"497",146,0.621214305838274,0.76313113359516,0.9146897628986,"Daph",26,14.6
"498",147,0.619333878904955,0.759597429723595,0.911388470848306,"Daph",26,14.7
"499",148,0.616822313511163,0.756040283442254,0.906944268294022,"Daph",26,14.8
"500",149,0.613931915539753,0.752655258152281,0.903990027533926,"Daph",26,14.9
"501",150,0.610884973795521,0.749034367238418,0.90010253122214,"Daph",26,15
"502",151,0.607531482503901,0.745488931964261,0.895136692993566,"Daph",26,15.1
"503",152,0.604323766148373,0.741953406971694,0.891438251157395,"Daph",26,15.2
"504",153,0.601534967730866,0.738079189820668,0.886312489220682,"Daph",26,15.3
"505",154,0.597695892056665,0.734235969407228,0.881357666631375,"Daph",26,15.4
"506",155,0.59422367352086,0.730349051752476,0.87713435582073,"Daph",26,15.5
"507",156,0.591124886741231,0.726311335972299,0.873313771907826,"Daph",26,15.6
"508",157,0.587142539992075,0.722465928093493,0.869334011675505,"Daph",26,15.7
"509",158,0.583114084639635,0.718468048685832,0.865773344703187,"Daph",26,15.8
"510",159,0.578584300549624,0.714638028265306,0.862074009520805,"Daph",26,15.9
"511",160,0.574776141069403,0.710735397314907,0.857809036890905,"Daph",26,16
"512",161,0.570932425516845,0.706448221609114,0.85413256595059,"Daph",26,16.1
"513",162,0.567194125944573,0.702189640874439,0.8499199232868,"Daph",26,16.2
"514",163,0.562361014291379,0.698139938069394,0.846237544085173,"Daph",26,16.3
"515",164,0.557756854092189,0.694047373685123,0.841705388479099,"Daph",26,16.4
"516",165,0.552615170743928,0.689902027895168,0.837493152944759,"Daph",26,16.5
"517",166,0.548457737033023,0.685686805953942,0.833029496868077,"Daph",26,16.6
"518",167,0.54356797864785,0.681334169629684,0.828568097884569,"Daph",26,16.7
"519",168,0.539374058842737,0.677084611754813,0.823882878353871,"Daph",26,16.8
"520",169,0.53482761078622,0.67285394114894,0.819481355071991,"Daph",26,16.9
"521",170,0.530344164233846,0.668444808188443,0.815234345497366,"Daph",26,17
"522",171,0.525589653565467,0.663830327725241,0.810534353355186,"Daph",26,17.1
"523",172,0.520904624137727,0.659294225586603,0.806485632799661,"Daph",26,17.2
"524",173,0.51603633944653,0.654923991555946,0.801796951003272,"Daph",26,17.3
"525",174,0.511666370972706,0.650517917018814,0.797107192361832,"Daph",26,17.4
"526",175,0.507171873438128,0.646074230442135,0.79252731164443,"Daph",26,17.5
"527",176,0.502337905904517,0.641599018858444,0.788036115883299,"Daph",26,17.6
"528",177,0.497596551332368,0.637150707694051,0.782962129081863,"Daph",26,17.7
"529",178,0.492668187151135,0.632583525625924,0.778301618224636,"Daph",26,17.8
"530",179,0.487685275703394,0.628044058899534,0.7740478833255,"Daph",26,17.9
"531",180,0.483258151018368,0.623385361071168,0.769530608670201,"Daph",26,18
"532",181,0.478881153079809,0.6188167244188,0.764813731447075,"Daph",26,18.1
"533",182,0.474135630671584,0.614157125730023,0.760300149405837,"Daph",26,18.2
"534",183,0.46958496321033,0.609394982980953,0.755742881008812,"Daph",26,18.3
"535",184,0.465394964124763,0.604808680251141,0.750306000625761,"Daph",26,18.4
"536",185,0.461099181517948,0.600260356673792,0.745212063487356,"Daph",26,18.5
"537",186,0.456743006765038,0.595669666829644,0.740237774281872,"Daph",26,18.6
"538",187,0.452468777665654,0.591110102776006,0.735655669900359,"Daph",26,18.7
"539",188,0.448118565732146,0.586335221054225,0.73061703962546,"Daph",26,18.8
"540",189,0.443646787186003,0.581623266343333,0.725771212641499,"Daph",26,18.9
"541",190,0.439263671358768,0.577029701035467,0.720689791854544,"Daph",26,19
"542",191,0.434994454490757,0.572454856276041,0.715361366113119,"Daph",26,19.1
"543",192,0.430553278663874,0.567871849053251,0.710249298541743,"Daph",26,19.2
"544",193,0.426244009743449,0.563125573077421,0.705352632565774,"Daph",26,19.3
"545",194,0.421427717101284,0.558317091470346,0.700240385410629,"Daph",26,19.4
"546",195,0.417411735522671,0.553572806194099,0.694845265674577,"Daph",26,19.5
"547",196,0.412942131537257,0.54905874233741,0.690317408639519,"Daph",26,19.6
"548",197,0.408400729068871,0.544256131948568,0.684833197513916,"Daph",26,19.7
"549",198,0.403925334994149,0.539503493439743,0.679778914642057,"Daph",26,19.8
"550",199,0.399669653120607,0.534669320229811,0.674882971546388,"Daph",26,19.9
"551",200,0.395368499751819,0.529853599845158,0.66955787159229,"Daph",26,20
"552",201,0.390904291670633,0.524901592935246,0.664287035555515,"Daph",26,20.1
"553",202,0.38617868087691,0.520188875909763,0.658859827001701,"Daph",26,20.2
"554",203,0.38149965790232,0.515403398429871,0.653258380574789,"Daph",26,20.3
"555",204,0.377413407416109,0.510670028435569,0.647990513503997,"Daph",26,20.4
"556",205,0.372818584407122,0.506054664516081,0.643032917006559,"Daph",26,20.5
"557",206,0.368209867857046,0.501189661716258,0.637943455217929,"Daph",26,20.6
"558",207,0.364122917567377,0.496458186154566,0.632654177124449,"Daph",26,20.7
"559",208,0.360184869165096,0.491714035085055,0.627641103041904,"Daph",26,20.8
"560",209,0.35585009798538,0.48700286831832,0.622641546712899,"Daph",26,20.9
"561",210,0.351184393554058,0.482383185714171,0.617272522943244,"Daph",26,21
"562",211,0.346520065830913,0.477491193294159,0.612116850081277,"Daph",26,21.1
"563",212,0.342569920187072,0.472913535404273,0.606943447364009,"Daph",26,21.2
"564",213,0.338169358434394,0.468326930827782,0.601752479788061,"Daph",26,21.3
"565",214,0.333665904839292,0.463724379198633,0.596713857021302,"Daph",26,21.4
"566",215,0.328783520745717,0.459135463116407,0.591033732405937,"Daph",26,21.5
"567",216,0.32461248019839,0.454467284323628,0.585939126678296,"Daph",26,21.6
"568",217,0.319808296076515,0.449806269763511,0.580418709361678,"Daph",26,21.7
"569",218,0.31479686466058,0.445237702182466,0.575328720128725,"Daph",26,21.8
"570",219,0.309959032695392,0.440572162857442,0.57012215597158,"Daph",26,21.9
"571",220,0.305250749840291,0.436030683323356,0.565116300369947,"Daph",26,22
"572",221,0.300712211191676,0.431501748844578,0.559805910974273,"Daph",26,22.1
"573",222,0.296099487750582,0.427019994677704,0.554932541893427,"Daph",26,22.2
"574",223,0.291176794348082,0.422446411145282,0.549564918175638,"Daph",26,22.3
"575",224,0.286628387352796,0.417823743256339,0.544809367012926,"Daph",26,22.4
"576",225,0.28176053936418,0.413352581174689,0.540095875646203,"Daph",26,22.5
"577",226,0.27674050605812,0.408779573000924,0.535173644397783,"Daph",26,22.6
"578",227,0.271443460925238,0.404147528661706,0.530385280730929,"Daph",26,22.7
"579",228,0.266491074531264,0.399628315414556,0.525124422173703,"Daph",26,22.8
"580",229,0.262064470240988,0.395214305668841,0.520304198425863,"Daph",26,22.9
"581",230,0.25714748763746,0.39077545986415,0.515796870468119,"Daph",26,23
"582",231,0.252542205858263,0.386355954538915,0.511144194046988,"Daph",26,23.1
"583",232,0.247901667605816,0.381965317474411,0.506029181673702,"Daph",26,23.2
"584",233,0.243098846810972,0.377754515939069,0.500982719679737,"Daph",26,23.3
"585",234,0.2380353435217,0.373336726145478,0.496186578826352,"Daph",26,23.4
"586",235,0.233489393148275,0.369080472023179,0.491252962971517,"Daph",26,23.5
"587",236,0.228397060542265,0.364640742024765,0.486708674214384,"Daph",26,23.6
"588",237,0.223542691438069,0.360236160851214,0.481882336339126,"Daph",26,23.7
"589",238,0.218918865751786,0.355767101504812,0.477414071619688,"Daph",26,23.8
"590",239,0.21419363496875,0.351463403644424,0.472202998436562,"Daph",26,23.9
"591",240,0.209665815673427,0.347063458766367,0.467453394726131,"Daph",26,24
"592",241,0.205036249797784,0.342688533143386,0.462894955745474,"Daph",26,24.1
"593",242,0.200763800726903,0.338447031688384,0.458143493589453,"Daph",26,24.2
"594",243,0.195958219253325,0.334166182985496,0.45366660785819,"Daph",26,24.3
"595",244,0.191483167233464,0.329864436816853,0.448936388823317,"Daph",26,24.4
"596",245,0.186974625601054,0.325555935851039,0.444554939600509,"Daph",26,24.5
"597",246,0.182072409380433,0.321343352393763,0.440156784313378,"Daph",26,24.6
"598",247,0.177863296511476,0.316930314798977,0.435723533038157,"Daph",26,24.7
"599",248,0.173399691705274,0.312668081397843,0.431424312647672,"Daph",26,24.8
"600",249,0.169121216090656,0.308394747814054,0.426811466409615,"Daph",26,24.9
"601",250,0.164804734044142,0.304240135122444,0.422298342191152,"Daph",26,25
"602",251,0.160682918225301,0.300108073847977,0.417970752086299,"Daph",26,25.1
"603",252,0.156502745944741,0.295943207730711,0.413827042197622,"Daph",26,25.2
"604",253,0.15213098680225,0.29182082740025,0.410062222489084,"Daph",26,25.3
"605",254,0.148148126323743,0.287676790242492,0.405985492541935,"Daph",26,25.4
"606",255,0.144199075455556,0.283563780763158,0.401664321608183,"Daph",26,25.5
"607",256,0.139650042342669,0.279362533811349,0.398101416051596,"Daph",26,25.6
"608",257,0.135175422344488,0.275268995374701,0.393872789064795,"Daph",26,25.7
"609",258,0.131096304540731,0.271276278432719,0.389664886109236,"Daph",26,25.8
"610",259,0.127259980734082,0.267316596626317,0.385609593789895,"Daph",26,25.9
"611",260,0.12347305582124,0.263269169714925,0.381380414979323,"Daph",26,26
"612",261,0.119799705314405,0.259237733403603,0.377533001704887,"Daph",26,26.1
"613",262,0.115825602785569,0.255186766548414,0.373806243527963,"Daph",26,26.2
"614",263,0.112304079659643,0.251310085578952,0.370089472242319,"Daph",26,26.3
"615",264,0.108857619710873,0.247286483746871,0.36600668433037,"Daph",26,26.4
"616",265,0.105401397602524,0.243494910319988,0.362472149928765,"Daph",26,26.5
"617",266,0.10202126118199,0.2395834617574,0.35911366645065,"Daph",26,26.6
"618",267,0.0984337577408509,0.235828112169926,0.355361714459623,"Daph",26,26.7
"619",268,0.0946261493260952,0.231926985492998,0.351705774944638,"Daph",26,26.8
"620",269,0.0910630879017836,0.227973471426338,0.348299659146302,"Daph",26,26.9
"621",270,0.0877807240629234,0.224139298894584,0.345032829547421,"Daph",26,27
"622",271,0.084499726936302,0.220279667578714,0.341622456753326,"Daph",26,27.1
"623",272,0.0812216725837421,0.216534483099179,0.338229714268969,"Daph",26,27.2
"624",273,0.0777944848819865,0.212889118184526,0.334942956225202,"Daph",26,27.3
"625",274,0.0746338580977172,0.209004235098829,0.331372773355804,"Daph",26,27.4
"626",275,0.0716913227765038,0.205288499909335,0.328068378256329,"Daph",26,27.5
"627",276,0.0687446741248376,0.201783524144287,0.324638975299278,"Daph",26,27.6
"628",277,0.0657884380705478,0.198140750882932,0.321312333184376,"Daph",26,27.7
"629",278,0.063088011148804,0.194442579794241,0.317903770093155,"Daph",26,27.8
"630",279,0.060363925801557,0.190853802022749,0.314713237554208,"Daph",26,27.9
"631",280,0.0576006070216866,0.187321501294782,0.311494901789877,"Daph",26,28
"632",281,0.0550366263047807,0.183785303743758,0.30823551711045,"Daph",26,28.1
"633",282,0.0524898413621694,0.180290715791203,0.304618688095717,"Daph",26,28.2
"634",283,0.0500099733371532,0.176878157753829,0.300952108144798,"Daph",26,28.3
"635",284,0.0476451886685565,0.173416073037985,0.297907355941063,"Daph",26,28.4
"636",285,0.0451870868590585,0.169961095793366,0.294723913750654,"Daph",26,28.5
"637",286,0.0429553716736158,0.16664071475053,0.291236714096285,"Daph",26,28.6
"638",287,0.0407526519522644,0.163315329402793,0.287910171138497,"Daph",26,28.7
"639",288,0.0384972632154313,0.159878516767449,0.285049444995983,"Daph",26,28.8
"640",289,0.0365546264152141,0.156508253676385,0.281720358686311,"Daph",26,28.9
"641",290,0.0346308203555445,0.153268040156708,0.278677833825963,"Daph",26,29
"642",291,0.0327055039783973,0.149894242664726,0.275518194723489,"Daph",26,29.1
"643",292,0.0309274494713055,0.146571076711037,0.27212153537986,"Daph",26,29.2
"644",293,0.0291421501215978,0.143324691511197,0.269135490602107,"Daph",26,29.3
"645",294,0.027473452081422,0.140175418048466,0.266276270448074,"Daph",26,29.4
"646",295,0.0258567197618745,0.137118980211686,0.26285336424522,"Daph",26,29.5
"647",296,0.024197959154383,0.133925830369414,0.259953305192724,"Daph",26,29.6
"648",297,0.022688587645861,0.130815385710043,0.257293344273498,"Daph",26,29.7
"649",298,0.0213333465696004,0.127775760846452,0.25417401922258,"Daph",26,29.8
"650",299,0.0200450521640356,0.124741993835852,0.251458439592952,"Daph",26,29.9
"651",300,0.0187920327651057,0.121771274659331,0.248453997158949,"Daph",26,30
"652",301,0.0175584817136518,0.118783987251307,0.24538576210728,"Daph",26,30.1
"653",302,0.0163253922601696,0.11600372174656,0.242445294704132,"Daph",26,30.2
"654",303,0.0151589276911227,0.113139866242185,0.239579622067371,"Daph",26,30.3
"655",304,0.0141411659175746,0.110309944634906,0.236468371223264,"Daph",26,30.4
"656",305,0.0131417629944812,0.107492514502037,0.233280826488032,"Daph",26,30.5
"657",306,0.0121769325601354,0.104736671613518,0.230643352776309,"Daph",26,30.6
"658",307,0.0112492475677597,0.101998014362269,0.228018395547784,"Daph",26,30.7
"659",308,0.0104093731116501,0.099249972623347,0.225391002289129,"Daph",26,30.8
"660",309,0.00961335754358873,0.0965557096819209,0.222840568707464,"Daph",26,30.9
"661",310,0.00890421852290242,0.0939032994418082,0.219978905309337,"Daph",26,31
"662",311,0.00815803243956149,0.0913028516542103,0.216895824971124,"Daph",26,31.1
"663",312,0.00749393926120648,0.0888519733917992,0.21415182821377,"Daph",26,31.2
"664",313,0.00687252131788348,0.086358600288526,0.211292232814722,"Daph",26,31.3
"665",314,0.00628195625842049,0.0838344751945217,0.208514480368278,"Daph",26,31.4
"666",315,0.00576521452119075,0.0812763204228022,0.205764349673579,"Daph",26,31.5
"667",316,0.00530507685222936,0.0788670330470435,0.202901836180986,"Daph",26,31.6
"668",317,0.00483080022842573,0.0765129207227442,0.200403202128646,"Daph",26,31.7
"669",318,0.00441786337030233,0.0741945855126415,0.197629075383029,"Daph",26,31.8
"670",319,0.00402801523972478,0.0719296942789946,0.194954759461269,"Daph",26,31.9
"671",320,0.00366342133186432,0.0696534909021194,0.192457822740341,"Daph",26,32
"672",321,0.00331443989501652,0.0674718614432296,0.189971322775843,"Daph",26,32.1
"673",322,0.00300609010831818,0.0652804223238881,0.187499557206114,"Daph",26,32.2
"674",323,0.00273030103444177,0.0631374992887849,0.184924787881164,"Daph",26,32.3
"675",324,0.0024784164388758,0.0610587106190918,0.182203452664838,"Daph",26,32.4
"676",325,0.00223683650748784,0.0589344616220921,0.179792795178848,"Daph",26,32.5
"677",326,0.00201404066814281,0.0569529363282101,0.177551832565593,"Daph",26,32.6
"678",327,0.00180287941850067,0.0549468665442564,0.175174271688865,"Daph",26,32.7
"679",328,0.00161651176063343,0.0530382568330768,0.172853232777389,"Daph",26,32.8
"680",329,0.00144761591855937,0.0511276998480488,0.170452904936519,"Daph",26,32.9
"681",330,0.00131567634330911,0.0492169030227518,0.167940018781577,"Daph",26,33
"682",331,0.00117836769121659,0.0473632701383481,0.165529885754063,"Daph",26,33.1
"683",332,0.00105548146447801,0.0456047742548515,0.163193259731897,"Daph",26,33.2
"684",333,0.000943159748332696,0.0438971326591054,0.160768343613029,"Daph",26,33.3
"685",334,0.000843625926694405,0.0422180435128725,0.158170640720666,"Daph",26,33.4
"686",335,0.000745904892741993,0.0405864886535294,0.155962104929391,"Daph",26,33.5
"687",336,0.000662782392740198,0.0390053706617083,0.153710043538774,"Daph",26,33.6
"688",337,0.000589103924967161,0.0374284580823477,0.151512080196935,"Daph",26,33.7
"689",338,0.000521218924383321,0.0358454465871256,0.14928441864005,"Daph",26,33.8
"690",339,0.000459968754398313,0.0343200534299359,0.147023969568397,"Daph",26,33.9
"691",340,0.000404243794548464,0.0329254200598202,0.144472904371263,"Daph",26,34
"692",341,0.000354596850079124,0.0315428397480099,0.142161278292436,"Daph",26,34.1
"693",342,0.000312399663446872,0.0301942211994568,0.139993729058083,"Daph",26,34.2
"694",343,0.000277024389386426,0.0288397457949967,0.137675636508021,"Daph",26,34.3
"695",344,0.00024423486014925,0.0275304046311496,0.135514901021976,"Daph",26,34.4
"696",345,0.000215306220022931,0.0262684655739255,0.133324649752627,"Daph",26,34.5
"697",346,0.0001874701260411,0.0250237971215927,0.131283838691034,"Daph",26,34.6
"698",347,0.000165097742214492,0.0238575800082016,0.129178459681657,"Daph",26,34.7
"699",348,0.000145192037368978,0.0226996024735791,0.127066484274839,"Daph",26,34.8
"700",349,0.000127289615606954,0.0215801317236096,0.124965848772959,"Daph",26,34.9
"701",350,0.000111110850161337,0.0205094913744338,0.122686118278819,"Daph",26,35
"702",351,9.74193855994615e-05,0.0194834480149395,0.120773495772051,"Daph",26,35.1
"703",1,145100.657665862,206162.229264992,278896.883850627,"Alg",23,0.1
"704",2,147369.767310314,208667.815257654,281369.910641065,"Alg",23,0.2
"705",3,149811.288386062,211324.516629176,283876.816991217,"Alg",23,0.3
"706",4,152443.344435755,214124.976377105,286217.043174039,"Alg",23,0.4
"707",5,155144.312716624,217065.102900217,288968.384124987,"Alg",23,0.5
"708",6,158064.708272949,220102.191531253,292356.037070801,"Alg",23,0.6
"709",7,161152.200709499,223179.872908224,295513.161518749,"Alg",23,0.7
"710",8,164453.142034637,226427.044496337,299004.477983037,"Alg",23,0.8
"711",9,167866.849161849,229933.908905894,302332.244760623,"Alg",23,0.9
"712",10,171345.800831674,233533.986629214,306116.320299926,"Alg",23,1
"713",11,174908.56131126,237328.53161184,310306.335105158,"Alg",23,1.1
"714",12,178532.488889315,241274.116740014,314183.619492267,"Alg",23,1.2
"715",13,182306.107404443,245306.505300917,318080.133422797,"Alg",23,1.3
"716",14,186249.656285755,249426.864362949,322380.691235038,"Alg",23,1.4
"717",15,190302.213575814,253663.983288314,326507.918844969,"Alg",23,1.5
"718",16,194386.051081895,258024.263364257,331319.703424708,"Alg",23,1.6
"719",17,198601.693385292,262426.051141462,335855.433827482,"Alg",23,1.7
"720",18,203292.508597105,267013.635921512,340687.064557729,"Alg",23,1.8
"721",19,207844.108083047,271712.938126997,345606.792531366,"Alg",23,1.9
"722",20,212465.419406802,276530.399150886,350781.328226121,"Alg",23,2
"723",21,217347.325102318,281426.257527775,355777.282457446,"Alg",23,2.1
"724",22,222318.146350239,286660.34747083,361021.656307951,"Alg",23,2.2
"725",23,227284.989917428,291886.41475514,365881.287054107,"Alg",23,2.3
"726",24,232166.989050714,297176.661788769,371024.703045757,"Alg",23,2.4
"727",25,237352.454468034,302478.458991757,376419.547733397,"Alg",23,2.5
"728",26,242402.36914996,307994.042430536,382278.54567168,"Alg",23,2.6
"729",27,247688.119072321,313524.75695079,387793.395123158,"Alg",23,2.7
"730",28,253091.724732712,319184.294309428,394019.211424373,"Alg",23,2.8
"731",29,258657.842133483,324886.55279569,399881.511783779,"Alg",23,2.9
"732",30,264129.711369211,330789.899813844,406010.452190894,"Alg",23,3
"733",31,269889.336829115,336682.779089162,412403.186886225,"Alg",23,3.1
"734",32,275548.221271014,342666.864324956,418540.909579504,"Alg",23,3.2
"735",33,281205.169644165,348743.276236728,424869.265409122,"Alg",23,3.3
"736",34,286923.630065555,354901.32774085,431340.877278841,"Alg",23,3.4
"737",35,292960.604950544,361193.031058682,437583.026794031,"Alg",23,3.5
"738",36,299136.483791513,367665.965500595,444185.759979524,"Alg",23,3.6
"739",37,305121.035608269,374027.001009817,451055.271617945,"Alg",23,3.7
"740",38,311106.604283569,380552.120082601,458170.807354145,"Alg",23,3.8
"741",39,316899.282539875,387035.251206721,465386.624758391,"Alg",23,3.9
"742",40,322817.903855683,393443.57472334,472931.661039878,"Alg",23,4
"743",41,329064.446462021,399966.655981023,480187.145092369,"Alg",23,4.1
"744",42,335387.176324786,406640.794477611,487644.559159266,"Alg",23,4.2
"745",43,341300.319708495,413335.193765171,494989.777205538,"Alg",23,4.3
"746",44,347322.329878985,420106.410799211,502207.301417787,"Alg",23,4.4
"747",45,353550.932390939,426729.635328897,509802.762011363,"Alg",23,4.5
"748",46,359511.370178124,433316.735906944,517375.669195266,"Alg",23,4.6
"749",47,365685.490731859,440055.795630163,524995.657098231,"Alg",23,4.7
"750",48,371913.606133335,446815.992372295,532056.598573678,"Alg",23,4.8
"751",49,378002.249285232,453479.102864088,539493.462879316,"Alg",23,4.9
"752",50,384131.917332068,460130.150878309,547165.322633093,"Alg",23,5
"753",51,390360.125119165,466832.288209381,554514.697806195,"Alg",23,5.1
"754",52,396300.574525052,473460.148180708,561769.487085059,"Alg",23,5.2
"755",53,402218.905929285,479975.049122688,569530.463674582,"Alg",23,5.3
"756",54,408193.060688826,486418.567681899,577085.595078839,"Alg",23,5.4
"757",55,413909.181719419,492823.784263772,584219.048712626,"Alg",23,5.5
"758",56,419379.377355887,499290.06956808,591469.515613198,"Alg",23,5.6
"759",57,424750.603657183,505667.786792843,598504.775811615,"Alg",23,5.7
"760",58,430074.480362044,511823.917184918,605572.696411488,"Alg",23,5.8
"761",59,435528.880885113,518039.563232355,612314.884876566,"Alg",23,5.9
"762",60,440814.892036504,523992.547280453,619515.651060174,"Alg",23,6
"763",61,445862.806560078,529827.639775054,626822.935344351,"Alg",23,6.1
"764",62,451082.26129247,535615.462358061,633471.625194238,"Alg",23,6.2
"765",63,456199.737809383,541382.874394863,639561.341900782,"Alg",23,6.3
"766",64,461375.74001835,546882.447486143,645850.648243182,"Alg",23,6.4
"767",65,466138.752581107,552208.412442754,651796.929031546,"Alg",23,6.5
"768",66,470708.258297474,557559.551507156,657989.316553492,"Alg",23,6.6
"769",67,475229.892669299,562548.016579929,664427.691645102,"Alg",23,6.7
"770",68,479509.319198491,567530.615398199,670141.681429827,"Alg",23,6.8
"771",69,484022.533533737,572312.683512097,675913.587575542,"Alg",23,6.9
"772",70,488339.207540759,576960.141526266,681115.750959934,"Alg",23,7
"773",71,492885.465816347,581459.99048449,686172.077276099,"Alg",23,7.1
"774",72,497076.16024265,585805.696484608,690969.842785985,"Alg",23,7.2
"775",73,501168.611353363,590060.439711946,695750.266735863,"Alg",23,7.3
"776",74,505472.860207734,594269.403778444,700559.731371993,"Alg",23,7.4
"777",75,509578.607760335,598222.466700705,704914.88653195,"Alg",23,7.5
"778",76,513223.737248201,602078.404448099,709388.660129151,"Alg",23,7.6
"779",77,517020.641413224,605800.308542066,713267.567979641,"Alg",23,7.7
"780",78,520461.101093147,609389.960448587,716850.112471494,"Alg",23,7.8
"781",79,523608.631172704,612947.442692847,720065.854729345,"Alg",23,7.9
"782",80,526666.220501072,616203.99946495,723458.744389912,"Alg",23,8
"783",81,530122.035104254,619552.433881901,726892.3952268,"Alg",23,8.1
"784",82,533322.501926033,622662.94639351,730067.434987002,"Alg",23,8.2
"785",83,536028.909816417,625667.648422917,732266.91353012,"Alg",23,8.3
"786",84,539205.854973818,628482.46781144,734501.689370729,"Alg",23,8.4
"787",85,541996.660113382,631112.982349387,737255.229099698,"Alg",23,8.5
"788",86,544959.937991451,633710.879616028,739314.023701647,"Alg",23,8.6
"789",87,547709.588510827,636132.110734733,741217.351165145,"Alg",23,8.7
"790",88,550204.601700413,638528.066186508,742873.329326092,"Alg",23,8.8
"791",89,552742.704915815,640941.270489683,744670.046506701,"Alg",23,8.9
"792",90,555376.667117452,643014.592651178,746357.766470356,"Alg",23,9
"793",91,557704.431605779,645145.270948982,747936.91320794,"Alg",23,9.1
"794",92,560040.879248634,647165.764854421,749535.195713245,"Alg",23,9.2
"795",93,562295.881518949,649143.064975078,750994.676615728,"Alg",23,9.3
"796",94,564232.916737752,650884.10096518,751851.407300681,"Alg",23,9.4
"797",95,566224.045756139,652644.803808602,753101.96044075,"Alg",23,9.5
"798",96,568148.247331816,654264.461721056,753724.997819973,"Alg",23,9.6
"799",97,570014.544449036,655767.265443274,754817.971301774,"Alg",23,9.7
"800",98,571637.765377753,657202.199608467,755524.923017402,"Alg",23,9.8
"801",99,573198.233203407,658629.623255001,756353.801646202,"Alg",23,9.9
"802",100,575249.373701663,659871.552931835,757756.721920564,"Alg",23,10
"803",101,576973.362399221,661136.755405452,758356.350368868,"Alg",23,10.1
"804",102,578269.061843037,662235.551422583,759042.838296268,"Alg",23,10.2
"805",103,579509.613261929,663378.154510056,759717.081048257,"Alg",23,10.3
"806",104,581150.986237385,664466.827144222,759923.310406046,"Alg",23,10.4
"807",105,582270.712793749,665390.701175332,760600.838953805,"Alg",23,10.5
"808",106,583680.025508044,666312.312478231,761023.52453986,"Alg",23,10.6
"809",107,584008.468319654,667171.489352842,761398.225923805,"Alg",23,10.7
"810",108,584842.774330072,668050.596663677,761458.248933038,"Alg",23,10.8
"811",109,585910.29971194,668710.967366426,761732.145690261,"Alg",23,10.9
"812",110,586268.835817144,669550.227621677,762067.403628209,"Alg",23,11
"813",111,586988.35115417,670074.319967715,762516.286537804,"Alg",23,11.1
"814",112,587633.638107498,670672.133786965,762954.373660983,"Alg",23,11.2
"815",113,588453.276771644,671277.690940932,763272.630098933,"Alg",23,11.3
"816",114,588617.292187211,671768.435508951,763490.529438554,"Alg",23,11.4
"817",115,589457.082647505,672274.603473698,763685.79981518,"Alg",23,11.5
"818",116,589729.712601181,672610.489554498,763931.711540358,"Alg",23,11.6
"819",117,589370.686569072,672990.014776295,764037.925499611,"Alg",23,11.7
"820",118,589532.150684201,673274.090510478,763839.576867702,"Alg",23,11.8
"821",119,589749.11565838,673580.500577124,763979.872645088,"Alg",23,11.9
"822",120,589707.527484577,673875.678947933,764194.504821668,"Alg",23,12
"823",121,590044.11777841,674078.520024705,764070.885059375,"Alg",23,12.1
"824",122,589886.98740267,674179.502414988,764170.931115754,"Alg",23,12.2
"825",123,589922.558436413,674355.13565602,764608.831157707,"Alg",23,12.3
"826",124,589792.07291407,674365.214882992,764343.243040741,"Alg",23,12.4
"827",125,589519.232964859,674324.717634927,764605.986075223,"Alg",23,12.5
"828",126,589286.606984244,674303.711828617,764690.438858682,"Alg",23,12.6
"829",127,589047.703212289,674297.338536745,764832.0518129,"Alg",23,12.7
"830",128,588730.388355781,674227.283076607,764423.639719495,"Alg",23,12.8
"831",129,588050.214417687,674148.661867323,764620.488906823,"Alg",23,12.9
"832",130,587617.291462121,673961.639652415,764632.968906838,"Alg",23,13
"833",131,587129.762318057,673831.463729652,764511.366320309,"Alg",23,13.1
"834",132,586458.243450065,673515.144697315,764538.86325847,"Alg",23,13.2
"835",133,585813.061410686,673201.794174208,764276.780775389,"Alg",23,13.3
"836",134,585063.965135055,672907.472044248,764204.86164148,"Alg",23,13.4
"837",135,584558.816255536,672717.91781502,764055.535117505,"Alg",23,13.5
"838",136,584028.632306005,672386.673053529,763966.978811526,"Alg",23,13.6
"839",137,583462.136228246,672041.986532882,763737.160788472,"Alg",23,13.7
"840",138,582842.343906019,671549.132831879,763603.693727586,"Alg",23,13.8
"841",139,581973.971116169,671208.970485837,763097.405139997,"Alg",23,13.9
"842",140,581361.732540466,670910.830232092,762469.701679083,"Alg",23,14
"843",141,580469.913145944,670482.636183921,762198.291947666,"Alg",23,14.1
"844",142,579779.246807672,670002.80379331,761786.0660059,"Alg",23,14.2
"845",143,579142.735952989,669418.117764253,761491.482490497,"Alg",23,14.3
"846",144,578492.574687557,668943.537746758,761190.268649112,"Alg",23,14.4
"847",145,577779.152492162,668485.671028864,760806.006454335,"Alg",23,14.5
"848",146,577036.399495059,667958.953254987,760565.955744009,"Alg",23,14.6
"849",147,576190.143364844,667482.300945936,760396.164165945,"Alg",23,14.7
"850",148,575625.472441772,666837.428231309,760010.270962983,"Alg",23,14.8
"851",149,574700.557648632,666191.442237251,759628.690772464,"Alg",23,14.9
"852",150,574127.227500313,665615.453350011,759435.717437118,"Alg",23,15
"853",151,573346.182173648,664929.387342453,758558.658969477,"Alg",23,15.1
"854",152,572532.206413953,664172.303605899,758036.044889913,"Alg",23,15.2
"855",153,571648.032247304,663464.649096074,757504.266018413,"Alg",23,15.3
"856",154,570740.765367501,662664.820621921,756756.841597317,"Alg",23,15.4
"857",155,569654.462841864,661890.291138871,756199.348526238,"Alg",23,15.5
"858",156,568678.538840403,661074.729833139,755548.466765528,"Alg",23,15.6
"859",157,567971.787863898,660401.609335641,754637.509077152,"Alg",23,15.7
"860",158,567257.107312836,659464.818143613,753904.803452045,"Alg",23,15.8
"861",159,566577.473300608,658679.114838888,753147.115688832,"Alg",23,15.9
"862",160,565748.480617876,657842.957719048,752337.257456771,"Alg",23,16
"863",161,564855.750028666,656985.171540456,751517.644928861,"Alg",23,16.1
"864",162,564034.726939579,656104.495188354,750837.142329623,"Alg",23,16.2
"865",163,563246.473074417,655235.082894218,749923.055851441,"Alg",23,16.3
"866",164,562395.554096421,654417.481990155,749243.005711901,"Alg",23,16.4
"867",165,561325.804371976,653574.351170538,747917.055943627,"Alg",23,16.5
"868",166,560548.124948133,652639.883548014,747004.43084185,"Alg",23,16.6
"869",167,559777.207900429,651619.265586714,746522.176510935,"Alg",23,16.7
"870",168,559102.932604095,650570.190806741,745070.109502519,"Alg",23,16.8
"871",169,557856.495453892,649600.66654727,744209.758138952,"Alg",23,16.9
"872",170,556794.373681359,648659.699471715,743121.974126137,"Alg",23,17
"873",171,556009.565216417,647622.280858649,741838.429850857,"Alg",23,17.1
"874",172,554982.42217349,646613.550683286,740791.637827885,"Alg",23,17.2
"875",173,553998.513744895,645557.79950139,739659.269903724,"Alg",23,17.3
"876",174,553239.720912137,644412.170518212,738296.089113086,"Alg",23,17.4
"877",175,552399.347972623,643307.623224751,736894.615216838,"Alg",23,17.5
"878",176,551407.239152006,642228.959681407,735826.142746811,"Alg",23,17.6
"879",177,550617.019126408,641168.182336404,734555.849590026,"Alg",23,17.7
"880",178,549883.587943688,640123.22793893,733051.629880431,"Alg",23,17.8
"881",179,549060.593551946,638947.772746901,731517.705230437,"Alg",23,17.9
"882",180,548258.695968797,637858.200426632,730066.466586688,"Alg",23,18
"883",181,547534.715136419,636804.8707831,728639.280838309,"Alg",23,18.1
"884",182,546718.614358456,635665.227118855,727203.148308024,"Alg",23,18.2
"885",183,545705.744766173,634536.103851486,726041.827157899,"Alg",23,18.3
"886",184,544854.709830034,633389.440690264,724648.160037204,"Alg",23,18.4
"887",185,543870.161773569,632213.805866137,723400.814120679,"Alg",23,18.5
"888",186,543085.463355446,631041.286123584,721894.647558482,"Alg",23,18.6
"889",187,542039.650668253,629755.817777655,720336.895801208,"Alg",23,18.7
"890",188,541122.95765635,628601.860373761,718559.512519567,"Alg",23,18.8
"891",189,540177.542325116,627358.916531438,716899.788662306,"Alg",23,18.9
"892",190,539224.970685496,626077.384591989,715525.819405712,"Alg",23,19
"893",191,538209.61611868,624867.554968909,714016.784526245,"Alg",23,19.1
"894",192,537204.596938935,623609.662718327,712511.596855549,"Alg",23,19.2
"895",193,536423.426933429,622341.237903908,710862.44946674,"Alg",23,19.3
"896",194,535539.933622611,621058.524969158,709260.659577449,"Alg",23,19.4
"897",195,534955.658749313,619719.456332191,707728.62687867,"Alg",23,19.5
"898",196,534113.011828473,618425.978027902,705834.363723582,"Alg",23,19.6
"899",197,533128.60332813,617135.19403517,704218.906412328,"Alg",23,19.7
"900",198,532098.329856237,615733.341992836,702469.194126591,"Alg",23,19.8
"901",199,531122.268149242,614390.410089111,700933.470390712,"Alg",23,19.9
"902",200,529954.796050046,613093.789682054,699091.720791323,"Alg",23,20
"903",201,529286.524278473,611773.915959991,697633.350506626,"Alg",23,20.1
"904",202,528310.614963328,610423.23218541,695703.11853806,"Alg",23,20.2
"905",203,527534.602148138,609029.722725587,694121.20428882,"Alg",23,20.3
"906",204,526701.37755929,607718.773582981,692512.173965536,"Alg",23,20.4
"907",205,525911.637252407,606421.544138896,690599.323333007,"Alg",23,20.5
"908",206,524918.543239962,605108.65598742,688650.521647298,"Alg",23,20.6
"909",207,523913.589698908,603725.136041696,686913.943723221,"Alg",23,20.7
"910",208,523134.150809054,602347.309752872,685140.282125506,"Alg",23,20.8
"911",209,521959.159840689,600947.706337512,683520.895842555,"Alg",23,20.9
"912",210,520886.356218037,599516.979718197,681683.246382619,"Alg",23,21
"913",211,519723.155978046,598088.956626976,679839.595689308,"Alg",23,21.1
"914",212,518838.988660659,596673.280329482,677924.133173764,"Alg",23,21.2
"915",213,517613.544429763,595246.925933152,676160.968198297,"Alg",23,21.3
"916",214,516689.953939055,593815.821687241,674406.348064262,"Alg",23,21.4
"917",215,515573.011982298,592334.454048633,672610.376630774,"Alg",23,21.5
"918",216,514438.984162236,590921.651984523,670942.920794109,"Alg",23,21.6
"919",217,513325.299969813,589529.974361145,669342.446755325,"Alg",23,21.7
"920",218,512391.871079163,588101.295788118,667301.582760466,"Alg",23,21.8
"921",219,511151.090305517,586633.069494024,665475.312389427,"Alg",23,21.9
"922",220,509998.38405965,585193.501465422,663557.399283479,"Alg",23,22
"923",221,508843.100918029,583872.311584516,661785.73950378,"Alg",23,22.1
"924",222,507710.785119621,582359.506163239,659958.294279249,"Alg",23,22.2
"925",223,506702.131195518,580942.708629193,658095.707543096,"Alg",23,22.3
"926",224,505486.471949779,579481.482368901,656377.871289421,"Alg",23,22.4
"927",225,504324.71491174,578061.7274862,654405.30013253,"Alg",23,22.5
"928",226,502956.469680411,576582.178067907,652310.088179883,"Alg",23,22.6
"929",227,501531.238123944,575129.733805266,650460.199004322,"Alg",23,22.7
"930",228,500391.846495769,573712.199339331,648566.194044469,"Alg",23,22.8
"931",229,499231.481705182,572196.853764287,646803.838119926,"Alg",23,22.9
"932",230,498029.208149688,570783.866324175,644801.683815962,"Alg",23,23
"933",231,496739.632697484,569340.605638661,642917.177121238,"Alg",23,23.1
"934",232,495615.837422491,567846.164112913,641231.73440751,"Alg",23,23.2
"935",233,494196.922024607,566270.183908296,639222.183841207,"Alg",23,23.3
"936",234,492830.84715694,564728.600014365,637286.191339941,"Alg",23,23.4
"937",235,491690.368777557,563236.380278137,635708.354673241,"Alg",23,23.5
"938",236,490464.125607852,561753.510103379,633950.497455661,"Alg",23,23.6
"939",237,489173.826656044,560190.900970881,632377.305229742,"Alg",23,23.7
"940",238,488062.508326569,558666.971729268,630358.653181285,"Alg",23,23.8
"941",239,486855.087487709,557123.102468675,628526.489851918,"Alg",23,23.9
"942",240,485469.400904166,555553.785257194,626951.29637322,"Alg",23,24
"943",241,484326.142892942,553983.038031762,625290.819170677,"Alg",23,24.1
"944",242,483025.106399763,552536.276449743,623263.491308123,"Alg",23,24.2
"945",243,481767.519534334,551105.211572391,621594.844363918,"Alg",23,24.3
"946",244,480499.657545363,549541.991834267,619671.110595001,"Alg",23,24.4
"947",245,479223.607143588,548002.502700409,618049.5799449,"Alg",23,24.5
"948",246,478012.24508009,546435.171410193,615918.88530101,"Alg",23,24.6
"949",247,476796.549180446,544845.239903993,613979.944807713,"Alg",23,24.7
"950",248,475490.626140275,543317.184439796,612421.967837299,"Alg",23,24.8
"951",249,474061.241857366,541916.620256389,610933.837077885,"Alg",23,24.9
"952",250,472463.723898586,540366.156776448,609034.453696674,"Alg",23,25
"953",251,471092.816570817,538814.817392896,607304.587077966,"Alg",23,25.1
"954",252,469653.829230207,537265.986149156,605614.84398023,"Alg",23,25.2
"955",253,468227.452843913,535717.971530575,604022.803433847,"Alg",23,25.3
"956",254,466528.823909444,534117.61770749,602351.209688137,"Alg",23,25.4
"957",255,464758.436765121,532559.602352274,600646.875756898,"Alg",23,25.5
"958",256,463351.23990163,531033.518318763,599112.763568628,"Alg",23,25.6
"959",257,461960.829620574,529501.334616177,597387.606984423,"Alg",23,25.7
"960",258,460542.828560751,527920.752056685,595984.411125551,"Alg",23,25.8
"961",259,459051.389863542,526361.751821336,594211.53768324,"Alg",23,25.9
"962",260,457495.220047096,524817.155632898,592494.796691572,"Alg",23,26
"963",261,455924.142442365,523285.666866915,590807.671221799,"Alg",23,26.1
"964",262,454378.752447364,521783.6323743,589092.241830738,"Alg",23,26.2
"965",263,452730.801488981,520146.58418989,587509.40694369,"Alg",23,26.3
"966",264,451256.338868198,518574.869675619,585793.690299895,"Alg",23,26.4
"967",265,449630.865680102,517040.295846101,584356.65905938,"Alg",23,26.5
"968",266,448138.804050394,515478.567449148,582626.986614458,"Alg",23,26.6
"969",267,446516.082475314,513923.244243295,581043.684389715,"Alg",23,26.7
"970",268,444918.727633093,512326.215676201,579458.80320025,"Alg",23,26.8
"971",269,443365.597834095,510789.252862303,577906.076701047,"Alg",23,26.9
"972",270,441772.474706394,509276.432060273,576207.745117252,"Alg",23,27
"973",271,440136.93801112,507648.061270739,574811.244464137,"Alg",23,27.1
"974",272,438616.876988427,506023.921529324,573228.566851136,"Alg",23,27.2
"975",273,436881.028596903,504456.354494299,571816.490391192,"Alg",23,27.3
"976",274,435051.710821455,502839.991764781,570494.656069999,"Alg",23,27.4
"977",275,433429.758298445,501297.577530477,568982.438605688,"Alg",23,27.5
"978",276,431848.115652708,499729.163773479,567605.63766155,"Alg",23,27.6
"979",277,430254.196128349,498187.226656745,566255.869474222,"Alg",23,27.7
"980",278,428690.772856601,496641.720016121,564860.855968365,"Alg",23,27.8
"981",279,427142.666083677,495001.437557348,563376.516857755,"Alg",23,27.9
"982",280,425297.089462074,493438.477621455,562158.716283639,"Alg",23,28
"983",281,423767.578589654,491890.71680089,560890.781469156,"Alg",23,28.1
"984",282,422251.765892231,490364.404393925,559532.192505736,"Alg",23,28.2
"985",283,420470.509919487,488842.969988182,558003.973950909,"Alg",23,28.3
"986",284,418623.767440971,487293.301151891,556781.476082543,"Alg",23,28.4
"987",285,416868.35098546,485656.582572347,555433.665699658,"Alg",23,28.5
"988",286,415425.8382607,484083.68522077,554070.316125298,"Alg",23,28.6
"989",287,413703.831614035,482539.828738702,552680.663046646,"Alg",23,28.7
"990",288,411763.780945479,481019.615589895,551354.763761957,"Alg",23,28.8
"991",289,410141.397728839,479478.246738572,550114.012597046,"Alg",23,28.9
"992",290,408438.875722791,477957.945892912,548842.829122521,"Alg",23,29
"993",291,406828.400823002,476463.650194928,547651.178796554,"Alg",23,29.1
"994",292,404893.017714375,474952.127849976,546407.176425271,"Alg",23,29.2
"995",293,402997.513259589,473387.141405703,545420.45953891,"Alg",23,29.3
"996",294,401313.667767203,471866.295494152,544208.328476774,"Alg",23,29.4
"997",295,399494.736359996,470278.735144206,543013.396234372,"Alg",23,29.5
"998",296,397717.818859601,468704.378770949,541904.962094093,"Alg",23,29.6
"999",297,396109.903784249,467132.544135832,540707.413114129,"Alg",23,29.7
"1000",298,394364.512100824,465524.268111141,539531.127845838,"Alg",23,29.8
"1001",299,392642.454756024,463902.740022011,538247.811736579,"Alg",23,29.9
"1002",300,390658.158120385,462317.634896629,536959.644046209,"Alg",23,30
"1003",301,388869.321299836,460774.454520936,535829.025683421,"Alg",23,30.1
"1004",302,386913.379870624,459240.912888256,534686.432172951,"Alg",23,30.2
"1005",303,385162.451086182,457670.180211275,533516.320354852,"Alg",23,30.3
"1006",304,383380.121974456,456048.309595055,532315.55222331,"Alg",23,30.4
"1007",305,381713.097808597,454489.176075127,530967.507164468,"Alg",23,30.5
"1008",306,379586.982067314,452898.863308534,529910.018414166,"Alg",23,30.6
"1009",307,377681.612181559,451417.097046767,529095.123092416,"Alg",23,30.7
"1010",308,375784.495275269,449883.790687711,527939.149523213,"Alg",23,30.8
"1011",309,374011.289864813,448321.275948721,526882.751418794,"Alg",23,30.9
"1012",310,372468.504855647,446687.886824324,526015.150196512,"Alg",23,31
"1013",311,370575.71222452,445160.952429044,525116.684962997,"Alg",23,31.1
"1014",312,368648.18434326,443695.273102442,523898.964057286,"Alg",23,31.2
"1015",313,366925.558972739,442114.98224119,522805.898884887,"Alg",23,31.3
"1016",314,365082.738636701,440593.678719542,521897.516792589,"Alg",23,31.4
"1017",315,363003.855301494,439067.398297617,521010.748831106,"Alg",23,31.5
"1018",316,361212.984572607,437578.882576355,520007.883572993,"Alg",23,31.6
"1019",317,359294.268942818,436143.096152832,518896.402671268,"Alg",23,31.7
"1020",318,357382.999431932,434647.251018597,517927.54432167,"Alg",23,31.8
"1021",319,355553.334900898,433151.335726734,516666.992372875,"Alg",23,31.9
"1022",320,353652.941084912,431676.8431858,515770.892510655,"Alg",23,32
"1023",321,352065.021733762,430190.79013754,514817.62644753,"Alg",23,32.1
"1024",322,350288.219905044,428723.841142003,513830.921706652,"Alg",23,32.2
"1025",323,348574.444807812,427269.155638663,512766.127162488,"Alg",23,32.3
"1026",324,346871.289679017,425811.424882423,511625.365082344,"Alg",23,32.4
"1027",325,345145.932551143,424287.599488943,510596.00295255,"Alg",23,32.5
"1028",326,343303.91985072,422829.954603765,509623.282994277,"Alg",23,32.6
"1029",327,341587.221003701,421350.069870505,508370.138721154,"Alg",23,32.7
"1030",328,339807.926794529,419858.017345024,507216.262815112,"Alg",23,32.8
"1031",329,338013.588502969,418376.101276675,506120.407950963,"Alg",23,32.9
"1032",330,336106.421244026,416904.489452222,505070.979068538,"Alg",23,33
"1033",331,334286.71848025,415481.020968755,503872.320039237,"Alg",23,33.1
"1034",332,332441.885442143,414024.508768214,502959.883442327,"Alg",23,33.2
"1035",333,330724.424855742,412581.197718854,502089.821073516,"Alg",23,33.3
"1036",334,328958.636303488,411127.869370549,500934.61646852,"Alg",23,33.4
"1037",335,327072.4230054,409707.448904553,499910.744464538,"Alg",23,33.5
"1038",336,325215.050109963,408190.331420706,498832.879408722,"Alg",23,33.6
"1039",337,323590.450703991,406710.532984764,497899.266328765,"Alg",23,33.7
"1040",338,321847.057748341,405220.675065279,497022.277460443,"Alg",23,33.8
"1041",339,319977.115924131,403751.111812406,495901.974604356,"Alg",23,33.9
"1042",340,318048.884223542,402293.070444954,494877.546584015,"Alg",23,34
"1043",341,316375.864505713,400914.908373989,494000.869679547,"Alg",23,34.1
"1044",342,314554.364154794,399490.44609876,492800.771737929,"Alg",23,34.2
"1045",343,312814.540838331,398043.902235839,491699.588696667,"Alg",23,34.3
"1046",344,310935.53129399,396629.312969919,490943.040318381,"Alg",23,34.4
"1047",345,309322.247685383,395181.788244045,489826.802365133,"Alg",23,34.5
"1048",346,307597.074827183,393792.187979516,488776.26402407,"Alg",23,34.6
"1049",347,305740.962593847,392455.202428823,487928.823414085,"Alg",23,34.7
"1050",348,304009.458019455,391030.893788432,486870.198551861,"Alg",23,34.8
"1051",349,302289.562766591,389654.273528952,485980.172088728,"Alg",23,34.9
"1052",350,300530.180608602,388269.297436307,484954.279876858,"Alg",23,35
"1053",351,298980.575071169,386816.229223647,483924.667049123,"Alg",23,35.1
"1054",1,0.113366460219344,0.240236562759888,0.416484005227645,"Daph",23,0.1
"1055",2,0.105145537740363,0.219795346972945,0.377259400362513,"Daph",23,0.2
"1056",3,0.0976703585838518,0.202165131399147,0.343562400597868,"Daph",23,0.3
"1057",4,0.0904940082576709,0.186124031619848,0.318102869890285,"Daph",23,0.4
"1058",5,0.0837178130694651,0.172636225584753,0.296652185785367,"Daph",23,0.5
"1059",6,0.0772462578209921,0.160695064520998,0.277779725418239,"Daph",23,0.6
"1060",7,0.0719394708634043,0.15035718698805,0.26202876447917,"Daph",23,0.7
"1061",8,0.066995161159233,0.141085916996058,0.247931069832865,"Daph",23,0.8
"1062",9,0.0625637496376283,0.13294854394012,0.236244336982253,"Daph",23,0.9
"1063",10,0.0579480305519378,0.12552800613924,0.22566024183062,"Daph",23,1
"1064",11,0.0539475453349956,0.118928942455595,0.216903637458853,"Daph",23,1.1
"1065",12,0.0503563191382669,0.1133935869097,0.209105254197429,"Daph",23,1.2
"1066",13,0.0469205304751655,0.108193246307135,0.202069645314909,"Daph",23,1.3
"1067",14,0.0437058951701671,0.103767808255001,0.195904095367007,"Daph",23,1.4
"1068",15,0.040898692919091,0.0997805525519082,0.19080264677294,"Daph",23,1.5
"1069",16,0.0385667220204792,0.0963375749381879,0.186113812293408,"Daph",23,1.6
"1070",17,0.036590217517561,0.0933746285487765,0.182111543638877,"Daph",23,1.7
"1071",18,0.0345930181600282,0.0907313036693329,0.178097372302363,"Daph",23,1.8
"1072",19,0.0327636365343209,0.0884098237314534,0.175373345950747,"Daph",23,1.9
"1073",20,0.0312854533754956,0.0865298401609839,0.1730282170855,"Daph",23,2
"1074",21,0.029848406798231,0.0850485526452777,0.171161956452919,"Daph",23,2.1
"1075",22,0.0287682589686084,0.0838682754533395,0.169058711509549,"Daph",23,2.2
"1076",23,0.0276978962795983,0.0828436328959046,0.167781976382347,"Daph",23,2.3
"1077",24,0.0268105254345029,0.0820901268556293,0.166865033753149,"Daph",23,2.4
"1078",25,0.0260583139391315,0.0813860349520814,0.166324343303973,"Daph",23,2.5
"1079",26,0.0254535480065218,0.0812029664460732,0.166142137159429,"Daph",23,2.6
"1080",27,0.0249941179728855,0.0811318447420276,0.16679135268901,"Daph",23,2.7
"1081",28,0.0246038614073378,0.0812693216495064,0.167447110971608,"Daph",23,2.8
"1082",29,0.0242834021190628,0.0816106123271225,0.168264276800123,"Daph",23,2.9
"1083",30,0.0239916497549186,0.082165193863118,0.169957526715463,"Daph",23,3
"1084",31,0.0238546719705865,0.083019983605512,0.171765540877564,"Daph",23,3.1
"1085",32,0.0236424559786149,0.0839001938432562,0.174181023885465,"Daph",23,3.2
"1086",33,0.0238743332371786,0.0852758430050641,0.176776708959159,"Daph",23,3.3
"1087",34,0.0240938678305917,0.0868364404729964,0.180226490339663,"Daph",23,3.4
"1088",35,0.0243885239798977,0.088584042334014,0.184129336409868,"Daph",23,3.5
"1089",36,0.0249046990227695,0.0905327851463918,0.188319444075156,"Daph",23,3.6
"1090",37,0.0254694141659377,0.0926356606844978,0.192375386153316,"Daph",23,3.7
"1091",38,0.0261884988267271,0.0950813087098772,0.197290310457866,"Daph",23,3.8
"1092",39,0.0267863414481392,0.0979694722906133,0.202834074871174,"Daph",23,3.9
"1093",40,0.0279272212041528,0.100718460141576,0.208258201467556,"Daph",23,4
"1094",41,0.0289159842295607,0.104217242726235,0.21393392288784,"Daph",23,4.1
"1095",42,0.030000058151503,0.107828977683253,0.220329079866008,"Daph",23,4.2
"1096",43,0.0312477564263672,0.111782549065375,0.226661304653693,"Daph",23,4.3
"1097",44,0.0326845685159883,0.115986133956393,0.23334637827689,"Daph",23,4.4
"1098",45,0.0341910692812519,0.120603682926579,0.240587164894594,"Daph",23,4.5
"1099",46,0.0357126437649694,0.125444669360433,0.248531334686963,"Daph",23,4.6
"1100",47,0.0378105070386572,0.130529375626943,0.256808743333276,"Daph",23,4.7
"1101",48,0.0400628143158559,0.136061712484974,0.26482425359057,"Daph",23,4.8
"1102",49,0.0425310265644343,0.141819364750276,0.273668609569301,"Daph",23,4.9
"1103",50,0.0451859570851656,0.148210774855175,0.282784316199508,"Daph",23,5
"1104",51,0.0473544518329236,0.154822781440617,0.291977380480258,"Daph",23,5.1
"1105",52,0.0502353568662065,0.161811675946977,0.30176231524965,"Daph",23,5.2
"1106",53,0.0535681237632038,0.169191345635385,0.311567414500594,"Daph",23,5.3
"1107",54,0.0574553512409702,0.176620025811567,0.322050657347765,"Daph",23,5.4
"1108",55,0.0613926258694559,0.184709303101931,0.332557419930295,"Daph",23,5.5
"1109",56,0.0658788706133672,0.193226712040003,0.342996099851628,"Daph",23,5.6
"1110",57,0.0706601803960638,0.201591181677369,0.352552137482557,"Daph",23,5.7
"1111",58,0.0757363148091037,0.210446564845072,0.363938044322618,"Daph",23,5.8
"1112",59,0.081130224115963,0.21958711973244,0.374138070259076,"Daph",23,5.9
"1113",60,0.0879420321496116,0.229177301512902,0.384867351405393,"Daph",23,6
"1114",61,0.0945185071299253,0.239008433899957,0.395969628267096,"Daph",23,6.1
"1115",62,0.101458850090219,0.249214605238348,0.406155460046824,"Daph",23,6.2
"1116",63,0.108942183041396,0.259320223105575,0.416555096238523,"Daph",23,6.3
"1117",64,0.116677193274374,0.269775493122975,0.427811756944219,"Daph",23,6.4
"1118",65,0.125457762207594,0.280491747706227,0.439395640074645,"Daph",23,6.5
"1119",66,0.134229119498391,0.291546669329529,0.450860228066448,"Daph",23,6.6
"1120",67,0.14266476378269,0.302331972406897,0.461187928159368,"Daph",23,6.7
"1121",68,0.151739417658577,0.313398854168984,0.471922016601254,"Daph",23,6.8
"1122",69,0.161596217228122,0.324296768014535,0.480755919992324,"Daph",23,6.9
"1123",70,0.172325977236023,0.335335341505817,0.491263042329762,"Daph",23,7
"1124",71,0.182897002729331,0.346431043509162,0.502385847091556,"Daph",23,7.1
"1125",72,0.192114791854092,0.35737299405147,0.513326162234475,"Daph",23,7.2
"1126",73,0.202164495198758,0.368436409850385,0.524150324257158,"Daph",23,7.3
"1127",74,0.213180509711165,0.379099250830044,0.53509985245638,"Daph",23,7.4
"1128",75,0.225055844044201,0.389983229965829,0.545219009788456,"Daph",23,7.5
"1129",76,0.236346558282638,0.400609562169255,0.555877823945563,"Daph",23,7.6
"1130",77,0.247742159705556,0.410834631942154,0.565941629062117,"Daph",23,7.7
"1131",78,0.259099133005104,0.420949130219139,0.576593668246978,"Daph",23,7.8
"1132",79,0.269269947550994,0.430894018954888,0.585887721047823,"Daph",23,7.9
"1133",80,0.281048538469786,0.440569235709833,0.593904853207256,"Daph",23,8
"1134",81,0.291873826105486,0.450498380361352,0.604264706392116,"Daph",23,8.1
"1135",82,0.302492563106237,0.459679519834408,0.613697360442716,"Daph",23,8.2
"1136",83,0.311757185372497,0.469027831206275,0.622679400505194,"Daph",23,8.3
"1137",84,0.322593401934245,0.477928145081163,0.631786761746794,"Daph",23,8.4
"1138",85,0.332602795007361,0.486746209913837,0.640375056391475,"Daph",23,8.5
"1139",86,0.342643574337052,0.495012601793337,0.649275963421381,"Daph",23,8.6
"1140",87,0.352748414652464,0.50326172725052,0.657759879454461,"Daph",23,8.7
"1141",88,0.362451920870805,0.511053606111852,0.664899403886926,"Daph",23,8.8
"1142",89,0.371319744793806,0.519005578239412,0.673607052729051,"Daph",23,8.9
"1143",90,0.380093743846312,0.526530658607972,0.682251533410467,"Daph",23,9
"1144",91,0.389298164770296,0.533894461210239,0.688673969458215,"Daph",23,9.1
"1145",92,0.397702924931773,0.540967497253453,0.695057690603672,"Daph",23,9.2
"1146",93,0.405525401475127,0.547659733677755,0.701495983020219,"Daph",23,9.3
"1147",94,0.413057334345943,0.554039309718792,0.707970385237245,"Daph",23,9.4
"1148",95,0.42062941229905,0.560516832470261,0.714336056168436,"Daph",23,9.5
"1149",96,0.428007970852909,0.566603206448779,0.721145734439708,"Daph",23,9.6
"1150",97,0.434795256486464,0.572492186424345,0.726568488064192,"Daph",23,9.7
"1151",98,0.441388212465144,0.578206441412526,0.731335745830152,"Daph",23,9.8
"1152",99,0.448451277629483,0.583536978885554,0.7362481824225,"Daph",23,9.9
"1153",100,0.454430031884221,0.588681429885961,0.741621821778649,"Daph",23,10
"1154",101,0.459976613632936,0.593591589809973,0.746353306525849,"Daph",23,10.1
"1155",102,0.465584335975192,0.59840614220582,0.750243325101075,"Daph",23,10.2
"1156",103,0.471388628050595,0.603042722186701,0.754143725097463,"Daph",23,10.3
"1157",104,0.476262361495711,0.607212114156433,0.757940573047476,"Daph",23,10.4
"1158",105,0.481092683164497,0.611313733297312,0.761318825504168,"Daph",23,10.5
"1159",106,0.485571625962058,0.615316239078611,0.764871554481561,"Daph",23,10.6
"1160",107,0.490200737051508,0.618929228885541,0.768170290366645,"Daph",23,10.7
"1161",108,0.494214496860656,0.622423129255192,0.771172218203951,"Daph",23,10.8
"1162",109,0.498332442049472,0.625798473327807,0.773692295478434,"Daph",23,10.9
"1163",110,0.501996483720217,0.628945471902833,0.776253263965456,"Daph",23,11
"1164",111,0.505913830324112,0.632003467711648,0.777882415912111,"Daph",23,11.1
"1165",112,0.509143775411406,0.634816400166045,0.77976818248845,"Daph",23,11.2
"1166",113,0.51207443967355,0.637254444809501,0.781597691581685,"Daph",23,11.3
"1167",114,0.514577000179944,0.639934589156864,0.783415945992842,"Daph",23,11.4
"1168",115,0.517497686403187,0.642340930055811,0.784706170216569,"Daph",23,11.5
"1169",116,0.520486587406029,0.644523061140385,0.786602040859347,"Daph",23,11.6
"1170",117,0.522732251490188,0.646547360679625,0.787845785491915,"Daph",23,11.7
"1171",118,0.525697385829658,0.648514197866518,0.78843038691939,"Daph",23,11.8
"1172",119,0.528315510914589,0.650573384974884,0.789532219714312,"Daph",23,11.9
"1173",120,0.530777614029247,0.652509624922755,0.789842321942879,"Daph",23,12
"1174",121,0.533331946636135,0.654018800150183,0.790277581058845,"Daph",23,12.1
"1175",122,0.53552811038424,0.655425810173841,0.79161520880249,"Daph",23,12.2
"1176",123,0.537377937825319,0.656913298227357,0.791616532039775,"Daph",23,12.3
"1177",124,0.53937121778269,0.658049986202291,0.791395056627426,"Daph",23,12.4
"1178",125,0.541317418108421,0.659290587687807,0.792002479523632,"Daph",23,12.5
"1179",126,0.542817969366116,0.66040173128393,0.792275667580007,"Daph",23,12.6
"1180",127,0.544245177582838,0.661439528302556,0.792392847186989,"Daph",23,12.7
"1181",128,0.545465528037643,0.662359340074454,0.791675009244535,"Daph",23,12.8
"1182",129,0.546618536350448,0.663317719641209,0.791955638961819,"Daph",23,12.9
"1183",130,0.547905225360246,0.664058574454848,0.791871568344903,"Daph",23,13
"1184",131,0.548848991371625,0.664595099645166,0.790880420795706,"Daph",23,13.1
"1185",132,0.549688208436479,0.665077430406264,0.790156191435137,"Daph",23,13.2
"1186",133,0.550611171139408,0.665756093036312,0.78934012904066,"Daph",23,13.3
"1187",134,0.551330034977022,0.666173133146871,0.789196219295094,"Daph",23,13.4
"1188",135,0.552125865722531,0.666676538205077,0.789220609132808,"Daph",23,13.5
"1189",136,0.55259639536602,0.666898045623533,0.788341626452867,"Daph",23,13.6
"1190",137,0.55280208928751,0.667066715096963,0.788121673761531,"Daph",23,13.7
"1191",138,0.553275615679081,0.667200519786697,0.78761011126945,"Daph",23,13.8
"1192",139,0.553871862860896,0.667349303148145,0.786876886431699,"Daph",23,13.9
"1193",140,0.553961087348202,0.66708174553888,0.786569410532003,"Daph",23,14
"1194",141,0.554017814055404,0.666943991625587,0.785620608102073,"Daph",23,14.1
"1195",142,0.553888448359524,0.666821994593744,0.78523054083909,"Daph",23,14.2
"1196",143,0.553753967029355,0.666664983679458,0.784026614909413,"Daph",23,14.3
"1197",144,0.55389366797652,0.666494788991901,0.783421232742008,"Daph",23,14.4
"1198",145,0.553990879481321,0.666203375761306,0.782498793728446,"Daph",23,14.5
"1199",146,0.554042975654921,0.665885796199569,0.782142571796093,"Daph",23,14.6
"1200",147,0.553764854546663,0.665299320948221,0.781375143896,"Daph",23,14.7
"1201",148,0.553534262161487,0.664847058749522,0.780408784505728,"Daph",23,14.8
"1202",149,0.552946750735269,0.664134249209182,0.779127819308919,"Daph",23,14.9
"1203",150,0.553056377562978,0.663775113553903,0.778662215380085,"Daph",23,15
"1204",151,0.552399464393084,0.663170003829876,0.777558715629415,"Daph",23,15.1
"1205",152,0.551828123730981,0.662555695415582,0.776698641961741,"Daph",23,15.2
"1206",153,0.551214983995288,0.661695559854257,0.775790751435311,"Daph",23,15.3
"1207",154,0.55049229983073,0.660903078423597,0.774923486653381,"Daph",23,15.4
"1208",155,0.549919842635478,0.660068055818058,0.774143560057094,"Daph",23,15.5
"1209",156,0.549123365473954,0.659188807946509,0.773040130382355,"Daph",23,15.6
"1210",157,0.548218080495565,0.658169861748144,0.772154871328345,"Daph",23,15.7
"1211",158,0.547483218968984,0.657302850483856,0.771292474040491,"Daph",23,15.8
"1212",159,0.546769226978001,0.656213175953847,0.770114017736706,"Daph",23,15.9
"1213",160,0.545986731733202,0.655240948843257,0.768979109257741,"Daph",23,16
"1214",161,0.544898140340083,0.654266425119098,0.767818540277697,"Daph",23,16.1
"1215",162,0.543967000844927,0.653102846603327,0.766630696397063,"Daph",23,16.2
"1216",163,0.542958525196393,0.651914311406976,0.765815641320652,"Daph",23,16.3
"1217",164,0.541999749993746,0.650786511248339,0.764389843736459,"Daph",23,16.4
"1218",165,0.541121591007302,0.649537569356267,0.76329752057481,"Daph",23,16.5
"1219",166,0.540179755876857,0.648303384020025,0.761546464800481,"Daph",23,16.6
"1220",167,0.539140681238746,0.647010376226359,0.760118391091523,"Daph",23,16.7
"1221",168,0.538178374567457,0.645660967761797,0.758803065795247,"Daph",23,16.8
"1222",169,0.536692215679698,0.644473981015924,0.75705115740717,"Daph",23,16.9
"1223",170,0.535450832020605,0.643170061927193,0.755629798229497,"Daph",23,17
"1224",171,0.534079193273426,0.641810477968954,0.754152109402388,"Daph",23,17.1
"1225",172,0.532521370422639,0.640407839696899,0.752553321582673,"Daph",23,17.2
"1226",173,0.531302304546221,0.639073296781363,0.750802622414188,"Daph",23,17.3
"1227",174,0.530127826138663,0.637448921064341,0.749277370480956,"Daph",23,17.4
"1228",175,0.528523610897759,0.63597048387198,0.747527954304366,"Daph",23,17.5
"1229",176,0.527038032851795,0.63442074672872,0.745833357801526,"Daph",23,17.6
"1230",177,0.525646901956367,0.632870078004527,0.743806858877554,"Daph",23,17.7
"1231",178,0.524282522532167,0.631339884717161,0.742099040627743,"Daph",23,17.8
"1232",179,0.523189074307325,0.629754802346253,0.740488049327839,"Daph",23,17.9
"1233",180,0.521928112820605,0.628207993419944,0.738531751188281,"Daph",23,18
"1234",181,0.520551781789922,0.626553047047291,0.736740545288032,"Daph",23,18.1
"1235",182,0.519046126148463,0.624955002429117,0.735011014959062,"Daph",23,18.2
"1236",183,0.517414938947302,0.623299074170011,0.733457261825795,"Daph",23,18.3
"1237",184,0.516117677223988,0.621658552295821,0.731377408952253,"Daph",23,18.4
"1238",185,0.514526944807268,0.620017647033374,0.729479196146573,"Daph",23,18.5
"1239",186,0.513086176459025,0.61818076204993,0.727658731134496,"Daph",23,18.6
"1240",187,0.51192173641451,0.616410004353602,0.72573174825284,"Daph",23,18.7
"1241",188,0.510591143129703,0.614570426048013,0.723757407558398,"Daph",23,18.8
"1242",189,0.509167305987877,0.612721205503365,0.721794820014744,"Daph",23,18.9
"1243",190,0.507561933163641,0.610884228828056,0.719819216608528,"Daph",23,19
"1244",191,0.506035114612459,0.609038831243297,0.717428271497843,"Daph",23,19.1
"1245",192,0.50451116727537,0.607104145322116,0.715690689739175,"Daph",23,19.2
"1246",193,0.503024021107735,0.605271173501852,0.713394554711798,"Daph",23,19.3
"1247",194,0.501648369388056,0.603335161546842,0.711328489924862,"Daph",23,19.4
"1248",195,0.500237063480271,0.601414314265611,0.709098493424127,"Daph",23,19.5
"1249",196,0.498418009533903,0.599453444601588,0.706919063461979,"Daph",23,19.6
"1250",197,0.496741267715268,0.59747561953062,0.704104298476958,"Daph",23,19.7
"1251",198,0.495256167252773,0.595442047413281,0.701905858222649,"Daph",23,19.8
"1252",199,0.493638511663983,0.593451114255326,0.699210231531787,"Daph",23,19.9
"1253",200,0.491922213113508,0.591427102155186,0.697258249133404,"Daph",23,20
"1254",201,0.490279233532101,0.589448742825094,0.695066520137874,"Daph",23,20.1
"1255",202,0.488733372825681,0.587353022277229,0.693036654478372,"Daph",23,20.2
"1256",203,0.486996364363487,0.585227769392319,0.690710065326429,"Daph",23,20.3
"1257",204,0.485277840849116,0.583137633938445,0.68823688202482,"Daph",23,20.4
"1258",205,0.483688434242073,0.581168332469814,0.68606080893736,"Daph",23,20.5
"1259",206,0.482093560952743,0.579070259325852,0.68360924178865,"Daph",23,20.6
"1260",207,0.480410662526449,0.576897024217181,0.681252200223623,"Daph",23,20.7
"1261",208,0.478666444503824,0.574807243666627,0.678848241806482,"Daph",23,20.8
"1262",209,0.47665381013984,0.572724318677465,0.676271555344369,"Daph",23,20.9
"1263",210,0.47501255286347,0.570529020544797,0.674036804787991,"Daph",23,21
"1264",211,0.473312134417391,0.568368015038812,0.671433174437803,"Daph",23,21.1
"1265",212,0.471587359607019,0.5663042173634,0.669219427404891,"Daph",23,21.2
"1266",213,0.46969970589874,0.564085026111022,0.666253522151997,"Daph",23,21.3
"1267",214,0.468204499808264,0.561831341729891,0.663701798781172,"Daph",23,21.4
"1268",215,0.466416476668431,0.559574762713561,0.660816331780859,"Daph",23,21.5
"1269",216,0.46489239015851,0.557440160624111,0.658282842977727,"Daph",23,21.6
"1270",217,0.463012684291209,0.555290693687764,0.655914180399097,"Daph",23,21.7
"1271",218,0.46090821859176,0.552929709440744,0.653331518508111,"Daph",23,21.8
"1272",219,0.459044052693768,0.550807542179581,0.651063757520025,"Daph",23,21.9
"1273",220,0.457484149445087,0.548606345044248,0.648337857273799,"Daph",23,22
"1274",221,0.455408733797868,0.546166698429855,0.645592361332123,"Daph",23,22.1
"1275",222,0.453585969358068,0.543866943274813,0.642919910649056,"Daph",23,22.2
"1276",223,0.451695819891828,0.541540757922656,0.640103902863495,"Daph",23,22.3
"1277",224,0.449656740643991,0.539265934868712,0.637239592672938,"Daph",23,22.4
"1278",225,0.44771504792789,0.53688148120926,0.634630383699971,"Daph",23,22.5
"1279",226,0.445538726508173,0.5345315180455,0.632143898202655,"Daph",23,22.6
"1280",227,0.44392876322945,0.532270185287678,0.6294380902079,"Daph",23,22.7
"1281",228,0.442125274217459,0.529896338597457,0.62656342861336,"Daph",23,22.8
"1282",229,0.440225518511408,0.527551788898279,0.623901910750185,"Daph",23,22.9
"1283",230,0.438090284592898,0.525202861304457,0.621199359265462,"Daph",23,23
"1284",231,0.436080313771811,0.522908569776773,0.618404416912857,"Daph",23,23.1
"1285",232,0.434135953100221,0.520603619218432,0.615554216084109,"Daph",23,23.2
"1286",233,0.432294209649705,0.518285972167557,0.61292504258944,"Daph",23,23.3
"1287",234,0.430016881415817,0.515901590478312,0.610423823450616,"Daph",23,23.4
"1288",235,0.427618109268722,0.51355684758335,0.607692598134288,"Daph",23,23.5
"1289",236,0.425445994707774,0.51125906593827,0.604712139821591,"Daph",23,23.6
"1290",237,0.423167657831732,0.5089180350623,0.601643773733285,"Daph",23,23.7
"1291",238,0.421169137235933,0.506550016984399,0.599065995856607,"Daph",23,23.8
"1292",239,0.419065388216642,0.504139765831449,0.596443076224842,"Daph",23,23.9
"1293",240,0.416926738146411,0.501693802974397,0.59364098069438,"Daph",23,24
"1294",241,0.414988969754906,0.499300907891648,0.590587151134365,"Daph",23,24.1
"1295",242,0.412668576592483,0.496815042899641,0.58775492424988,"Daph",23,24.2
"1296",243,0.410138855219981,0.49443391085574,0.58505323246765,"Daph",23,24.3
"1297",244,0.407723472599874,0.492017893932836,0.582161265064826,"Daph",23,24.4
"1298",245,0.405507463727285,0.489594581713684,0.579192074744301,"Daph",23,24.5
"1299",246,0.403513372470817,0.48729431551838,0.576251671769173,"Daph",23,24.6
"1300",247,0.401006911862398,0.484998379356322,0.573503038664601,"Daph",23,24.7
"1301",248,0.398537333035341,0.482653461839285,0.5708606038964,"Daph",23,24.8
"1302",249,0.395961175310292,0.48025716562699,0.568009161085577,"Daph",23,24.9
"1303",250,0.393550711129751,0.477804293620535,0.565188345507304,"Daph",23,25
"1304",251,0.391283397889972,0.475338127059623,0.562491693396499,"Daph",23,25.1
"1305",252,0.388964613963562,0.472850604554744,0.559995234613669,"Daph",23,25.2
"1306",253,0.386519495853476,0.470383345834542,0.557276570783986,"Daph",23,25.3
"1307",254,0.383803997990047,0.467963395561436,0.554758269534308,"Daph",23,25.4
"1308",255,0.381396047647741,0.465548270092672,0.552019197688105,"Daph",23,25.5
"1309",256,0.379016419803228,0.463109220946615,0.549702109288223,"Daph",23,25.6
"1310",257,0.376466177711869,0.460730797714029,0.547211560756205,"Daph",23,25.7
"1311",258,0.373714426644199,0.458271867412936,0.544661709168879,"Daph",23,25.8
"1312",259,0.3712753069688,0.455917727481991,0.542373946025778,"Daph",23,25.9
"1313",260,0.368978238230898,0.453420254140128,0.539999959757992,"Daph",23,26
"1314",261,0.366495127124087,0.450947427258804,0.537176835948673,"Daph",23,26.1
"1315",262,0.36419390074484,0.448533278925399,0.534710260255713,"Daph",23,26.2
"1316",263,0.361839623222733,0.446085526607538,0.532281056265414,"Daph",23,26.3
"1317",264,0.359365807270095,0.443612993956488,0.529584441360326,"Daph",23,26.4
"1318",265,0.356943072275578,0.441212428391963,0.527253018696423,"Daph",23,26.5
"1319",266,0.353965270529524,0.438822293731294,0.525073119807903,"Daph",23,26.6
"1320",267,0.351233537151839,0.436488419912915,0.522600487306138,"Daph",23,26.7
"1321",268,0.348762473676575,0.434051462860172,0.520308753071122,"Daph",23,26.8
"1322",269,0.346382874548532,0.431537690930359,0.517832602546111,"Daph",23,26.9
"1323",270,0.343884832035162,0.429175605576329,0.515530448246137,"Daph",23,27
"1324",271,0.341178777837621,0.426688333361618,0.513490926790642,"Daph",23,27.1
"1325",272,0.338571446939632,0.424302133861738,0.511064275636615,"Daph",23,27.2
"1326",273,0.33580045859665,0.421914333695934,0.508676875792896,"Daph",23,27.3
"1327",274,0.332689496664345,0.419533625946896,0.506267738444192,"Daph",23,27.4
"1328",275,0.329854499739529,0.417007560112702,0.504156939620857,"Daph",23,27.5
"1329",276,0.327217294682314,0.414617988117482,0.50157116067728,"Daph",23,27.6
"1330",277,0.324514107885831,0.412206106371503,0.499199517287564,"Daph",23,27.7
"1331",278,0.321908441406693,0.409744186398558,0.496978064740282,"Daph",23,27.8
"1332",279,0.319336603646302,0.407283526739353,0.494592065535212,"Daph",23,27.9
"1333",280,0.316651507854238,0.404907691111003,0.492558424670938,"Daph",23,28
"1334",281,0.313919108699477,0.402513008535458,0.490471482885383,"Daph",23,28.1
"1335",282,0.311273275122888,0.399961310867745,0.48827299760272,"Daph",23,28.2
"1336",283,0.308508784296337,0.397612642376342,0.48603952141422,"Daph",23,28.3
"1337",284,0.305816977665115,0.395119949879452,0.483794423254241,"Daph",23,28.4
"1338",285,0.303281627735573,0.392768175005932,0.481542005838692,"Daph",23,28.5
"1339",286,0.300565119011853,0.390303243972037,0.479458917074142,"Daph",23,28.6
"1340",287,0.297800006514961,0.387881283640437,0.477742733551874,"Daph",23,28.7
"1341",288,0.294948839368265,0.385466650479482,0.475664016849003,"Daph",23,28.8
"1342",289,0.292224155766398,0.383060439460467,0.473629194902265,"Daph",23,28.9
"1343",290,0.289316613285772,0.380669735304707,0.471824110691368,"Daph",23,29
"1344",291,0.286464654189062,0.378256205827166,0.470073995514134,"Daph",23,29.1
"1345",292,0.283533204623259,0.375709584480753,0.468060809044714,"Daph",23,29.2
"1346",293,0.280501351179533,0.373311370358894,0.466229794327677,"Daph",23,29.3
"1347",294,0.277813054346959,0.370898927598645,0.464369096023674,"Daph",23,29.4
"1348",295,0.274980938209172,0.368448155756997,0.462571861227908,"Daph",23,29.5
"1349",296,0.272029833316829,0.366066781084591,0.460855462647592,"Daph",23,29.6
"1350",297,0.269364758535682,0.363708283060769,0.458904829002126,"Daph",23,29.7
"1351",298,0.266458025887752,0.361350579765402,0.457132383709846,"Daph",23,29.8
"1352",299,0.263641533907111,0.358865608892278,0.455238411730666,"Daph",23,29.9
"1353",300,0.260526741861327,0.356436596652928,0.45339743568494,"Daph",23,30
"1354",301,0.257479478504732,0.354035680491568,0.451704690691028,"Daph",23,30.1
"1355",302,0.254532000565082,0.351567447900814,0.450232400542202,"Daph",23,30.2
"1356",303,0.251536632391383,0.349105539877457,0.448303638631378,"Daph",23,30.3
"1357",304,0.248620189349081,0.346670442728433,0.44649190654105,"Daph",23,30.4
"1358",305,0.245625595539847,0.34422722354933,0.444785406787617,"Daph",23,30.5
"1359",306,0.242659603225581,0.341669041026186,0.443031261628262,"Daph",23,30.6
"1360",307,0.239699213516053,0.339349449745216,0.441183624873408,"Daph",23,30.7
"1361",308,0.236981174632388,0.33695524346045,0.439449718080592,"Daph",23,30.8
"1362",309,0.234156813293068,0.334548641480923,0.437615869856691,"Daph",23,30.9
"1363",310,0.231590571726202,0.332122955225082,0.436036073156048,"Daph",23,31
"1364",311,0.228723923806622,0.329671068704665,0.434343783629409,"Daph",23,31.1
"1365",312,0.225976668732759,0.327232312839905,0.432828078819329,"Daph",23,31.2
"1366",313,0.223195973429652,0.32484667408166,0.430782521046412,"Daph",23,31.3
"1367",314,0.220222209335164,0.322426145924699,0.429079918580035,"Daph",23,31.4
"1368",315,0.217350101009144,0.320040688302823,0.427355807973464,"Daph",23,31.5
"1369",316,0.214521110537127,0.317667650175075,0.425803488220653,"Daph",23,31.6
"1370",317,0.211640511402014,0.3153449665606,0.424118553201962,"Daph",23,31.7
"1371",318,0.208765611716307,0.313027935470754,0.422163843564549,"Daph",23,31.8
"1372",319,0.206184424658888,0.310661090564517,0.420436892576906,"Daph",23,31.9
"1373",320,0.203573318652677,0.308202036065035,0.418718661419273,"Daph",23,32
"1374",321,0.200836684863492,0.305935342000426,0.417259866838836,"Daph",23,32.1
"1375",322,0.198108042550336,0.303693160122862,0.415681774453982,"Daph",23,32.2
"1376",323,0.195229145938492,0.301366828858498,0.414300055549688,"Daph",23,32.3
"1377",324,0.19238503974221,0.299054516226992,0.412394561637013,"Daph",23,32.4
"1378",325,0.189758761277578,0.296745590174972,0.410517006090019,"Daph",23,32.5
"1379",326,0.186998735366612,0.294329134722774,0.409190456816066,"Daph",23,32.6
"1380",327,0.184376120086186,0.291989871283118,0.407675041305696,"Daph",23,32.7
"1381",328,0.181511083993234,0.289569017348062,0.406211958880148,"Daph",23,32.8
"1382",329,0.178740143359606,0.287341755634023,0.404896833685935,"Daph",23,32.9
"1383",330,0.176110548825659,0.284978273851089,0.403262975143097,"Daph",23,33
"1384",331,0.17370941889634,0.28260213879286,0.401542041157041,"Daph",23,33.1
"1385",332,0.171148964458142,0.280247905860252,0.399799955804393,"Daph",23,33.2
"1386",333,0.168488106157812,0.277952904493721,0.39804368979302,"Daph",23,33.3
"1387",334,0.165745270738817,0.275654513222422,0.396506546961218,"Daph",23,33.4
"1388",335,0.163099176283514,0.27336961767973,0.394954832190759,"Daph",23,33.5
"1389",336,0.160543360746823,0.271112284836441,0.393366859987004,"Daph",23,33.6
"1390",337,0.157897565693885,0.268783874423024,0.391992193669165,"Daph",23,33.7
"1391",338,0.155391679976721,0.266530378599873,0.39037539956047,"Daph",23,33.8
"1392",339,0.1528364401704,0.264248388491435,0.38888366429924,"Daph",23,33.9
"1393",340,0.149851972209746,0.26195293595381,0.387495544352704,"Daph",23,34
"1394",341,0.147252809348977,0.259744938456515,0.386058477001103,"Daph",23,34.1
"1395",342,0.14475145858437,0.257536586778839,0.384446511335509,"Daph",23,34.2
"1396",343,0.142164267931165,0.255304684836807,0.382925575525124,"Daph",23,34.3
"1397",344,0.139603996643063,0.253033309356986,0.381422069943003,"Daph",23,34.4
"1398",345,0.137051809494881,0.250845409691896,0.379868698431977,"Daph",23,34.5
"1399",346,0.134507944641123,0.248611035398184,0.378372445592724,"Daph",23,34.6
"1400",347,0.132236623648522,0.246421712946411,0.376638614412079,"Daph",23,34.7
"1401",348,0.129778483861566,0.244221720944029,0.374792371669417,"Daph",23,34.8
"1402",349,0.127416628017239,0.242063100271426,0.373275073355731,"Daph",23,34.9
"1403",350,0.124905487398909,0.239862759111324,0.371850465284579,"Daph",23,35
"1404",351,0.122368220424109,0.23764311221951,0.370232696641255,"Daph",23,35.1
"1405",1,192338.219486884,249934.101436917,291018.061122443,"Alg",20,0.1
"1406",2,194172.302592688,251792.470030616,292902.048603606,"Alg",20,0.2
"1407",3,195853.155190299,253667.510511614,294924.141554286,"Alg",20,0.3
"1408",4,197826.28607457,255615.21808918,296997.336066095,"Alg",20,0.4
"1409",5,199641.704875079,257633.851491811,299124.085087014,"Alg",20,0.5
"1410",6,201545.576776938,259675.877673994,301343.107796864,"Alg",20,0.6
"1411",7,203444.611590429,261781.012696756,303448.943783288,"Alg",20,0.7
"1412",8,205365.564693332,263920.452121204,305654.763800345,"Alg",20,0.8
"1413",9,207349.441239076,266022.89135122,307919.066913299,"Alg",20,0.9
"1414",10,209347.020157991,268232.842308326,310175.828332375,"Alg",20,1
"1415",11,211332.252083553,270449.64855064,312469.696287902,"Alg",20,1.1
"1416",12,213339.154433063,272728.877591979,314911.565202078,"Alg",20,1.2
"1417",13,215327.189644399,275037.023725273,317382.311761982,"Alg",20,1.3
"1418",14,217389.883136694,277358.49542201,319893.466758654,"Alg",20,1.4
"1419",15,219594.452903515,279714.820708794,322393.84073509,"Alg",20,1.5
"1420",16,221581.104487343,282101.058979842,325032.698742307,"Alg",20,1.6
"1421",17,223561.821652572,284497.174199397,327649.433245654,"Alg",20,1.7
"1422",18,225733.233533378,286923.096572881,330287.534948786,"Alg",20,1.8
"1423",19,227950.373177807,289414.69668496,332985.56684986,"Alg",20,1.9
"1424",20,230080.264292899,291946.695441949,335656.232839322,"Alg",20,2
"1425",21,232284.276091421,294508.843999055,338248.72390732,"Alg",20,2.1
"1426",22,234493.511880956,297119.592171616,340959.440868803,"Alg",20,2.2
"1427",23,236769.880555264,299724.94752876,343836.322765249,"Alg",20,2.3
"1428",24,238952.64994985,302314.67456339,346627.857721787,"Alg",20,2.4
"1429",25,241164.342967132,304921.759696396,349548.784125125,"Alg",20,2.5
"1430",26,243672.085966101,307555.686285583,352471.229902414,"Alg",20,2.6
"1431",27,246050.110191144,310254.065842933,355415.436315846,"Alg",20,2.7
"1432",28,248412.706434455,312994.050026364,358501.616409674,"Alg",20,2.8
"1433",29,250821.068481125,315795.082633381,361381.769312544,"Alg",20,2.9
"1434",30,253090.735824167,318517.860238546,364533.917955498,"Alg",20,3
"1435",31,255270.182711666,321300.341174848,367740.868104892,"Alg",20,3.1
"1436",32,257541.987191026,324155.841302243,370881.74374371,"Alg",20,3.2
"1437",33,259990.192030706,326989.62470383,373985.06190846,"Alg",20,3.3
"1438",34,262261.726795644,329852.282735156,377106.900360292,"Alg",20,3.4
"1439",35,264518.742045971,332673.177517158,380227.50286282,"Alg",20,3.5
"1440",36,266876.147003563,335562.252461442,383381.46103209,"Alg",20,3.6
"1441",37,269238.500079128,338501.359380796,386484.420198691,"Alg",20,3.7
"1442",38,271636.610112529,341420.860051547,389683.792200524,"Alg",20,3.8
"1443",39,274132.391170474,344432.41414088,393111.015800879,"Alg",20,3.9
"1444",40,276450.09567656,347463.371743383,396502.54135187,"Alg",20,4
"1445",41,279028.639758521,350446.200008841,399828.974294173,"Alg",20,4.1
"1446",42,281589.035399879,353476.629584093,403223.167105898,"Alg",20,4.2
"1447",43,284252.394367028,356558.545561464,406700.278917033,"Alg",20,4.3
"1448",44,286900.86087622,359681.784039557,410313.70360185,"Alg",20,4.4
"1449",45,289339.985361387,362711.273585736,413951.662132155,"Alg",20,4.5
"1450",46,291959.107306346,365858.368376344,417392.051283796,"Alg",20,4.6
"1451",47,294248.64936724,369010.992593674,421001.759182514,"Alg",20,4.7
"1452",48,296645.042067339,372207.210935072,424588.235836605,"Alg",20,4.8
"1453",49,299227.634552576,375408.937132103,428261.120926188,"Alg",20,4.9
"1454",50,301827.606337375,378568.44557629,431771.458189599,"Alg",20,5
"1455",51,304194.774558699,381786.938344238,435627.132443753,"Alg",20,5.1
"1456",52,306452.387445832,385059.099300263,439255.218160133,"Alg",20,5.2
"1457",53,309129.805633629,388213.058900789,443141.382138031,"Alg",20,5.3
"1458",54,311932.201896213,391467.256406458,446944.010643273,"Alg",20,5.4
"1459",55,314384.215289511,394798.780935096,450888.141485966,"Alg",20,5.5
"1460",56,316815.75902706,397970.885905051,454654.405846942,"Alg",20,5.6
"1461",57,319405.6243694,401228.951244928,458573.908566851,"Alg",20,5.7
"1462",58,322149.597995965,404522.329056473,462386.80758443,"Alg",20,5.8
"1463",59,324691.786336001,407821.318220367,466036.832395078,"Alg",20,5.9
"1464",60,327138.104989768,411115.905658234,469872.332135646,"Alg",20,6
"1465",61,329684.147075607,414383.004185638,473573.047552354,"Alg",20,6.1
"1466",62,332247.155720726,417668.747107328,477596.612262762,"Alg",20,6.2
"1467",63,335020.939158435,421031.2650342,481640.638650923,"Alg",20,6.3
"1468",64,337683.949937357,424404.065660241,485659.13040166,"Alg",20,6.4
"1469",65,340261.61786397,427740.121435995,489729.879868776,"Alg",20,6.5
"1470",66,342913.719245088,431167.123763448,493623.394124869,"Alg",20,6.6
"1471",67,345726.673354563,434586.823917948,497765.398906196,"Alg",20,6.7
"1472",68,348265.124252007,437949.658501805,501844.150368395,"Alg",20,6.8
"1473",69,350823.046918828,441300.140812798,505885.888836531,"Alg",20,6.9
"1474",70,353261.825641883,444689.667737925,509845.079088683,"Alg",20,7
"1475",71,355840.070443291,447982.528177104,513943.746678319,"Alg",20,7.1
"1476",72,358590.772842001,451349.244767723,517943.19647214,"Alg",20,7.2
"1477",73,361090.232966318,454671.008196438,522263.179986315,"Alg",20,7.3
"1478",74,363595.037632889,457997.594952774,526314.091094483,"Alg",20,7.4
"1479",75,366349.770599101,461324.878434801,530242.705950288,"Alg",20,7.5
"1480",76,369139.940079994,464522.331477438,534379.742933504,"Alg",20,7.6
"1481",77,371858.402558216,467789.442065132,538382.321859674,"Alg",20,7.7
"1482",78,374659.320707783,471028.751893157,542445.610340759,"Alg",20,7.8
"1483",79,377315.573856042,474237.677022136,546492.225256837,"Alg",20,7.9
"1484",80,380198.305002756,477450.203594089,550482.920222847,"Alg",20,8
"1485",81,382866.904849734,480653.276824741,554488.283604528,"Alg",20,8.1
"1486",82,385689.964708056,483861.832175744,558334.356421499,"Alg",20,8.2
"1487",83,388349.975475151,487019.692813795,562422.333594556,"Alg",20,8.3
"1488",84,391144.070108334,490164.269174866,565686.801292146,"Alg",20,8.4
"1489",85,393806.856816334,493247.882959647,569720.981218418,"Alg",20,8.5
"1490",86,396484.656660789,496345.06761028,573280.204606228,"Alg",20,8.6
"1491",87,399223.051221247,499379.928100661,576734.179760608,"Alg",20,8.7
"1492",88,401877.505959262,502323.025510979,580885.675396526,"Alg",20,8.8
"1493",89,404326.213912857,505315.688939602,584482.4415473,"Alg",20,8.9
"1494",90,406990.131692125,508229.22836356,587972.645865612,"Alg",20,9
"1495",91,409502.065732762,511104.7318836,591353.54631109,"Alg",20,9.1
"1496",92,412259.765752064,513928.379447764,594743.266746505,"Alg",20,9.2
"1497",93,414949.121102337,516674.236915262,598202.413760577,"Alg",20,9.3
"1498",94,417597.564317728,519381.109810074,601571.776704628,"Alg",20,9.4
"1499",95,420018.714305702,522063.878036735,604902.841117722,"Alg",20,9.5
"1500",96,422738.455294885,524567.752148144,608098.371667134,"Alg",20,9.6
"1501",97,425335.364230931,527028.979478992,611117.908804058,"Alg",20,9.7
"1502",98,427804.464141575,529532.160368225,614224.33464709,"Alg",20,9.8
"1503",99,430390.984771701,531953.373147111,617147.117488598,"Alg",20,9.9
"1504",100,432938.475648253,534329.928979599,620089.80865444,"Alg",20,10
"1505",101,435554.377859058,536550.532062649,622678.178324205,"Alg",20,10.1
"1506",102,437862.129251573,538739.328419524,625248.579129432,"Alg",20,10.2
"1507",103,440353.666860434,540957.628964521,627850.260358397,"Alg",20,10.3
"1508",104,442774.98916462,543158.277267385,630495.894466355,"Alg",20,10.4
"1509",105,445154.559743999,545197.65273804,632994.14565137,"Alg",20,10.5
"1510",106,447620.315384482,547193.711064845,635447.587283298,"Alg",20,10.6
"1511",107,450168.886807257,549134.782197878,637926.653030724,"Alg",20,10.7
"1512",108,452594.308122767,551004.757108755,640134.326417399,"Alg",20,10.8
"1513",109,455262.703366398,552850.836439826,642093.857591861,"Alg",20,10.9
"1514",110,457389.867204718,554664.827619369,644195.022561822,"Alg",20,11
"1515",111,459758.200027562,556280.342742316,645863.250350178,"Alg",20,11.1
"1516",112,462091.37314471,557698.903832079,647499.634889448,"Alg",20,11.2
"1517",113,464450.090416992,559231.247329751,648960.777380339,"Alg",20,11.3
"1518",114,466730.535714657,560653.790390706,650151.877991615,"Alg",20,11.4
"1519",115,469034.446261483,562043.196658032,651349.50009949,"Alg",20,11.5
"1520",116,471201.213929286,563388.07458693,652619.319676327,"Alg",20,11.6
"1521",117,473274.401156964,564706.124243337,653461.064778643,"Alg",20,11.7
"1522",118,475684.187866119,565984.022847979,654538.243271504,"Alg",20,11.8
"1523",119,477724.698159695,567165.66113048,655417.177023622,"Alg",20,11.9
"1524",120,479726.418762044,568219.982629698,656092.838778416,"Alg",20,12
"1525",121,481713.37901048,569251.790818965,656849.489088606,"Alg",20,12.1
"1526",122,483246.161923803,570138.466448513,657421.535313972,"Alg",20,12.2
"1527",123,484838.311223029,571071.98918761,658143.12199769,"Alg",20,12.3
"1528",124,486788.689532567,571936.268261852,658705.400729912,"Alg",20,12.4
"1529",125,488757.431791002,572664.923260528,658943.976115479,"Alg",20,12.5
"1530",126,490700.856051469,573458.184801316,658864.16842101,"Alg",20,12.6
"1531",127,492607.273876633,574131.616228493,659047.672347894,"Alg",20,12.7
"1532",128,494092.686905055,574715.184850286,658920.085215764,"Alg",20,12.8
"1533",129,495351.998383615,575265.847804846,658965.617457507,"Alg",20,12.9
"1534",130,496642.520283844,575829.594311684,659033.827100233,"Alg",20,13
"1535",131,497627.451749441,576298.578680692,658926.675788543,"Alg",20,13.1
"1536",132,498640.192704364,576794.160894983,658720.962894646,"Alg",20,13.2
"1537",133,499835.205843828,577152.293257916,658368.905060178,"Alg",20,13.3
"1538",134,500756.70906757,577482.329433726,657898.875253977,"Alg",20,13.4
"1539",135,501886.555131123,577830.670358698,657575.829140071,"Alg",20,13.5
"1540",136,502779.753415027,578113.375247221,657452.909349771,"Alg",20,13.6
"1541",137,503484.999614878,578320.944070575,657041.428860315,"Alg",20,13.7
"1542",138,504217.627211038,578446.170631054,656531.261364308,"Alg",20,13.8
"1543",139,504890.832090057,578670.841538966,656290.828860049,"Alg",20,13.9
"1544",140,505424.298711307,578907.679037621,656068.634819534,"Alg",20,14
"1545",141,506194.852888697,578857.932338137,655924.010530395,"Alg",20,14.1
"1546",142,506300.081503425,578793.834075653,655808.807652584,"Alg",20,14.2
"1547",143,506734.128068076,578778.059715175,655485.927412843,"Alg",20,14.3
"1548",144,506751.855055152,578731.663303985,655439.587072295,"Alg",20,14.4
"1549",145,506717.025739195,578661.693814776,655227.650678405,"Alg",20,14.5
"1550",146,507004.061123659,578485.920096953,655102.40916357,"Alg",20,14.6
"1551",147,506523.079536446,578208.481828447,654973.273780175,"Alg",20,14.7
"1552",148,506278.58905875,578010.224848918,655183.074874708,"Alg",20,14.8
"1553",149,505693.578391331,577803.12932477,655497.453848004,"Alg",20,14.9
"1554",150,505596.630927245,577575.772152657,655565.173344281,"Alg",20,15
"1555",151,504984.606934978,577369.752258885,655494.342758803,"Alg",20,15.1
"1556",152,504277.109597833,576951.345916514,655775.320778197,"Alg",20,15.2
"1557",153,503931.1666625,576593.345547386,656490.822994678,"Alg",20,15.3
"1558",154,503309.057819945,576143.192685511,656588.591538502,"Alg",20,15.4
"1559",155,502390.218710649,575695.54008658,656954.083157348,"Alg",20,15.5
"1560",156,501363.089884225,575283.409310214,656946.477333135,"Alg",20,15.6
"1561",157,500588.016565359,574783.977213325,657257.979792591,"Alg",20,15.7
"1562",158,499490.260478987,574225.227925243,657745.709551835,"Alg",20,15.8
"1563",159,498682.980102617,573762.889536157,657947.603469426,"Alg",20,15.9
"1564",160,497577.300255443,573195.848805623,658327.368417292,"Alg",20,16
"1565",161,496561.292449335,572643.304530774,658827.245160925,"Alg",20,16.1
"1566",162,495542.512645486,572142.129536594,659181.174216393,"Alg",20,16.2
"1567",163,494290.030447837,571519.314021965,659479.408578363,"Alg",20,16.3
"1568",164,493120.495262587,570760.669585981,659683.473907427,"Alg",20,16.4
"1569",165,491681.566637262,570126.771582384,660116.887942384,"Alg",20,16.5
"1570",166,490170.915203224,569290.325449618,660211.694028486,"Alg",20,16.6
"1571",167,489157.939642863,568621.341327839,660678.493144169,"Alg",20,16.7
"1572",168,487737.779879496,567897.244992951,661418.170518629,"Alg",20,16.8
"1573",169,486566.502134608,567135.493696234,661591.831413376,"Alg",20,16.9
"1574",170,485023.635305454,566374.293555563,662067.066020026,"Alg",20,17
"1575",171,483816.230207294,565685.055311598,662280.884680979,"Alg",20,17.1
"1576",172,482506.82241128,564982.578656894,662918.078971352,"Alg",20,17.2
"1577",173,481147.590988064,564217.245867246,663195.164222188,"Alg",20,17.3
"1578",174,479659.800035318,563506.92469417,663124.437976062,"Alg",20,17.4
"1579",175,478443.685642924,562735.635990487,663601.711839924,"Alg",20,17.5
"1580",176,477091.579848925,561942.315280104,664004.815993258,"Alg",20,17.6
"1581",177,475666.200878905,561104.057355736,664398.519207303,"Alg",20,17.7
"1582",178,474327.371535436,560216.209177431,664602.851301192,"Alg",20,17.8
"1583",179,473034.903396681,559264.941035095,664585.527539618,"Alg",20,17.9
"1584",180,471768.023057451,558290.389010915,664483.787828849,"Alg",20,18
"1585",181,470581.787121381,557367.879125597,664793.340046186,"Alg",20,18.1
"1586",182,469261.358535329,556401.729110849,664551.25631174,"Alg",20,18.2
"1587",183,467885.919642479,555436.107261129,664375.162753573,"Alg",20,18.3
"1588",184,466813.397118654,554450.553803518,664382.956691118,"Alg",20,18.4
"1589",185,465550.808004226,553452.248679874,664301.839341142,"Alg",20,18.5
"1590",186,464061.68116575,552490.103626741,664236.302458456,"Alg",20,18.6
"1591",187,462684.943889593,551514.075494305,664326.406133771,"Alg",20,18.7
"1592",188,461200.020747946,550541.409010404,663919.009036491,"Alg",20,18.8
"1593",189,460021.077547032,549470.861924236,663352.253253632,"Alg",20,18.9
"1594",190,458665.774588058,548352.592112822,663161.373227932,"Alg",20,19
"1595",191,457618.517579936,547355.819739865,662819.661883446,"Alg",20,19.1
"1596",192,456353.267953044,546236.164500364,662477.728349785,"Alg",20,19.2
"1597",193,455171.14929552,545127.803995713,661822.570533094,"Alg",20,19.3
"1598",194,453724.525714402,544124.15780731,661298.268208874,"Alg",20,19.4
"1599",195,452379.690183421,543052.761272943,660553.744863602,"Alg",20,19.5
"1600",196,451176.147541362,542040.536083675,659890.7225992,"Alg",20,19.6
"1601",197,449835.761015717,541000.453078885,659343.483212504,"Alg",20,19.7
"1602",198,448677.872709586,539920.097144855,658615.750630318,"Alg",20,19.8
"1603",199,447373.018478421,538829.951523518,657918.491714867,"Alg",20,19.9
"1604",200,446305.65229409,537773.721288967,657032.846084248,"Alg",20,20
"1605",201,445096.92796463,536663.877877553,656241.614866752,"Alg",20,20.1
"1606",202,444087.92463848,535545.254199403,655438.68594037,"Alg",20,20.2
"1607",203,442959.259333397,534397.282751846,654372.128601978,"Alg",20,20.3
"1608",204,441822.2308683,533290.416264525,653254.418529751,"Alg",20,20.4
"1609",205,440483.124178904,532088.782304618,652227.523702225,"Alg",20,20.5
"1610",206,439418.171425338,530865.596847858,651173.836418061,"Alg",20,20.6
"1611",207,438230.060693201,529661.243622623,649816.335864021,"Alg",20,20.7
"1612",208,436977.266002737,528512.510630557,648692.684542689,"Alg",20,20.8
"1613",209,435962.829478876,527327.011747811,647697.90550983,"Alg",20,20.9
"1614",210,434811.471282514,526206.316269274,646501.332388744,"Alg",20,21
"1615",211,433813.153989542,524980.31814925,645439.873624154,"Alg",20,21.1
"1616",212,432945.802092537,523777.249831625,643909.888189654,"Alg",20,21.2
"1617",213,431846.435765863,522653.572463568,642769.027428423,"Alg",20,21.3
"1618",214,430871.269421871,521371.647360996,641744.264958716,"Alg",20,21.4
"1619",215,429614.277847523,520122.61839391,640096.874649543,"Alg",20,21.5
"1620",216,428607.136440375,518912.000737342,638725.914809247,"Alg",20,21.6
"1621",217,427631.545665006,517746.857058655,637123.002854478,"Alg",20,21.7
"1622",218,426808.112502367,516466.987036155,635641.783368797,"Alg",20,21.8
"1623",219,425625.851549143,515173.278053351,634301.818545152,"Alg",20,21.9
"1624",220,424677.845091186,513856.094221463,632795.719584254,"Alg",20,22
"1625",221,423651.501644933,512624.060373667,631391.361999759,"Alg",20,22.1
"1626",222,422584.608074868,511335.205261191,629681.132493951,"Alg",20,22.2
"1627",223,421698.818279871,510027.798862943,627786.520576507,"Alg",20,22.3
"1628",224,420753.868859037,508760.732261105,626102.148537388,"Alg",20,22.4
"1629",225,419836.287329999,507485.2076961,624515.747111558,"Alg",20,22.5
"1630",226,419023.194369703,506266.157050562,622863.493840817,"Alg",20,22.6
"1631",227,418170.630964986,505037.855645856,620794.357888488,"Alg",20,22.7
"1632",228,417163.782153543,503755.880679376,619026.838294487,"Alg",20,22.8
"1633",229,416212.859784931,502393.910417247,617263.664135572,"Alg",20,22.9
"1634",230,415395.906379182,501114.616220568,615620.237018988,"Alg",20,23
"1635",231,414455.947323139,499763.033816669,613827.962157935,"Alg",20,23.1
"1636",232,413526.301194537,498472.673522962,611948.476231332,"Alg",20,23.2
"1637",233,412653.703778204,497078.733074732,609817.52272567,"Alg",20,23.3
"1638",234,411822.542619641,495824.621158766,607799.100560641,"Alg",20,23.4
"1639",235,411053.147576384,494380.007518476,605814.101821719,"Alg",20,23.5
"1640",236,410246.028846208,493050.883074276,603909.672037345,"Alg",20,23.6
"1641",237,409384.943223825,491686.193780715,601814.204320079,"Alg",20,23.7
"1642",238,408465.136531975,490331.260304271,599728.695601404,"Alg",20,23.8
"1643",239,407482.965445852,488961.350131834,597374.627292043,"Alg",20,23.9
"1644",240,406356.461499965,487687.398081233,595170.953534446,"Alg",20,24
"1645",241,405425.376180342,486299.478478001,593095.488611026,"Alg",20,24.1
"1646",242,404539.661448903,484891.237842639,590785.757384916,"Alg",20,24.2
"1647",243,403566.834471324,483537.500734502,588490.158551601,"Alg",20,24.3
"1648",244,402648.920884824,482217.913994421,585801.749347997,"Alg",20,24.4
"1649",245,401656.692883844,480836.112067343,583183.461067828,"Alg",20,24.5
"1650",246,400819.809123214,479518.343774167,580983.304146605,"Alg",20,24.6
"1651",247,399883.346895904,478094.693122899,578501.257455097,"Alg",20,24.7
"1652",248,398747.645143593,476778.00660301,576428.751768386,"Alg",20,24.8
"1653",249,397835.280885889,475377.32021297,574187.792310645,"Alg",20,24.9
"1654",250,397049.115989686,474081.247494622,571966.539453729,"Alg",20,25
"1655",251,396235.542712576,472622.83630899,569255.494446944,"Alg",20,25.1
"1656",252,395280.413510025,471225.163878225,566841.777285883,"Alg",20,25.2
"1657",253,394373.450338115,469814.667988075,564158.452852305,"Alg",20,25.3
"1658",254,393395.7581308,468448.135584601,561823.614725241,"Alg",20,25.4
"1659",255,392386.936530264,466967.849455964,559501.148448176,"Alg",20,25.5
"1660",256,391441.37151633,465447.692996294,556940.199011866,"Alg",20,25.6
"1661",257,390435.598937968,463981.535644794,554600.765659672,"Alg",20,25.7
"1662",258,389464.217733649,462587.241471574,552174.514441137,"Alg",20,25.8
"1663",259,388460.104051584,461128.276205037,549812.831085302,"Alg",20,25.9
"1664",260,387480.564534266,459720.450877043,547706.614236602,"Alg",20,26
"1665",261,386510.405419025,458289.820581727,545230.636805691,"Alg",20,26.1
"1666",262,385243.365218465,456883.486833487,543089.621697399,"Alg",20,26.2
"1667",263,383983.806780401,455423.644042622,540491.62173965,"Alg",20,26.3
"1668",264,382951.072900174,454041.448488589,538146.470233451,"Alg",20,26.4
"1669",265,381700.219492271,452581.24684745,535800.396794815,"Alg",20,26.5
"1670",266,380831.519432598,451208.175437484,533450.407428279,"Alg",20,26.6
"1671",267,379777.612310975,449765.008295883,531041.824343337,"Alg",20,26.7
"1672",268,378869.251704797,448294.042231897,528826.474847895,"Alg",20,26.8
"1673",269,377728.776100674,446822.561711231,526575.980234764,"Alg",20,26.9
"1674",270,375966.028107731,445325.901946601,524268.899901321,"Alg",20,27
"1675",271,374851.18796503,443822.278695163,522119.72581994,"Alg",20,27.1
"1676",272,373599.342277805,442417.461083004,519830.848392346,"Alg",20,27.2
"1677",273,372483.248080785,440773.98246448,517526.313970919,"Alg",20,27.3
"1678",274,371184.326965471,439119.299967013,515579.987119687,"Alg",20,27.4
"1679",275,369774.288528499,437643.187742942,513706.70135125,"Alg",20,27.5
"1680",276,368516.592917753,436140.324041948,511488.128167145,"Alg",20,27.6
"1681",277,367052.314127303,434722.96469173,509533.620157503,"Alg",20,27.7
"1682",278,365630.0428206,433283.753079631,507166.754165487,"Alg",20,27.8
"1683",279,364158.111531589,431778.48273607,504971.192240052,"Alg",20,27.9
"1684",280,362620.522716816,430270.775211229,502697.467459142,"Alg",20,28
"1685",281,361408.173096529,428783.15839707,500559.004879198,"Alg",20,28.1
"1686",282,359599.066033129,427253.43056538,498383.334152158,"Alg",20,28.2
"1687",283,358021.954678727,425629.126451041,496510.618329745,"Alg",20,28.3
"1688",284,356457.37839797,424134.167914054,494417.315386446,"Alg",20,28.4
"1689",285,354856.056279719,422595.725106063,492574.372963485,"Alg",20,28.5
"1690",286,353068.557435332,421123.492760315,490656.682568235,"Alg",20,28.6
"1691",287,351467.10536175,419605.353333522,488538.399768841,"Alg",20,28.7
"1692",288,349569.253152264,418053.335027303,486402.362505562,"Alg",20,28.8
"1693",289,347683.396353993,416625.078976029,484914.749955351,"Alg",20,28.9
"1694",290,346212.512501109,415076.243162835,483228.869793014,"Alg",20,29
"1695",291,344457.501681814,413551.182528276,481550.771948457,"Alg",20,29.1
"1696",292,342802.370945191,412001.29354891,479995.543070258,"Alg",20,29.2
"1697",293,340792.478550672,410500.430026432,478267.660154779,"Alg",20,29.3
"1698",294,339117.072078454,409017.10298446,476705.866696697,"Alg",20,29.4
"1699",295,337152.741713391,407386.362528677,475114.648722069,"Alg",20,29.5
"1700",296,335272.948335637,405814.822555074,473654.447201199,"Alg",20,29.6
"1701",297,333382.419757833,404233.366136648,472111.785938281,"Alg",20,29.7
"1702",298,331409.965896082,402767.874758674,470583.311012574,"Alg",20,29.8
"1703",299,329907.241909516,401230.942327988,469274.175252123,"Alg",20,29.9
"1704",300,328048.57567677,399664.0765496,467709.764850726,"Alg",20,30
"1705",301,326100.650767576,398128.282092609,466119.295785401,"Alg",20,30.1
"1706",302,324094.571571771,396638.55308004,464786.959635476,"Alg",20,30.2
"1707",303,322127.484624221,395101.292690724,463316.873369089,"Alg",20,30.3
"1708",304,320113.28028607,393490.414009123,461814.269705583,"Alg",20,30.4
"1709",305,318128.68715315,392012.904764358,460573.30553567,"Alg",20,30.5
"1710",306,316357.242104451,390454.881222588,459098.234962412,"Alg",20,30.6
"1711",307,314656.885666788,388899.291867836,457565.155142717,"Alg",20,30.7
"1712",308,312761.000762769,387391.987719265,456220.386380448,"Alg",20,30.8
"1713",309,310460.22726083,385924.480984802,454466.615476481,"Alg",20,30.9
"1714",310,308199.255136764,384421.014214062,453211.668926147,"Alg",20,31
"1715",311,306080.513632142,382848.496951478,451746.203405433,"Alg",20,31.1
"1716",312,304217.135356406,381371.51858332,450350.45728316,"Alg",20,31.2
"1717",313,301882.178993866,379823.251204457,449156.187932007,"Alg",20,31.3
"1718",314,299578.087322685,378249.822630274,447942.742448985,"Alg",20,31.4
"1719",315,297221.180301697,376785.267240098,446846.049583821,"Alg",20,31.5
"1720",316,295060.292223808,375255.737566748,445752.547449603,"Alg",20,31.6
"1721",317,292897.064254626,373753.074486246,444577.843090816,"Alg",20,31.7
"1722",318,290516.735886888,372206.526419234,443391.959472658,"Alg",20,31.8
"1723",319,288044.872564818,370697.2692552,442341.130276785,"Alg",20,31.9
"1724",320,285900.008451087,369136.12915281,441052.95356512,"Alg",20,32
"1725",321,283567.208086271,367643.758620701,440256.541764665,"Alg",20,32.1
"1726",322,281322.637014593,366190.336719044,439243.233546593,"Alg",20,32.2
"1727",323,279204.65520913,364703.821375521,438235.710268071,"Alg",20,32.3
"1728",324,277322.314311977,363225.643678513,437101.0633635,"Alg",20,32.4
"1729",325,275356.362868488,361760.612818654,436075.163078215,"Alg",20,32.5
"1730",326,273315.273016855,360191.371060708,435064.355868521,"Alg",20,32.6
"1731",327,271216.977627878,358694.358657178,433998.614259886,"Alg",20,32.7
"1732",328,268863.08415228,357240.533795784,432729.296614835,"Alg",20,32.8
"1733",329,266715.032912917,355781.101719226,431794.032000191,"Alg",20,32.9
"1734",330,264576.444557985,354269.080067243,430696.519803411,"Alg",20,33
"1735",331,262202.097025709,352790.133106896,429559.508032248,"Alg",20,33.1
"1736",332,260124.007241672,351160.607092927,428694.082073381,"Alg",20,33.2
"1737",333,257834.635726782,349592.467023646,427686.462052349,"Alg",20,33.3
"1738",334,255860.43712934,348111.73831632,426795.911489454,"Alg",20,33.4
"1739",335,253484.923291681,346549.819544088,425967.935321847,"Alg",20,33.5
"1740",336,251398.782046356,344999.085846325,425024.778174368,"Alg",20,33.6
"1741",337,249357.915670821,343523.20481406,424132.766527794,"Alg",20,33.7
"1742",338,247317.727336712,342030.772466774,423193.907576653,"Alg",20,33.8
"1743",339,245197.030054182,340456.406290239,421997.897434143,"Alg",20,33.9
"1744",340,242926.913160551,338955.229270404,421139.682422428,"Alg",20,34
"1745",341,240793.379907877,337450.291338714,420402.452402827,"Alg",20,34.1
"1746",342,238591.999829177,335933.283051318,419708.789787335,"Alg",20,34.2
"1747",343,236684.245593875,334362.018735673,419104.889313396,"Alg",20,34.3
"1748",344,234291.792716749,332934.908114854,418223.475497599,"Alg",20,34.4
"1749",345,232248.948025459,331457.574558901,417390.586975894,"Alg",20,34.5
"1750",346,230048.512548499,329923.737094593,416558.3303695,"Alg",20,34.6
"1751",347,227927.775966395,328412.06305042,415577.339460228,"Alg",20,34.7
"1752",348,225808.859111858,326876.731724259,414629.610495652,"Alg",20,34.8
"1753",349,223694.230726634,325382.83955943,413827.325185301,"Alg",20,34.9
"1754",350,221551.940174732,323936.092138745,413027.913872368,"Alg",20,35
"1755",351,219378.439779744,322452.920653602,412200.940802782,"Alg",20,35.1
"1756",1,0.0831258237999907,0.213877177295998,0.430822941379138,"Daph",20,0.1
"1757",2,0.0797293272496511,0.202352664605723,0.397563785076302,"Daph",20,0.2
"1758",3,0.0768005665650342,0.191754421171148,0.370172508880466,"Daph",20,0.3
"1759",4,0.073750852635252,0.181452333655681,0.345835675039516,"Daph",20,0.4
"1760",5,0.0705088126199607,0.172275586729877,0.32509283839737,"Daph",20,0.5
"1761",6,0.0675327518403736,0.163780330698516,0.30837252590503,"Daph",20,0.6
"1762",7,0.0651502487018296,0.156114732783912,0.29305805321253,"Daph",20,0.7
"1763",8,0.0623818943088395,0.149011756994344,0.280077362601307,"Daph",20,0.8
"1764",9,0.0597741002724545,0.142689359034306,0.268169131623657,"Daph",20,0.9
"1765",10,0.0575193523356789,0.136966487964761,0.258110323759654,"Daph",20,1
"1766",11,0.0552374164363915,0.131766114938617,0.249322470348836,"Daph",20,1.1
"1767",12,0.0532886248799528,0.126712079681446,0.240100344148977,"Daph",20,1.2
"1768",13,0.0511643068834151,0.122061098073712,0.233026313795373,"Daph",20,1.3
"1769",14,0.0489529838013971,0.11781436816792,0.226348396247784,"Daph",20,1.4
"1770",15,0.0467255505468736,0.11383749710229,0.219784076910678,"Daph",20,1.5
"1771",16,0.0448282900027456,0.110212942561027,0.214503790321328,"Daph",20,1.6
"1772",17,0.0431841175773036,0.106969182663247,0.209982652613897,"Daph",20,1.7
"1773",18,0.041590511842993,0.104105637372602,0.206208014815491,"Daph",20,1.8
"1774",19,0.0398262997495126,0.101414747171427,0.202418147312935,"Daph",20,1.9
"1775",20,0.0381988524545964,0.0988552045136863,0.199051871079305,"Daph",20,2
"1776",21,0.0367087380002638,0.096483620989774,0.196681421716057,"Daph",20,2.1
"1777",22,0.0353494811251862,0.0943084589826973,0.19449754129508,"Daph",20,2.2
"1778",23,0.0338322112495879,0.0923518392413673,0.192494170402967,"Daph",20,2.3
"1779",24,0.0325472395948915,0.0905060576976255,0.190705803532322,"Daph",20,2.4
"1780",25,0.0313591085615795,0.0889592430262497,0.189194789447368,"Daph",20,2.5
"1781",26,0.0304773566684308,0.0873434975704078,0.187579604252897,"Daph",20,2.6
"1782",27,0.0293549653133107,0.0861371141802689,0.186572704060635,"Daph",20,2.7
"1783",28,0.028448304597152,0.0848871594326299,0.185497427265487,"Daph",20,2.8
"1784",29,0.0276217228921014,0.0839653935520658,0.1849817494711,"Daph",20,2.9
"1785",30,0.0267961228380684,0.0830752882599281,0.184935733249041,"Daph",20,3
"1786",31,0.0260644047903946,0.0822272102006223,0.185067927979904,"Daph",20,3.1
"1787",32,0.0252490711412834,0.081641383896427,0.185549325706552,"Daph",20,3.2
"1788",33,0.0245982073724477,0.0811256917860799,0.18579508227622,"Daph",20,3.3
"1789",34,0.0240087986153688,0.0807302878516798,0.186212695279854,"Daph",20,3.4
"1790",35,0.0234103920746608,0.0802988689342,0.186800200781913,"Daph",20,3.5
"1791",36,0.0229170996800146,0.0800419902194897,0.188045515679293,"Daph",20,3.6
"1792",37,0.022608270854663,0.0799351816031234,0.188836521161104,"Daph",20,3.7
"1793",38,0.0222815143793919,0.0798183299367933,0.189659114940622,"Daph",20,3.8
"1794",39,0.0219747819479935,0.0798684367721091,0.191178168440657,"Daph",20,3.9
"1795",40,0.0217073946105165,0.0800124936781815,0.192644200261549,"Daph",20,4
"1796",41,0.0214646915727434,0.0801983382499614,0.194113962852553,"Daph",20,4.1
"1797",42,0.0211664798617338,0.0805234080613599,0.195881422194026,"Daph",20,4.2
"1798",43,0.0210122533530171,0.0809365364617835,0.197691079519444,"Daph",20,4.3
"1799",44,0.0209503240841139,0.0813939675194015,0.199798693699276,"Daph",20,4.4
"1800",45,0.0208110405058382,0.0819774854855517,0.202854908746263,"Daph",20,4.5
"1801",46,0.0207679726158437,0.0826925155449014,0.204966035164247,"Daph",20,4.6
"1802",47,0.0206850130773627,0.0834945593826168,0.208445541237476,"Daph",20,4.7
"1803",48,0.0207249791898927,0.084441609498799,0.210890890606914,"Daph",20,4.8
"1804",49,0.0208801119095773,0.0855156356524893,0.214509079502085,"Daph",20,4.9
"1805",50,0.0210559927785144,0.0866933043475999,0.217750701683718,"Daph",20,5
"1806",51,0.0211954937612552,0.0878909188701186,0.221223490333354,"Daph",20,5.1
"1807",52,0.0213714311735788,0.089209594585093,0.224864559683556,"Daph",20,5.2
"1808",53,0.0216323237018428,0.0907690653276635,0.228833480025467,"Daph",20,5.3
"1809",54,0.0219408117261581,0.0924821607794204,0.233331807384799,"Daph",20,5.4
"1810",55,0.0221769858487253,0.0942287915762627,0.237112759550203,"Daph",20,5.5
"1811",56,0.0224959125977416,0.0962181525698924,0.241731644445451,"Daph",20,5.6
"1812",57,0.022836021133698,0.0981226228384975,0.246594801009324,"Daph",20,5.7
"1813",58,0.0232373665910692,0.100373672147881,0.250960673092657,"Daph",20,5.8
"1814",59,0.0237780242531357,0.102764499518045,0.256354601661283,"Daph",20,5.9
"1815",60,0.0243713628580922,0.105132414073098,0.26056995943938,"Daph",20,6
"1816",61,0.0249792590906691,0.107771774076011,0.265868692978753,"Daph",20,6.1
"1817",62,0.0255692119038876,0.110547687277733,0.271105754592513,"Daph",20,6.2
"1818",63,0.0262600876783736,0.113528048584168,0.276883835535158,"Daph",20,6.3
"1819",64,0.0269713364843594,0.116643931106969,0.282964257684805,"Daph",20,6.4
"1820",65,0.027753296745063,0.119803973513216,0.288866624544466,"Daph",20,6.5
"1821",66,0.0285773473889059,0.123080559324496,0.294644715079871,"Daph",20,6.6
"1822",67,0.0295402187603251,0.126649344671463,0.301206089861432,"Daph",20,6.7
"1823",68,0.0305416872230039,0.130570780951931,0.307007577636501,"Daph",20,6.8
"1824",69,0.031794236944863,0.134759213892015,0.313443954491631,"Daph",20,6.9
"1825",70,0.0330142329627734,0.139010479364673,0.320191555438298,"Daph",20,7
"1826",71,0.0344712213241065,0.143617726018854,0.327514225250876,"Daph",20,7.1
"1827",72,0.0359231026943544,0.148504084766678,0.334657417893182,"Daph",20,7.2
"1828",73,0.0376871692171572,0.153506983271687,0.341738026975095,"Daph",20,7.3
"1829",74,0.0395007901441703,0.158736164534038,0.348978675784673,"Daph",20,7.4
"1830",75,0.0413496958067672,0.164483828166419,0.356457787397788,"Daph",20,7.5
"1831",76,0.0433779399514301,0.17033585062237,0.363453916931829,"Daph",20,7.6
"1832",77,0.045427035065362,0.17639275023537,0.37088264815285,"Daph",20,7.7
"1833",78,0.0479279693620022,0.182707482173686,0.379343547546232,"Daph",20,7.8
"1834",79,0.0505823703298501,0.189424194600477,0.387007350210906,"Daph",20,7.9
"1835",80,0.0532911327583788,0.196561775458917,0.394787475683748,"Daph",20,8
"1836",81,0.056344123441266,0.203638422452555,0.402668328616381,"Daph",20,8.1
"1837",82,0.0598755230659404,0.211133587258259,0.410330710477673,"Daph",20,8.2
"1838",83,0.0632859807731531,0.219330289470608,0.419424034812533,"Daph",20,8.3
"1839",84,0.067315474354299,0.227393727037508,0.427783962559359,"Daph",20,8.4
"1840",85,0.0714874238010357,0.235874835666927,0.436436864850808,"Daph",20,8.5
"1841",86,0.0757698806520408,0.244620063152019,0.444907964171193,"Daph",20,8.6
"1842",87,0.0806361747980584,0.253512921974778,0.454203849510356,"Daph",20,8.7
"1843",88,0.0855606295565896,0.262743509812601,0.463475265140778,"Daph",20,8.8
"1844",89,0.0912117964223377,0.271851300694065,0.473353109831979,"Daph",20,8.9
"1845",90,0.0972966920322237,0.28163494392203,0.48332701799982,"Daph",20,9
"1846",91,0.10371919885027,0.291688905506339,0.492269781432535,"Daph",20,9.1
"1847",92,0.109850938451453,0.302092413339497,0.501315453100516,"Daph",20,9.2
"1848",93,0.117409122720149,0.312839882999681,0.511463457078532,"Daph",20,9.3
"1849",94,0.124315342785061,0.323799525632407,0.520451772668969,"Daph",20,9.4
"1850",95,0.132892676379964,0.334596699709802,0.529417318245676,"Daph",20,9.5
"1851",96,0.141594549480902,0.345947394195749,0.539676487186308,"Daph",20,9.6
"1852",97,0.150235469479553,0.357858736701115,0.550788003397419,"Daph",20,9.7
"1853",98,0.15976635233237,0.369325358499621,0.560569809301667,"Daph",20,9.8
"1854",99,0.170323943328352,0.38129399068213,0.570683626430828,"Daph",20,9.9
"1855",100,0.181674890170483,0.393591319327732,0.581720471981826,"Daph",20,10
"1856",101,0.193264439376033,0.405950024223351,0.593918137371884,"Daph",20,10.1
"1857",102,0.205270641780861,0.417866593942711,0.604869670547102,"Daph",20,10.2
"1858",103,0.218471500191706,0.430362826029444,0.618043846709767,"Daph",20,10.3
"1859",104,0.231706788737264,0.442797966062569,0.630921862534074,"Daph",20,10.4
"1860",105,0.245405665013017,0.45577295634341,0.643936327180579,"Daph",20,10.5
"1861",106,0.259788960940254,0.468543216239007,0.656043595026363,"Daph",20,10.6
"1862",107,0.274233196191612,0.481574108926103,0.66921485450361,"Daph",20,10.7
"1863",108,0.287798745802424,0.494574315194358,0.682731310505378,"Daph",20,10.8
"1864",109,0.30241524939093,0.507927030853554,0.695553442969413,"Daph",20,10.9
"1865",110,0.316780077213837,0.521379885650388,0.707723410155436,"Daph",20,11
"1866",111,0.330382118260327,0.534641179760015,0.722658106800909,"Daph",20,11.1
"1867",112,0.346308945914079,0.548107576697444,0.736805493379465,"Daph",20,11.2
"1868",113,0.361358672824631,0.561398884024156,0.752735976348255,"Daph",20,11.3
"1869",114,0.376295494247093,0.57466049585517,0.766478660620552,"Daph",20,11.4
"1870",115,0.390657679146339,0.588022025473185,0.780812231043892,"Daph",20,11.5
"1871",116,0.404581026077395,0.600390431226291,0.797034927941492,"Daph",20,11.6
"1872",117,0.417200842901968,0.614268849528011,0.813632948754613,"Daph",20,11.7
"1873",118,0.429447655164337,0.627811371853152,0.829070981829497,"Daph",20,11.8
"1874",119,0.439731052385846,0.64122282181087,0.844598018858799,"Daph",20,11.9
"1875",120,0.450346864564309,0.654179403230475,0.860706649371967,"Daph",20,12
"1876",121,0.460066761660437,0.66702472701163,0.876806285163492,"Daph",20,12.1
"1877",122,0.469379806439082,0.679216946613953,0.892885669570291,"Daph",20,12.2
"1878",123,0.476910078445929,0.690815021458522,0.908518837056695,"Daph",20,12.3
"1879",124,0.485205623572412,0.703347600317451,0.924606166125637,"Daph",20,12.4
"1880",125,0.493852117738968,0.715143956001338,0.940248466100578,"Daph",20,12.5
"1881",126,0.501590924649862,0.726816315780612,0.956998839834082,"Daph",20,12.6
"1882",127,0.509928490327879,0.738119326217828,0.97351646803863,"Daph",20,12.7
"1883",128,0.51681397568519,0.748888591888129,0.988747464957082,"Daph",20,12.8
"1884",129,0.523554044132502,0.759884079257766,1.00330535914515,"Daph",20,12.9
"1885",130,0.530249847564626,0.769860526025945,1.01773162166835,"Daph",20,13
"1886",131,0.536291094154517,0.779484793932846,1.03065266203152,"Daph",20,13.1
"1887",132,0.542913906702875,0.788811469255719,1.04360077016443,"Daph",20,13.2
"1888",133,0.548851223731328,0.797769619047291,1.05921108286973,"Daph",20,13.3
"1889",134,0.555208350560078,0.806690453335567,1.07306907946938,"Daph",20,13.4
"1890",135,0.561489806388638,0.81498795570831,1.08424204065375,"Daph",20,13.5
"1891",136,0.567166120229833,0.82274343939934,1.0974678705424,"Daph",20,13.6
"1892",137,0.573285682910819,0.830675820093635,1.10721511545231,"Daph",20,13.7
"1893",138,0.579008059739738,0.83832211177938,1.11650456381652,"Daph",20,13.8
"1894",139,0.584235590738301,0.845009086611176,1.12632357926926,"Daph",20,13.9
"1895",140,0.589410963289962,0.851484198145132,1.13520992148496,"Daph",20,14
"1896",141,0.594451185734417,0.857811918111332,1.14279696568435,"Daph",20,14.1
"1897",142,0.599503952554063,0.863616503784227,1.14995862082834,"Daph",20,14.2
"1898",143,0.604216777440437,0.869084788299538,1.1584135900931,"Daph",20,14.3
"1899",144,0.609069325375799,0.874119041491629,1.16455578764764,"Daph",20,14.4
"1900",145,0.61353152716062,0.87909773949993,1.17031245111856,"Daph",20,14.5
"1901",146,0.617713393020365,0.883876833418997,1.175166469491,"Daph",20,14.6
"1902",147,0.621949376992716,0.888499136713815,1.17861899256537,"Daph",20,14.7
"1903",148,0.626684676964594,0.892550851756228,1.18137091555379,"Daph",20,14.8
"1904",149,0.631378327962287,0.896006474631533,1.1845557060475,"Daph",20,14.9
"1905",150,0.63566874003239,0.899389530160457,1.18597350834239,"Daph",20,15
"1906",151,0.639916978342907,0.902822688010538,1.18702664433735,"Daph",20,15.1
"1907",152,0.64341044322181,0.90563504004667,1.18882588030191,"Daph",20,15.2
"1908",153,0.647364946834398,0.90803970047695,1.19011892039373,"Daph",20,15.3
"1909",154,0.651686752577754,0.910382394125266,1.18952553310678,"Daph",20,15.4
"1910",155,0.65537929342792,0.912690248053441,1.18995090266662,"Daph",20,15.5
"1911",156,0.65884356831736,0.914272539160225,1.18873178009994,"Daph",20,15.6
"1912",157,0.662458127966852,0.915923125730373,1.18810755484985,"Daph",20,15.7
"1913",158,0.665869694918592,0.917347502416926,1.18748753436356,"Daph",20,15.8
"1914",159,0.669640483383604,0.918632480191146,1.18545880539029,"Daph",20,15.9
"1915",160,0.672944995868136,0.919669163944442,1.18323694947776,"Daph",20,16
"1916",161,0.676197600884415,0.92069954144362,1.18077793463386,"Daph",20,16.1
"1917",162,0.67947972567177,0.921326757073966,1.1791054234994,"Daph",20,16.2
"1918",163,0.682242010478039,0.92164729352456,1.17697470103796,"Daph",20,16.3
"1919",164,0.685149152399747,0.922076897457601,1.17346039847196,"Daph",20,16.4
"1920",165,0.687684006566208,0.922370672432969,1.16893588913887,"Daph",20,16.5
"1921",166,0.690602073262768,0.92257069623281,1.16519447876943,"Daph",20,16.6
"1922",167,0.693087506309739,0.922484802476295,1.1603768501289,"Daph",20,16.7
"1923",168,0.695055060495204,0.92190456308995,1.15685660687333,"Daph",20,16.8
"1924",169,0.697247744827337,0.921273692238338,1.15230302028638,"Daph",20,16.9
"1925",170,0.699428388443368,0.920712060821182,1.14727546280252,"Daph",20,17
"1926",171,0.70149637869313,0.919915365843343,1.14242023558324,"Daph",20,17.1
"1927",172,0.703765391768398,0.918987783945953,1.13751747618981,"Daph",20,17.2
"1928",173,0.705073455406926,0.917808197339045,1.13220087381212,"Daph",20,17.3
"1929",174,0.706381937386987,0.916875133974736,1.12661430648973,"Daph",20,17.4
"1930",175,0.707749046127348,0.915557090100977,1.12143310005306,"Daph",20,17.5
"1931",176,0.70879244178295,0.914039905831019,1.1161188586139,"Daph",20,17.6
"1932",177,0.710065063201373,0.912642573012268,1.11098312997437,"Daph",20,17.7
"1933",178,0.710835391684891,0.910777417055368,1.10544483808385,"Daph",20,17.8
"1934",179,0.711547732766738,0.909066954525721,1.10044114400688,"Daph",20,17.9
"1935",180,0.712154239452341,0.907022420129009,1.09649773035333,"Daph",20,18
"1936",181,0.713093615115598,0.904753882783786,1.092230339561,"Daph",20,18.1
"1937",182,0.712189319043093,0.902425406089419,1.08637053843879,"Daph",20,18.2
"1938",183,0.712296214948722,0.900268592912761,1.08079360871678,"Daph",20,18.3
"1939",184,0.71228480252666,0.897991860552425,1.07596458775918,"Daph",20,18.4
"1940",185,0.71333626187785,0.895539702315841,1.07072126687387,"Daph",20,18.5
"1941",186,0.712744924291772,0.892858654245884,1.06519237531541,"Daph",20,18.6
"1942",187,0.711719745539548,0.890399609981044,1.06068470846254,"Daph",20,18.7
"1943",188,0.711210603571058,0.887632164726953,1.05559783678376,"Daph",20,18.8
"1944",189,0.709672842518944,0.884896450759295,1.05089711073122,"Daph",20,18.9
"1945",190,0.709346129829723,0.881811392276946,1.04566423900407,"Daph",20,19
"1946",191,0.708225444421986,0.879029865427686,1.04129777537015,"Daph",20,19.1
"1947",192,0.707139577842643,0.875830964013115,1.0367192479279,"Daph",20,19.2
"1948",193,0.705582972337657,0.872762259675258,1.03234850938265,"Daph",20,19.3
"1949",194,0.704271787825837,0.869727079584338,1.02728022586591,"Daph",20,19.4
"1950",195,0.70202027003598,0.866379284096123,1.02333942151716,"Daph",20,19.5
"1951",196,0.700425400355914,0.863266797981974,1.01918356358069,"Daph",20,19.6
"1952",197,0.698447123849711,0.860178316119958,1.01481272894856,"Daph",20,19.7
"1953",198,0.696121337347606,0.856654589446382,1.01134179148643,"Daph",20,19.8
"1954",199,0.69390569099721,0.853104278440698,1.00843881415117,"Daph",20,19.9
"1955",200,0.691537607022088,0.849608982407376,1.00501615452446,"Daph",20,20
"1956",201,0.689023428811632,0.846105293281791,1.00091518912407,"Daph",20,20.1
"1957",202,0.686599958519177,0.84251934212663,0.997351096224738,"Daph",20,20.2
"1958",203,0.684227268325903,0.838976502019626,0.993979381161073,"Daph",20,20.3
"1959",204,0.681825432399808,0.835513484272527,0.990465370290078,"Daph",20,20.4
"1960",205,0.678608643516553,0.831763426256082,0.987387547908374,"Daph",20,20.5
"1961",206,0.675532754497579,0.828085159392448,0.984208221301844,"Daph",20,20.6
"1962",207,0.672185142277851,0.824113606197663,0.98116306425652,"Daph",20,20.7
"1963",208,0.669794306296721,0.820362592854477,0.978270277788054,"Daph",20,20.8
"1964",209,0.666737725635608,0.81637489365919,0.975283111102845,"Daph",20,20.9
"1965",210,0.663082418172511,0.812439947125124,0.971431973126554,"Daph",20,21
"1966",211,0.659315919579638,0.808575717134367,0.967909080315409,"Daph",20,21.1
"1967",212,0.655723065322932,0.804553885433363,0.96372082995835,"Daph",20,21.2
"1968",213,0.651705918314011,0.800491464250602,0.959808515318269,"Daph",20,21.3
"1969",214,0.647502289649513,0.796540793131731,0.956706660145812,"Daph",20,21.4
"1970",215,0.64376490431601,0.792606059812812,0.95345768598139,"Daph",20,21.5
"1971",216,0.639836920689151,0.788596596777181,0.950350712093888,"Daph",20,21.6
"1972",217,0.635806590243259,0.78462221663222,0.94740817040415,"Daph",20,21.7
"1973",218,0.631841405896642,0.780523796234073,0.944253042716193,"Daph",20,21.8
"1974",219,0.627348030919847,0.776143822146216,0.941222781430263,"Daph",20,21.9
"1975",220,0.623241407442707,0.771850111029066,0.937272313179427,"Daph",20,22
"1976",221,0.619031288801228,0.76781322844453,0.933331207464104,"Daph",20,22.1
"1977",222,0.614912803734628,0.763375179057955,0.93014151279007,"Daph",20,22.2
"1978",223,0.610543802777744,0.759094736148446,0.926015546179239,"Daph",20,22.3
"1979",224,0.606265608454554,0.754651545682896,0.922995151598984,"Daph",20,22.4
"1980",225,0.601696915191512,0.750478590103804,0.91946297021281,"Daph",20,22.5
"1981",226,0.597725718692647,0.745959506653285,0.916116641906183,"Daph",20,22.6
"1982",227,0.593747166828125,0.741440618539352,0.912294240150934,"Daph",20,22.7
"1983",228,0.589666452456492,0.73684246830621,0.90868665770464,"Daph",20,22.8
"1984",229,0.585323769526894,0.732454853800478,0.904996232867398,"Daph",20,22.9
"1985",230,0.58018976636201,0.728052480209748,0.901040979216354,"Daph",20,23
"1986",231,0.575274539929668,0.723750245185379,0.896653397944607,"Daph",20,23.1
"1987",232,0.570612926672964,0.719416087797194,0.892746046220429,"Daph",20,23.2
"1988",233,0.565896708531887,0.714968666779526,0.888279497899765,"Daph",20,23.3
"1989",234,0.561815017104133,0.71044173215951,0.885118086939473,"Daph",20,23.4
"1990",235,0.557247407164995,0.706050176021341,0.880212178463016,"Daph",20,23.5
"1991",236,0.553233552994381,0.701549902458213,0.875974036821067,"Daph",20,23.6
"1992",237,0.548423023216814,0.696836545505826,0.87179470282501,"Daph",20,23.7
"1993",238,0.544174440476924,0.692446787666334,0.867789153596827,"Daph",20,23.8
"1994",239,0.53948985479969,0.687753796281764,0.863194670911022,"Daph",20,23.9
"1995",240,0.535445771310818,0.683144760004424,0.859171680610466,"Daph",20,24
"1996",241,0.530737715945835,0.678605005533055,0.854325783227414,"Daph",20,24.1
"1997",242,0.526588920534068,0.674012734353981,0.84958105332342,"Daph",20,24.2
"1998",243,0.522068628632189,0.669285347555312,0.844558123916072,"Daph",20,24.3
"1999",244,0.517907305189524,0.664474933122507,0.840226622745514,"Daph",20,24.4
"2000",245,0.513442759600703,0.659889782800795,0.835964428952303,"Daph",20,24.5
"2001",246,0.509408903540626,0.655321409686852,0.831265074971999,"Daph",20,24.6
"2002",247,0.50537463583919,0.6504727082602,0.827333668066498,"Daph",20,24.7
"2003",248,0.501228458494737,0.645937821828839,0.822427858325556,"Daph",20,24.8
"2004",249,0.496619151475871,0.641214758386775,0.817006988363527,"Daph",20,24.9
"2005",250,0.492602100873732,0.636547468549114,0.811683876873531,"Daph",20,25
"2006",251,0.488691642165463,0.631912340070177,0.807299191911595,"Daph",20,25.1
"2007",252,0.484421570797469,0.627227787601921,0.802291577233294,"Daph",20,25.2
"2008",253,0.479882168381106,0.622454733665608,0.797182463804118,"Daph",20,25.3
"2009",254,0.475447790718167,0.61771727066338,0.791826251835148,"Daph",20,25.4
"2010",255,0.471118348121509,0.613018090584174,0.786825712388155,"Daph",20,25.5
"2011",256,0.466676080489775,0.608269397002931,0.782226315856907,"Daph",20,25.6
"2012",257,0.462324879607132,0.603763014566478,0.777764482197319,"Daph",20,25.7
"2013",258,0.458331214879813,0.598902153586307,0.772584198353117,"Daph",20,25.8
"2014",259,0.453678939170524,0.5944104390382,0.767717207660212,"Daph",20,25.9
"2015",260,0.449361423573099,0.589756886736688,0.762861957691758,"Daph",20,26
"2016",261,0.444483776722857,0.585170796000034,0.757579883987807,"Daph",20,26.1
"2017",262,0.440435969866918,0.580447483447291,0.752907075565019,"Daph",20,26.2
"2018",263,0.436339549434639,0.575684196019806,0.747730177816857,"Daph",20,26.3
"2019",264,0.431882648087396,0.570953996160665,0.741791385139796,"Daph",20,26.4
"2020",265,0.426893074082121,0.566205624131611,0.736496899063375,"Daph",20,26.5
"2021",266,0.422659073572146,0.561200065347604,0.73141917734101,"Daph",20,26.6
"2022",267,0.418065958773083,0.556443623341648,0.726071143189434,"Daph",20,26.7
"2023",268,0.413354871955463,0.551830746316754,0.720768440136172,"Daph",20,26.8
"2024",269,0.408913210300947,0.547127814955151,0.715749061708612,"Daph",20,26.9
"2025",270,0.40434444547968,0.542322178566203,0.71096804707414,"Daph",20,27
"2026",271,0.39975403048694,0.537621190165965,0.70617447455331,"Daph",20,27.1
"2027",272,0.39502111687948,0.532967370201449,0.700829620007749,"Daph",20,27.2
"2028",273,0.391005975019015,0.52831800998708,0.695836569828078,"Daph",20,27.3
"2029",274,0.386319586829935,0.523403487495827,0.690498992806258,"Daph",20,27.4
"2030",275,0.38142330534442,0.518633194372614,0.685581051353727,"Daph",20,27.5
"2031",276,0.376768342375318,0.513969732426437,0.680268079224743,"Daph",20,27.6
"2032",277,0.372023979122176,0.509383074124083,0.674969640508167,"Daph",20,27.7
"2033",278,0.367201233636896,0.504580080736136,0.670248796254414,"Daph",20,27.8
"2034",279,0.362109201265968,0.500064671387144,0.665362250123261,"Daph",20,27.9
"2035",280,0.356827315537966,0.495287969273669,0.659841106652453,"Daph",20,28
"2036",281,0.351515320450749,0.490630648532199,0.654982756562157,"Daph",20,28.1
"2037",282,0.346495248915302,0.485898781079772,0.649904899817594,"Daph",20,28.2
"2038",283,0.341324894649256,0.481241021375515,0.644833408944553,"Daph",20,28.3
"2039",284,0.336059993968132,0.476501010539676,0.640132781526636,"Daph",20,28.4
"2040",285,0.331388745311066,0.471756099800427,0.635555398963826,"Daph",20,28.5
"2041",286,0.326394980793441,0.467174606767745,0.630678242131555,"Daph",20,28.6
"2042",287,0.321634626237356,0.462566156417236,0.626225620275216,"Daph",20,28.7
"2043",288,0.316860767445831,0.457745242047283,0.621102283935018,"Daph",20,28.8
"2044",289,0.311889097665848,0.45299212818842,0.616147965566387,"Daph",20,28.9
"2045",290,0.306879201916546,0.448357516899994,0.611168158718766,"Daph",20,29
"2046",291,0.301648790254562,0.443766665877859,0.606266094581876,"Daph",20,29.1
"2047",292,0.296107187791348,0.438822241590551,0.602225326948545,"Daph",20,29.2
"2048",293,0.290604652905519,0.434278251973108,0.597606483773168,"Daph",20,29.3
"2049",294,0.285621243907927,0.429654287376583,0.592811788625685,"Daph",20,29.4
"2050",295,0.28028240986677,0.424916427115589,0.587898408216,"Daph",20,29.5
"2051",296,0.275174388260878,0.420413929347668,0.583366382539864,"Daph",20,29.6
"2052",297,0.269879249634475,0.415830256091033,0.578667706861699,"Daph",20,29.7
"2053",298,0.264846933550013,0.411188497528307,0.574064242192489,"Daph",20,29.8
"2054",299,0.259961993552727,0.406663976702743,0.569983572059035,"Daph",20,29.9
"2055",300,0.254734336863276,0.402234426644969,0.565652909922613,"Daph",20,30
"2056",301,0.249935748737637,0.397782264746812,0.561168266528502,"Daph",20,30.1
"2057",302,0.244962044186105,0.393166892937304,0.556542817579159,"Daph",20,30.2
"2058",303,0.239647600908053,0.388520079659771,0.552588717087102,"Daph",20,30.3
"2059",304,0.234734704755688,0.383833447266528,0.548551661640266,"Daph",20,30.4
"2060",305,0.229615531928395,0.379113523868207,0.544867905879342,"Daph",20,30.5
"2061",306,0.224556707958147,0.374717953022319,0.541001463559217,"Daph",20,30.6
"2062",307,0.219458348725227,0.370156575724769,0.537323022514339,"Daph",20,30.7
"2063",308,0.214543233298873,0.365617056477307,0.532894073806648,"Daph",20,30.8
"2064",309,0.209601727868631,0.361177982656701,0.528953895885814,"Daph",20,30.9
"2065",310,0.204779706392777,0.356786893710731,0.524564108314093,"Daph",20,31
"2066",311,0.200311210908017,0.352375337580185,0.520556675008789,"Daph",20,31.1
"2067",312,0.195750117844641,0.347831696977515,0.516860518982343,"Daph",20,31.2
"2068",313,0.191328564701923,0.34330642890468,0.513218553125762,"Daph",20,31.3
"2069",314,0.186915448354604,0.339070214532762,0.509446323269515,"Daph",20,31.4
"2070",315,0.182233260044965,0.334470202364813,0.505875210999895,"Daph",20,31.5
"2071",316,0.177617145063111,0.330124906095954,0.501785580115889,"Daph",20,31.6
"2072",317,0.173203767671407,0.325764707995587,0.498011838433688,"Daph",20,31.7
"2073",318,0.168727085115851,0.321216081351967,0.494636422046788,"Daph",20,31.8
"2074",319,0.164143923658242,0.316926200362843,0.490787476636116,"Daph",20,31.9
"2075",320,0.159278071477792,0.312688584398696,0.486948894812974,"Daph",20,32
"2076",321,0.154868362386982,0.308369208596105,0.483496723508936,"Daph",20,32.1
"2077",322,0.150385704080789,0.304268294277321,0.479556012198838,"Daph",20,32.2
"2078",323,0.146948243227677,0.300086070824511,0.476196252714013,"Daph",20,32.3
"2079",324,0.142975219149712,0.295781429270067,0.473049243505482,"Daph",20,32.4
"2080",325,0.138637756037686,0.291490474978021,0.469874751712428,"Daph",20,32.5
"2081",326,0.134171906902976,0.287178761057172,0.466740598805231,"Daph",20,32.6
"2082",327,0.130164274149564,0.282904321955255,0.463458042031008,"Daph",20,32.7
"2083",328,0.126142673437938,0.278779565800437,0.460157970038297,"Daph",20,32.8
"2084",329,0.122611633692192,0.274539352895463,0.456640990599731,"Daph",20,32.9
"2085",330,0.118808638979399,0.270406131861867,0.454026790739639,"Daph",20,33
"2086",331,0.115033878479404,0.266204882289315,0.451050715657633,"Daph",20,33.1
"2087",332,0.111171868471711,0.262015672599849,0.446906316097078,"Daph",20,33.2
"2088",333,0.107500889999817,0.257685305849172,0.442955486062573,"Daph",20,33.3
"2089",334,0.103704440423926,0.253521176573773,0.440193088421947,"Daph",20,33.4
"2090",335,0.10003237196761,0.249280292890472,0.436602534860554,"Daph",20,33.5
"2091",336,0.0964140607259087,0.245245335108739,0.433526979858291,"Daph",20,33.6
"2092",337,0.092853320210146,0.241198847565609,0.430044649223747,"Daph",20,33.7
"2093",338,0.0895020612797771,0.237082855608779,0.426838219984783,"Daph",20,33.8
"2094",339,0.0863327854510075,0.233026050696219,0.42258926726209,"Daph",20,33.9
"2095",340,0.0828426995716195,0.228836639172877,0.419620569321629,"Daph",20,34
"2096",341,0.0792222173176432,0.224701034997545,0.416626334742529,"Daph",20,34.1
"2097",342,0.0760786190888651,0.220685607079662,0.413862414740763,"Daph",20,34.2
"2098",343,0.0729849159537796,0.216679521356998,0.410932720790895,"Daph",20,34.3
"2099",344,0.0701365613259965,0.212807400935067,0.408112930734071,"Daph",20,34.4
"2100",345,0.0674017668357623,0.208851096977043,0.405576153005949,"Daph",20,34.5
"2101",346,0.0645148046906732,0.204969386567886,0.402366190527695,"Daph",20,34.6
"2102",347,0.0617784022409934,0.200959418876161,0.399956426149239,"Daph",20,34.7
"2103",348,0.0589071293638681,0.197243701576964,0.397107516452341,"Daph",20,34.8
"2104",349,0.0560289864163024,0.193450846358015,0.39444533150018,"Daph",20,34.9
"2105",350,0.0534126234479891,0.189665807679426,0.391949945203029,"Daph",20,35
"2106",351,0.0509552772501891,0.186059908032965,0.389222318733452,"Daph",20,35.1
"2107",1,183670.903900327,215547.26340442,248938.958573155,"Alg",17,0.1
"2108",2,185027.430101656,216939.146512324,250352.17047931,"Alg",17,0.2
"2109",3,186427.038186964,218362.516641243,251860.572725424,"Alg",17,0.3
"2110",4,187786.461209784,219794.987958741,253348.365445477,"Alg",17,0.4
"2111",5,189147.286007047,221236.773606325,254805.824861127,"Alg",17,0.5
"2112",6,190522.395908175,222684.147069029,256262.458791863,"Alg",17,0.6
"2113",7,191949.311323265,224176.649169781,257824.39508945,"Alg",17,0.7
"2114",8,193410.054427593,225673.394642968,259438.520490191,"Alg",17,0.8
"2115",9,194902.032622357,227217.68810795,261044.154411748,"Alg",17,0.9
"2116",10,196377.246197519,228799.77317293,262650.544746385,"Alg",17,1
"2117",11,197972.120407848,230385.712633466,264302.999942264,"Alg",17,1.1
"2118",12,199563.528615134,231995.328605239,265955.584286452,"Alg",17,1.2
"2119",13,201177.076840522,233624.240296525,267613.336848819,"Alg",17,1.3
"2120",14,202755.73468151,235261.651799712,269289.799135681,"Alg",17,1.4
"2121",15,204389.689114398,236923.86121871,271006.927015534,"Alg",17,1.5
"2122",16,206081.429374324,238610.891898949,272738.437579849,"Alg",17,1.6
"2123",17,207715.372877123,240322.245508927,274498.677891832,"Alg",17,1.7
"2124",18,209444.481352812,242057.916031386,276259.896481064,"Alg",17,1.8
"2125",19,211168.669147369,243806.4005587,278035.129522759,"Alg",17,1.9
"2126",20,212908.924906503,245537.305358186,279841.546700269,"Alg",17,2
"2127",21,214654.541084708,247337.090004781,281537.470630186,"Alg",17,2.1
"2128",22,216400.43121805,249129.818230824,283307.034401897,"Alg",17,2.2
"2129",23,218196.558717257,250952.65059226,285132.211069117,"Alg",17,2.3
"2130",24,220029.132866554,252774.78658944,286977.699315218,"Alg",17,2.4
"2131",25,221867.8295394,254639.539557045,288791.179940913,"Alg",17,2.5
"2132",26,223680.205629034,256507.890233184,290703.753797765,"Alg",17,2.6
"2133",27,225485.802200968,258400.016223595,292595.225133039,"Alg",17,2.7
"2134",28,227361.112425689,260284.386280987,294471.553883904,"Alg",17,2.8
"2135",29,229259.140306545,262192.323912809,296327.838145403,"Alg",17,2.9
"2136",30,231103.393467701,264136.684925342,298268.614987796,"Alg",17,3
"2137",31,232989.308921346,266112.958721253,300229.544017355,"Alg",17,3.1
"2138",32,234887.461440126,268093.472409848,302198.424967042,"Alg",17,3.2
"2139",33,236786.620688316,270047.283449311,304212.052625739,"Alg",17,3.3
"2140",34,238684.186953662,272049.790285089,306304.009081059,"Alg",17,3.4
"2141",35,240689.566030165,274052.181426136,308359.120580322,"Alg",17,3.5
"2142",36,242754.488897295,276091.578154139,310496.487221839,"Alg",17,3.6
"2143",37,244767.068132611,278122.560557389,312594.933264443,"Alg",17,3.7
"2144",38,246778.975275881,280188.706359658,314686.19600416,"Alg",17,3.8
"2145",39,248832.862499098,282268.162820373,316683.052550775,"Alg",17,3.9
"2146",40,250964.779250262,284360.668025192,318832.67202198,"Alg",17,4
"2147",41,253041.252050549,286500.674816413,320924.515895393,"Alg",17,4.1
"2148",42,255174.901222625,288633.705846824,323077.229594933,"Alg",17,4.2
"2149",43,257307.790249534,290775.551826154,325242.238737618,"Alg",17,4.3
"2150",44,259465.734052703,292912.252016803,327409.418889723,"Alg",17,4.4
"2151",45,261631.220892718,295069.624051061,329607.414395577,"Alg",17,4.5
"2152",46,263814.773718287,297284.640086181,331790.966543533,"Alg",17,4.6
"2153",47,265996.896896764,299442.604987772,333968.601673052,"Alg",17,4.7
"2154",48,268258.989669756,301653.517906032,336141.247757652,"Alg",17,4.8
"2155",49,270507.6660827,303891.974199161,338402.19245481,"Alg",17,4.9
"2156",50,272771.010994896,306122.023036887,340670.532416195,"Alg",17,5
"2157",51,275068.649589135,308363.073075123,342989.951638182,"Alg",17,5.1
"2158",52,277384.206797282,310612.251325329,345225.059413715,"Alg",17,5.2
"2159",53,279648.462574778,312859.813590548,347459.322165658,"Alg",17,5.3
"2160",54,282010.075411741,315162.788497616,349692.710079274,"Alg",17,5.4
"2161",55,284262.486969135,317467.375260476,352026.415031465,"Alg",17,5.5
"2162",56,286569.631545532,319753.312569274,354297.986924547,"Alg",17,5.6
"2163",57,288895.143727724,322129.449683835,356634.158274168,"Alg",17,5.7
"2164",58,291151.210238194,324454.449567296,358975.370864074,"Alg",17,5.8
"2165",59,293455.923019345,326826.431854209,361363.773030493,"Alg",17,5.9
"2166",60,295915.473697934,329194.803275093,363729.567185103,"Alg",17,6
"2167",61,298263.010841261,331588.068063899,366175.599403021,"Alg",17,6.1
"2168",62,300516.691925788,333972.828558572,368547.98318465,"Alg",17,6.2
"2169",63,302869.13170442,336385.421308783,371050.616194539,"Alg",17,6.3
"2170",64,305206.748971486,338764.987572924,373503.214459832,"Alg",17,6.4
"2171",65,307465.999541914,341179.905338406,375988.990512843,"Alg",17,6.5
"2172",66,309850.623126359,343603.889916533,378514.152373498,"Alg",17,6.6
"2173",67,312209.076460006,346046.590616552,381001.054114501,"Alg",17,6.7
"2174",68,314690.5854716,348481.59095137,383486.97391924,"Alg",17,6.8
"2175",69,317220.987918852,350935.283979717,386021.034648805,"Alg",17,6.9
"2176",70,319604.686065279,353361.092903711,388577.739996806,"Alg",17,7
"2177",71,321960.500754923,355830.429237993,391065.249573402,"Alg",17,7.1
"2178",72,324466.815733748,358321.646685925,393671.033732857,"Alg",17,7.2
"2179",73,326851.026985549,360838.807360421,396377.931881354,"Alg",17,7.3
"2180",74,329347.553303884,363345.283501399,398891.196405532,"Alg",17,7.4
"2181",75,331800.208203695,365834.054854945,401515.117133077,"Alg",17,7.5
"2182",76,334277.411162794,368379.690129291,404225.235251411,"Alg",17,7.6
"2183",77,336745.02751538,370869.220555516,406794.057318177,"Alg",17,7.7
"2184",78,339255.25378671,373406.974557168,409402.107993361,"Alg",17,7.8
"2185",79,341734.839936834,375992.858329272,411969.861982488,"Alg",17,7.9
"2186",80,344227.81927332,378532.413552864,414548.850928108,"Alg",17,8
"2187",81,346583.595420771,381048.537542708,417113.987540985,"Alg",17,8.1
"2188",82,348983.770069488,383568.178212284,419789.587305083,"Alg",17,8.2
"2189",83,351349.80797557,386127.743499503,422464.019157274,"Alg",17,8.3
"2190",84,353802.519029982,388670.822789667,425229.410376991,"Alg",17,8.4
"2191",85,356415.522232787,391215.740748509,428106.185513264,"Alg",17,8.5
"2192",86,358917.597373328,393769.521095389,430797.882938767,"Alg",17,8.6
"2193",87,361374.335389567,396271.751077077,433566.22118348,"Alg",17,8.7
"2194",88,363834.402731633,398811.697633583,436356.88695495,"Alg",17,8.8
"2195",89,366292.308970356,401373.491227578,439011.096013917,"Alg",17,8.9
"2196",90,368766.989709963,403905.10841819,441841.992225984,"Alg",17,9
"2197",91,371246.909619675,406481.498816107,444675.353072342,"Alg",17,9.1
"2198",92,373734.605894914,409028.48339289,447354.282764883,"Alg",17,9.2
"2199",93,376111.898360853,411562.113042519,449962.909572657,"Alg",17,9.3
"2200",94,378520.588311432,414111.658906129,452651.578267836,"Alg",17,9.4
"2201",95,381009.654040853,416657.568801572,455424.842606092,"Alg",17,9.5
"2202",96,383425.533063195,419233.8998059,458115.413954318,"Alg",17,9.6
"2203",97,385863.167816282,421771.881350073,460753.208285278,"Alg",17,9.7
"2204",98,388246.11917237,424326.04099904,463349.11844483,"Alg",17,9.8
"2205",99,390665.974266109,426895.766663154,466008.661949675,"Alg",17,9.9
"2206",100,392992.337053099,429435.108199497,468712.964338582,"Alg",17,10
"2207",101,395393.7637824,431985.441114779,471548.88135801,"Alg",17,10.1
"2208",102,397780.915572768,434508.464118755,474222.099478844,"Alg",17,10.2
"2209",103,400188.092791465,437027.784713784,477098.406671937,"Alg",17,10.3
"2210",104,402500.454452854,439525.195908999,479918.352104325,"Alg",17,10.4
"2211",105,404758.286117237,442024.068161583,482585.336528193,"Alg",17,10.5
"2212",106,407009.013402847,444497.611514144,485232.861532164,"Alg",17,10.6
"2213",107,409283.600795215,447007.635419381,488028.692765598,"Alg",17,10.7
"2214",108,411571.616744388,449438.662181572,490776.440336437,"Alg",17,10.8
"2215",109,413891.612363317,451908.506520493,493478.835872037,"Alg",17,10.9
"2216",110,416271.866105694,454383.030705871,496129.074954239,"Alg",17,11
"2217",111,418565.13944359,456825.11907396,498755.36699493,"Alg",17,11.1
"2218",112,420760.50220965,459209.559721639,501367.332033751,"Alg",17,11.2
"2219",113,422964.495739174,461609.527123633,504037.517505642,"Alg",17,11.3
"2220",114,425125.896093043,464034.187048811,506834.884790798,"Alg",17,11.4
"2221",115,427402.963095359,466422.486816937,509409.770286592,"Alg",17,11.5
"2222",116,429514.889846309,468811.560784887,511938.975047486,"Alg",17,11.6
"2223",117,431684.49173557,471199.494640986,514572.991455469,"Alg",17,11.7
"2224",118,433730.79496524,473575.590853204,517042.807093271,"Alg",17,11.8
"2225",119,435838.265758264,475887.816856479,519724.80516977,"Alg",17,11.9
"2226",120,438002.304203147,478218.495267584,522346.827206824,"Alg",17,12
"2227",121,440114.305830259,480539.502303002,524938.155586977,"Alg",17,12.1
"2228",122,442116.167437104,482805.583914881,527531.246561169,"Alg",17,12.2
"2229",123,444177.745141973,485096.095315146,530132.959418229,"Alg",17,12.3
"2230",124,446167.499805501,487369.055141072,532646.972197898,"Alg",17,12.4
"2231",125,448169.910194173,489640.972507137,535165.39418966,"Alg",17,12.5
"2232",126,450213.980785473,491891.147795623,537609.052553035,"Alg",17,12.6
"2233",127,452269.670960298,494154.554664196,540100.187361817,"Alg",17,12.7
"2234",128,454254.963297722,496395.196103066,542617.399469189,"Alg",17,12.8
"2235",129,456317.433758622,498610.725092969,545064.541780545,"Alg",17,12.9
"2236",130,458259.438852297,500790.856183073,547405.201598972,"Alg",17,13
"2237",131,460224.903585751,502988.225657958,549799.199312905,"Alg",17,13.1
"2238",132,462145.888928623,505086.114002988,552243.122857907,"Alg",17,13.2
"2239",133,464078.292774254,507237.313225092,554582.836727801,"Alg",17,13.3
"2240",134,465970.919956425,509383.606074314,556890.409377208,"Alg",17,13.4
"2241",135,467825.583882011,511462.803332569,559174.231909262,"Alg",17,13.5
"2242",136,469720.650115276,513558.397413592,561553.839610227,"Alg",17,13.6
"2243",137,471530.501160118,515588.672538562,563842.146346065,"Alg",17,13.7
"2244",138,473297.137648369,517653.96192581,566038.314949529,"Alg",17,13.8
"2245",139,475066.336436188,519660.396885336,568302.630043174,"Alg",17,13.9
"2246",140,476954.911235216,521687.107662233,570571.39973956,"Alg",17,14
"2247",141,478682.688291174,523658.966755696,572791.245278466,"Alg",17,14.1
"2248",142,480457.318268323,525651.041685869,574901.162575162,"Alg",17,14.2
"2249",143,482245.636173937,527569.773272628,577075.173235771,"Alg",17,14.3
"2250",144,483939.48108929,529548.163683057,579203.083334635,"Alg",17,14.4
"2251",145,485605.879377321,531503.304408387,581309.784266185,"Alg",17,14.5
"2252",146,487237.817295604,533395.99977824,583530.525391263,"Alg",17,14.6
"2253",147,488878.927046249,535288.233199473,585649.568239758,"Alg",17,14.7
"2254",148,490533.9252735,537107.479816601,587718.413931278,"Alg",17,14.8
"2255",149,492065.021384716,538982.747739845,589778.95804384,"Alg",17,14.9
"2256",150,493564.038055999,540801.705449257,591750.611210454,"Alg",17,15
"2257",151,495131.635140473,542595.427214578,593807.370472004,"Alg",17,15.1
"2258",152,496689.987432039,544408.831464555,595850.18824352,"Alg",17,15.2
"2259",153,498191.795685475,546195.988554257,597612.82114492,"Alg",17,15.3
"2260",154,499614.196128081,547977.252278019,599532.425227035,"Alg",17,15.4
"2261",155,501131.31601391,549716.372947352,601246.219911128,"Alg",17,15.5
"2262",156,502557.970638999,551341.238325995,603229.825083912,"Alg",17,15.6
"2263",157,504051.649416024,553074.14610878,605225.15960294,"Alg",17,15.7
"2264",158,505529.877876855,554722.763864181,607081.188677609,"Alg",17,15.8
"2265",159,506991.796942579,556386.912964786,608844.194012833,"Alg",17,15.9
"2266",160,508350.635728817,558053.470791773,610610.238634999,"Alg",17,16
"2267",161,509816.974992987,559655.573465855,612375.254062477,"Alg",17,16.1
"2268",162,511104.850777276,561250.845003704,614056.421474034,"Alg",17,16.2
"2269",163,512495.410259221,562890.702279216,615872.985110374,"Alg",17,16.3
"2270",164,513900.564781462,564452.453081634,617701.86271075,"Alg",17,16.4
"2271",165,515258.907054118,566047.65554398,619499.995627512,"Alg",17,16.5
"2272",166,516546.336229929,567625.12900602,621266.788868428,"Alg",17,16.6
"2273",167,517861.317642207,569146.595234233,623102.756892533,"Alg",17,16.7
"2274",168,519194.195282452,570657.485442531,624740.83010538,"Alg",17,16.8
"2275",169,520437.253765048,572122.124343129,626525.543089629,"Alg",17,16.9
"2276",170,521603.607627675,573569.520173987,628166.783651955,"Alg",17,17
"2277",171,522769.815448786,575058.561204668,629783.821650671,"Alg",17,17.1
"2278",172,524000.61447182,576487.737861128,631376.103446772,"Alg",17,17.2
"2279",173,525230.42491714,577935.874699641,632797.638580259,"Alg",17,17.3
"2280",174,526438.863731433,579327.2800844,634364.606785603,"Alg",17,17.4
"2281",175,527643.441058065,580744.878951763,635873.196115154,"Alg",17,17.5
"2282",176,528924.364903126,582156.484473036,637444.864377597,"Alg",17,17.6
"2283",177,530005.29395005,583504.242740187,639013.380258004,"Alg",17,17.7
"2284",178,531125.505548649,584795.675446953,640575.799806532,"Alg",17,17.8
"2285",179,532247.462892232,586126.137845751,642094.89269158,"Alg",17,17.9
"2286",180,533298.380409996,587383.820914767,643437.928331256,"Alg",17,18
"2287",181,534401.226224976,588613.465348941,644826.588458394,"Alg",17,18.1
"2288",182,535443.844540413,589863.949009201,646343.462443114,"Alg",17,18.2
"2289",183,536563.25567446,591130.348290312,647842.638478901,"Alg",17,18.3
"2290",184,537551.925873294,592331.923069287,649241.304809889,"Alg",17,18.4
"2291",185,538570.148414701,593511.518125202,650788.70653847,"Alg",17,18.5
"2292",186,539537.556039346,594706.764897688,652120.26624085,"Alg",17,18.6
"2293",187,540508.888896893,595889.22811035,653485.179855425,"Alg",17,18.7
"2294",188,541409.308576766,597046.230282539,654847.002814684,"Alg",17,18.8
"2295",189,542345.75633034,598202.218347,656330.124444285,"Alg",17,18.9
"2296",190,543181.938042342,599353.762912261,657630.582428322,"Alg",17,19
"2297",191,544137.606944996,600460.115886401,658924.870578167,"Alg",17,19.1
"2298",192,545083.37786323,601515.895105407,660215.666785844,"Alg",17,19.2
"2299",193,546034.46019983,602594.255875486,661380.472185332,"Alg",17,19.3
"2300",194,546803.451271815,603637.19312735,662559.010298688,"Alg",17,19.4
"2301",195,547686.806881504,604625.837130053,663713.332288416,"Alg",17,19.5
"2302",196,548601.654859343,605647.435054896,664908.879031314,"Alg",17,19.6
"2303",197,549300.662431504,606589.378691834,666087.090480356,"Alg",17,19.7
"2304",198,550109.982100933,607586.793755915,667192.311254956,"Alg",17,19.8
"2305",199,551085.485173616,608591.396008219,668349.366062064,"Alg",17,19.9
"2306",200,551989.367904257,609506.567458401,669445.406945795,"Alg",17,20
"2307",201,552790.482654253,610448.272009278,670582.44225013,"Alg",17,20.1
"2308",202,553598.974915258,611360.746970182,671817.514173456,"Alg",17,20.2
"2309",203,554344.555471387,612263.60184436,672667.595767951,"Alg",17,20.3
"2310",204,555156.719241494,613203.278915056,673654.122087533,"Alg",17,20.4
"2311",205,555942.001999496,614101.219334785,674669.417930684,"Alg",17,20.5
"2312",206,556650.534842407,614967.798845857,675717.182857555,"Alg",17,20.6
"2313",207,557370.957233293,615831.694173898,676775.711422438,"Alg",17,20.7
"2314",208,558017.578300172,616601.407263808,677716.593439466,"Alg",17,20.8
"2315",209,558613.211217092,617439.559650198,678405.892453862,"Alg",17,20.9
"2316",210,559274.019855884,618251.510269477,679271.156330637,"Alg",17,21
"2317",211,559972.510090962,619019.195282234,680189.600584247,"Alg",17,21.1
"2318",212,560702.903729987,619779.073526691,680982.874467692,"Alg",17,21.2
"2319",213,561178.247667715,620477.830374002,681821.730488988,"Alg",17,21.3
"2320",214,561692.040849847,621181.502392765,682631.310508591,"Alg",17,21.4
"2321",215,562297.338891317,621872.41291635,683432.709876484,"Alg",17,21.5
"2322",216,562839.467630459,622520.013364996,684132.793874633,"Alg",17,21.6
"2323",217,563367.782284083,623173.172262509,684829.262805043,"Alg",17,21.7
"2324",218,563826.411714158,623802.292947478,685565.677390341,"Alg",17,21.8
"2325",219,564349.747715844,624418.996438873,686288.907857888,"Alg",17,21.9
"2326",220,564886.224450902,625023.351953532,687060.971167783,"Alg",17,22
"2327",221,565356.778617714,625579.264179136,687743.111252196,"Alg",17,22.1
"2328",222,565736.956216873,626121.950882912,688349.693269054,"Alg",17,22.2
"2329",223,566315.294679185,626690.327301807,688987.587059929,"Alg",17,22.3
"2330",224,566619.639648704,627123.722223877,689727.547261804,"Alg",17,22.4
"2331",225,567119.606056702,627656.14444421,690382.057477743,"Alg",17,22.5
"2332",226,567620.260246918,628118.902351881,690845.907134228,"Alg",17,22.6
"2333",227,568001.068899234,628579.492955214,691497.99465162,"Alg",17,22.7
"2334",228,568391.378876126,629033.417247668,691969.78037791,"Alg",17,22.8
"2335",229,568804.177640161,629445.840359744,692514.35356607,"Alg",17,22.9
"2336",230,569195.609737254,629887.871434359,692918.794168293,"Alg",17,23
"2337",231,569487.686990237,630306.508818708,693536.239008456,"Alg",17,23.1
"2338",232,569901.759213215,630696.694373031,694066.388062282,"Alg",17,23.2
"2339",233,570241.290825678,631034.207249094,694440.975213176,"Alg",17,23.3
"2340",234,570529.046147468,631397.199189395,694785.416293327,"Alg",17,23.4
"2341",235,570865.981268863,631735.554109009,695225.479459186,"Alg",17,23.5
"2342",236,570973.153911374,632030.132173552,695653.232374141,"Alg",17,23.6
"2343",237,571223.848711726,632242.699445736,695866.023874326,"Alg",17,23.7
"2344",238,571352.709713746,632515.206210911,696205.570985328,"Alg",17,23.8
"2345",239,571604.876772298,632713.554822568,696426.610363438,"Alg",17,23.9
"2346",240,571768.621035387,632939.749509167,696707.094687511,"Alg",17,24
"2347",241,572072.609516085,633171.144962741,696837.758596403,"Alg",17,24.1
"2348",242,572197.987339215,633365.975505114,697052.105288875,"Alg",17,24.2
"2349",243,572267.588266837,633504.417008665,697215.741674029,"Alg",17,24.3
"2350",244,572462.492235804,633641.611808695,697271.246843078,"Alg",17,24.4
"2351",245,572635.797940503,633796.351928292,697334.701744266,"Alg",17,24.5
"2352",246,572726.011380506,633940.335896526,697492.217626381,"Alg",17,24.6
"2353",247,572752.099139563,634015.574894551,697471.051015922,"Alg",17,24.7
"2354",248,572892.326764628,634105.811322647,697556.484409849,"Alg",17,24.8
"2355",249,572962.796924859,634217.158508329,697586.035107141,"Alg",17,24.9
"2356",250,573003.666881091,634309.504423375,697685.646270155,"Alg",17,25
"2357",251,573178.58912923,634387.583201995,697686.283959518,"Alg",17,25.1
"2358",252,573190.062065554,634396.479333327,697668.221441167,"Alg",17,25.2
"2359",253,573349.296992447,634416.699452147,697700.231853497,"Alg",17,25.3
"2360",254,573374.264722726,634401.809716493,697622.913473489,"Alg",17,25.4
"2361",255,573478.466298391,634381.495845707,697680.696914221,"Alg",17,25.5
"2362",256,573307.438299507,634339.72054829,697731.110660529,"Alg",17,25.6
"2363",257,573342.423403168,634285.133348493,697673.360119394,"Alg",17,25.7
"2364",258,573230.768672451,634192.204074373,697495.064047702,"Alg",17,25.8
"2365",259,573289.170173283,634145.036126686,697272.222442689,"Alg",17,25.9
"2366",260,573278.766336671,634044.00524601,697160.024427902,"Alg",17,26
"2367",261,573186.907976546,633926.781096344,696886.254383005,"Alg",17,26.1
"2368",262,572940.328901959,633738.283789216,696595.182696192,"Alg",17,26.2
"2369",263,572687.371955386,633574.336912971,696265.755816293,"Alg",17,26.3
"2370",264,572496.968500111,633319.406300608,695796.576402704,"Alg",17,26.4
"2371",265,572552.02780131,633121.11107754,695490.281135156,"Alg",17,26.5
"2372",266,572243.912823202,632909.605817189,695243.024327097,"Alg",17,26.6
"2373",267,572042.756363418,632656.749581295,694989.792325997,"Alg",17,26.7
"2374",268,571795.395111122,632358.439433157,694736.336713163,"Alg",17,26.8
"2375",269,571500.193452254,632099.313136756,694379.164263241,"Alg",17,26.9
"2376",270,571310.495796966,631777.673129566,693963.178572537,"Alg",17,27
"2377",271,571112.971445196,631517.307194357,693535.209871434,"Alg",17,27.1
"2378",272,570836.307639789,631206.353338431,693205.250247875,"Alg",17,27.2
"2379",273,570577.343126418,630858.767608917,692894.55622831,"Alg",17,27.3
"2380",274,570113.668741491,630485.357109691,692348.549933287,"Alg",17,27.4
"2381",275,569493.57755015,630094.873394753,691944.894072691,"Alg",17,27.5
"2382",276,569200.8024558,629576.504957805,691526.492629826,"Alg",17,27.6
"2383",277,568805.312130491,629168.618601836,690820.930636063,"Alg",17,27.7
"2384",278,568300.68149259,628692.773402814,690346.066957852,"Alg",17,27.8
"2385",279,568029.698858515,628266.667391784,690074.072367522,"Alg",17,27.9
"2386",280,567676.61155408,627774.268351739,689568.103381036,"Alg",17,28
"2387",281,567185.494400647,627271.899847129,688871.36225949,"Alg",17,28.1
"2388",282,566877.369577635,626783.459451121,688312.111633806,"Alg",17,28.2
"2389",283,566500.884400483,626301.862239162,687749.136371468,"Alg",17,28.3
"2390",284,565902.215601076,625707.183437279,687095.711802255,"Alg",17,28.4
"2391",285,565299.06674254,625118.550904961,686507.339709047,"Alg",17,28.5
"2392",286,564766.433661662,624455.663083164,685919.759345995,"Alg",17,28.6
"2393",287,564251.891574084,623761.459456806,685248.326447587,"Alg",17,28.7
"2394",288,563646.679326493,623166.625925067,684723.111223936,"Alg",17,28.8
"2395",289,562934.75374433,622562.793197561,683968.004194537,"Alg",17,28.9
"2396",290,562464.023257429,621869.780809213,683269.094770044,"Alg",17,29
"2397",291,561578.186659398,621204.718490444,682600.91636724,"Alg",17,29.1
"2398",292,560817.223584433,620601.899990861,681973.407535132,"Alg",17,29.2
"2399",293,560113.430351173,619866.953046318,681418.91564451,"Alg",17,29.3
"2400",294,559461.350975129,619124.911791327,680779.179668915,"Alg",17,29.4
"2401",295,558670.129245452,618504.720268188,680291.327779654,"Alg",17,29.5
"2402",296,557812.472079136,617724.498996203,679637.462524016,"Alg",17,29.6
"2403",297,556877.078486382,616948.825759979,678796.719539827,"Alg",17,29.7
"2404",298,555969.051512751,616084.494185184,678121.099518335,"Alg",17,29.8
"2405",299,555167.201730098,615299.401474503,677582.581990356,"Alg",17,29.9
"2406",300,554305.089862828,614473.444293586,676828.439823351,"Alg",17,30
"2407",301,553475.478440636,613652.485291678,675873.509975901,"Alg",17,30.1
"2408",302,552708.696541143,612810.014512326,675245.870269094,"Alg",17,30.2
"2409",303,551734.797077912,611984.990468611,674465.129977363,"Alg",17,30.3
"2410",304,550627.872124687,611027.773189865,673740.261745238,"Alg",17,30.4
"2411",305,549452.905882501,610078.077140787,673080.246403916,"Alg",17,30.5
"2412",306,548430.054958754,609160.853554504,672126.793378422,"Alg",17,30.6
"2413",307,547266.442527104,608164.489443553,671316.842179286,"Alg",17,30.7
"2414",308,546223.880995593,607214.042283901,670762.318664518,"Alg",17,30.8
"2415",309,544979.641819809,606210.897445918,669823.400493024,"Alg",17,30.9
"2416",310,543841.496194749,605190.459666813,669334.950558114,"Alg",17,31
"2417",311,542637.027680335,604174.155220659,668795.884000464,"Alg",17,31.1
"2418",312,541590.053446417,603172.42558604,667983.756482258,"Alg",17,31.2
"2419",313,540317.313643177,602187.671114277,667049.422737769,"Alg",17,31.3
"2420",314,538985.682030026,601113.858772994,666292.160388298,"Alg",17,31.4
"2421",315,537722.077279535,600052.218860029,665675.399588137,"Alg",17,31.5
"2422",316,536511.503576068,598984.71738193,665086.915486913,"Alg",17,31.6
"2423",317,535181.897186044,597972.466580016,664223.188851488,"Alg",17,31.7
"2424",318,533828.021153443,596881.364944491,663452.929368881,"Alg",17,31.8
"2425",319,532386.721885612,595692.726697195,662599.535642063,"Alg",17,31.9
"2426",320,530704.520959938,594522.180816721,661834.001242225,"Alg",17,32
"2427",321,529100.49181856,593434.982921683,661266.813370481,"Alg",17,32.1
"2428",322,527500.436318107,592267.296185031,660459.644365884,"Alg",17,32.2
"2429",323,525817.921063266,591094.532032605,659624.779608945,"Alg",17,32.3
"2430",324,524036.999616821,589937.704674032,658773.227719832,"Alg",17,32.4
"2431",325,522337.583940021,588805.01177295,658004.00690501,"Alg",17,32.5
"2432",326,520653.276070421,587625.623696726,657169.470021356,"Alg",17,32.6
"2433",327,518844.07271413,586410.831283495,656719.274536773,"Alg",17,32.7
"2434",328,517192.327254895,585160.953585549,655863.438122693,"Alg",17,32.8
"2435",329,515367.698655712,584021.182875711,654930.749149454,"Alg",17,32.9
"2436",330,513459.588771124,582766.115035485,654032.296455679,"Alg",17,33
"2437",331,511717.633479187,581537.48699574,653426.624664459,"Alg",17,33.1
"2438",332,509967.669516897,580227.298744053,652807.853647995,"Alg",17,33.2
"2439",333,508145.964845382,578843.20367823,652124.223628751,"Alg",17,33.3
"2440",334,506348.745293756,577503.3807025,651402.222578085,"Alg",17,33.4
"2441",335,504454.830956127,576102.257871034,650914.747394421,"Alg",17,33.5
"2442",336,502631.184553232,574776.995228792,650139.353834813,"Alg",17,33.6
"2443",337,500636.74349011,573348.839065784,649025.642445663,"Alg",17,33.7
"2444",338,498778.988201742,571961.887280181,648463.999260516,"Alg",17,33.8
"2445",339,496557.727533205,570504.841403661,647738.523033427,"Alg",17,33.9
"2446",340,494461.423057463,569149.592592256,646854.252811529,"Alg",17,34
"2447",341,492465.988570911,567854.337812253,646311.016991344,"Alg",17,34.1
"2448",342,490568.78463602,566427.268455055,645904.949525781,"Alg",17,34.2
"2449",343,488468.503707883,565055.296503677,645240.043096096,"Alg",17,34.3
"2450",344,486263.960047221,563666.252933537,644509.918007344,"Alg",17,34.4
"2451",345,484449.953794446,562213.230075647,643932.164565434,"Alg",17,34.5
"2452",346,482534.971486831,560800.080897134,643294.474356515,"Alg",17,34.6
"2453",347,480320.767742943,559409.608508204,642450.581544312,"Alg",17,34.7
"2454",348,478205.494719924,557934.999714983,641773.888589403,"Alg",17,34.8
"2455",349,476177.444078663,556563.899982289,641181.981317738,"Alg",17,34.9
"2456",350,474050.837439035,555108.305393402,640198.608071498,"Alg",17,35
"2457",351,471982.766732595,553580.925124411,639496.120827536,"Alg",17,35.1
"2458",1,0.0717515502624401,0.16202455769652,0.291762684726488,"Daph",17,0.1
"2459",2,0.0702296672960784,0.156928577507274,0.279464002807855,"Daph",17,0.2
"2460",3,0.0690457202092092,0.152187442784677,0.267087424846742,"Daph",17,0.3
"2461",4,0.0679104398977451,0.14756363762056,0.255896382295329,"Daph",17,0.4
"2462",5,0.066718426658303,0.143390536579858,0.246130958932187,"Daph",17,0.5
"2463",6,0.0654850341550914,0.139329010681695,0.237242881584834,"Daph",17,0.6
"2464",7,0.0645595878304296,0.135458704639412,0.229223652207354,"Daph",17,0.7
"2465",8,0.063539557078045,0.131823567037255,0.221397371621366,"Daph",17,0.8
"2466",9,0.0626174824319189,0.128416165499217,0.214045109578443,"Daph",17,0.9
"2467",10,0.0616936956796336,0.125358973732701,0.207520395551374,"Daph",17,1
"2468",11,0.0606866570955503,0.122425482820965,0.201682553754879,"Daph",17,1.1
"2469",12,0.0597386802410372,0.119668196814857,0.196361328595533,"Daph",17,1.2
"2470",13,0.0588254911057631,0.116982836352167,0.190931887629492,"Daph",17,1.3
"2471",14,0.057956345757936,0.114407842111501,0.186119666221189,"Daph",17,1.4
"2472",15,0.0569585084965252,0.111985179267941,0.181566158914819,"Daph",17,1.5
"2473",16,0.0564008710771357,0.109813718815877,0.177393138801452,"Daph",17,1.6
"2474",17,0.0557156216993423,0.107665892764662,0.173640845879575,"Daph",17,1.7
"2475",18,0.0550226033697012,0.10569946096833,0.169916400127327,"Daph",17,1.8
"2476",19,0.0542669913284986,0.103876549694046,0.167011620326545,"Daph",17,1.9
"2477",20,0.0536238385161764,0.102273440712477,0.164106313687901,"Daph",17,2
"2478",21,0.0528094732863492,0.100626352758325,0.161454573762448,"Daph",17,2.1
"2479",22,0.0522132195727279,0.0991745600255643,0.158788693542572,"Daph",17,2.2
"2480",23,0.0515055028674096,0.0977057674482447,0.15631996514719,"Daph",17,2.3
"2481",24,0.0508593629412923,0.0963562312716475,0.154093436765859,"Daph",17,2.4
"2482",25,0.0503315861585728,0.0951327065081414,0.152219873129058,"Daph",17,2.5
"2483",26,0.0496913564965009,0.0940037012375849,0.15046754390696,"Daph",17,2.6
"2484",27,0.0491584985642142,0.0929843592353961,0.148914455685951,"Daph",17,2.7
"2485",28,0.0487772454116254,0.0920190551675514,0.14740876971588,"Daph",17,2.8
"2486",29,0.0483849936377105,0.0911256035517492,0.146132048081243,"Daph",17,2.9
"2487",30,0.0479511702766567,0.0903022084847422,0.145051545774981,"Daph",17,3
"2488",31,0.0476360563978869,0.0895815731784114,0.143945436017642,"Daph",17,3.1
"2489",32,0.0473203536943466,0.0889457818312735,0.143116267843483,"Daph",17,3.2
"2490",33,0.0469617958137655,0.0883671090289029,0.142276557445779,"Daph",17,3.3
"2491",34,0.0466379323660289,0.087883103241274,0.141641517785561,"Daph",17,3.4
"2492",35,0.0463884592205918,0.0874522110943524,0.141127849085195,"Daph",17,3.5
"2493",36,0.0462138998047438,0.0870403144084716,0.14051737587158,"Daph",17,3.6
"2494",37,0.0459262721099248,0.0867382970185293,0.140139731297626,"Daph",17,3.7
"2495",38,0.0457904485473154,0.0865349114891512,0.139999698398574,"Daph",17,3.8
"2496",39,0.0456371190328314,0.0864367860238978,0.13971188329757,"Daph",17,3.9
"2497",40,0.0455256310276823,0.0863345873354689,0.139623936247143,"Daph",17,4
"2498",41,0.0454098069958667,0.0862987667173099,0.139611235987078,"Daph",17,4.1
"2499",42,0.0454709074012611,0.0862446286277457,0.139522633531502,"Daph",17,4.2
"2500",43,0.0453687954058207,0.0862731007910561,0.139545157064822,"Daph",17,4.3
"2501",44,0.0453846117480091,0.0864176224867504,0.139663769559814,"Daph",17,4.4
"2502",45,0.0453403775294,0.0865800133185756,0.140121046261796,"Daph",17,4.5
"2503",46,0.045351899498677,0.0867763946090417,0.140457493593902,"Daph",17,4.6
"2504",47,0.0453747706508527,0.0870014636003651,0.14101229237161,"Daph",17,4.7
"2505",48,0.0455214036519699,0.0873354430170884,0.141450155566802,"Daph",17,4.8
"2506",49,0.0456973950625635,0.0877464530084821,0.142108608960331,"Daph",17,4.9
"2507",50,0.0458867637571833,0.0882181123134856,0.142894217292379,"Daph",17,5
"2508",51,0.0460426937214572,0.0887200814051334,0.143501626850125,"Daph",17,5.1
"2509",52,0.046433451536142,0.08925568813813,0.144420499952004,"Daph",17,5.2
"2510",53,0.0466666117777747,0.0898711927100773,0.145337694492723,"Daph",17,5.3
"2511",54,0.0470797964082434,0.0905266154256533,0.146387600561136,"Daph",17,5.4
"2512",55,0.0475063034055815,0.0913229339144697,0.1474358302374,"Daph",17,5.5
"2513",56,0.0480306797903294,0.0920528852859221,0.148632456362864,"Daph",17,5.6
"2514",57,0.0483585296134546,0.0928664773509271,0.149742738187676,"Daph",17,5.7
"2515",58,0.0487610951927941,0.0938184849463216,0.150926322038222,"Daph",17,5.8
"2516",59,0.0493023757745293,0.0947150376885829,0.152308092048242,"Daph",17,5.9
"2517",60,0.0498888277002041,0.0957722510982136,0.153727764508701,"Daph",17,6
"2518",61,0.050437751312938,0.0968648994433254,0.155333369674683,"Daph",17,6.1
"2519",62,0.0510072379230817,0.0979783342387373,0.156709124626289,"Daph",17,6.2
"2520",63,0.0517566704850735,0.099212397203635,0.158170486095236,"Daph",17,6.3
"2521",64,0.0524516347595031,0.100458520035453,0.15994382057249,"Daph",17,6.4
"2522",65,0.0531238410559445,0.101827139147561,0.161814553603676,"Daph",17,6.5
"2523",66,0.0538939271234186,0.103235998972341,0.163704793465004,"Daph",17,6.6
"2524",67,0.0545977866378253,0.104693454956077,0.165692555007678,"Daph",17,6.7
"2525",68,0.0554736909728759,0.106279965010925,0.16760763938287,"Daph",17,6.8
"2526",69,0.0563881176766184,0.107836982586368,0.169719353772185,"Daph",17,6.9
"2527",70,0.0574107598361713,0.109475160082802,0.171974778419913,"Daph",17,7
"2528",71,0.058500121577134,0.111234749171457,0.174549410011177,"Daph",17,7.1
"2529",72,0.0596446236280344,0.113022744689168,0.176939360972464,"Daph",17,7.2
"2530",73,0.060929678554494,0.114986233015145,0.179755529924702,"Daph",17,7.3
"2531",74,0.0624506503636244,0.116931428582016,0.182497403324068,"Daph",17,7.4
"2532",75,0.0638112074875129,0.11899133634138,0.185247997392764,"Daph",17,7.5
"2533",76,0.0651600001200249,0.121103374723993,0.187727554480398,"Daph",17,7.6
"2534",77,0.066604761401371,0.123354840234929,0.190502032357045,"Daph",17,7.7
"2535",78,0.0679472816074416,0.125623475735195,0.19341732561775,"Daph",17,7.8
"2536",79,0.0695209501388175,0.127988876897894,0.196450510572995,"Daph",17,7.9
"2537",80,0.0711402222167395,0.130489309271118,0.199472605128548,"Daph",17,8
"2538",81,0.0727883227975617,0.132992748573868,0.202781402308846,"Daph",17,8.1
"2539",82,0.0743782301779933,0.135645036896949,0.206269812091827,"Daph",17,8.2
"2540",83,0.0763094668585213,0.138353598356599,0.209288530380021,"Daph",17,8.3
"2541",84,0.0783371455973,0.141094588256654,0.212811437591732,"Daph",17,8.4
"2542",85,0.0801952346256327,0.144003826411668,0.216505187787518,"Daph",17,8.5
"2543",86,0.0822370236898717,0.146998138151048,0.220166052689417,"Daph",17,8.6
"2544",87,0.084304766683511,0.150065204361832,0.223573148505648,"Daph",17,8.7
"2545",88,0.0865690769515737,0.153113352254276,0.22728378992271,"Daph",17,8.8
"2546",89,0.0889207041327179,0.156313277644192,0.230697370538168,"Daph",17,8.9
"2547",90,0.0915359957284875,0.159623050104761,0.234481194927147,"Daph",17,9
"2548",91,0.094052209963428,0.162962292392394,0.238473467071917,"Daph",17,9.1
"2549",92,0.0967950160701622,0.166525938106916,0.242425930030576,"Daph",17,9.2
"2550",93,0.0994655167977235,0.170164030103065,0.246720908499495,"Daph",17,9.3
"2551",94,0.102205349685041,0.173843141028427,0.250723963624495,"Daph",17,9.4
"2552",95,0.105095410159153,0.177608995102796,0.255076409823708,"Daph",17,9.5
"2553",96,0.108072546478063,0.181497689270762,0.259706751447275,"Daph",17,9.6
"2554",97,0.111124775931579,0.185406092941595,0.264315808892386,"Daph",17,9.7
"2555",98,0.114363314733322,0.189425211924839,0.269087000680007,"Daph",17,9.8
"2556",99,0.117705466147845,0.193589522726181,0.273908531142292,"Daph",17,9.9
"2557",100,0.121191941685057,0.197715956338419,0.278665451678561,"Daph",17,10
"2558",101,0.124537329759725,0.20204237787896,0.283544800373153,"Daph",17,10.1
"2559",102,0.128296078956707,0.206454206364372,0.288589260851627,"Daph",17,10.2
"2560",103,0.1318379063969,0.211044303377605,0.293106475341295,"Daph",17,10.3
"2561",104,0.135473999830372,0.215768348569672,0.298023707655693,"Daph",17,10.4
"2562",105,0.139667153286359,0.220492242707229,0.303055392493438,"Daph",17,10.5
"2563",106,0.144396588946744,0.22532571865477,0.308219582115408,"Daph",17,10.6
"2564",107,0.148434526445291,0.230019930276672,0.313182486907897,"Daph",17,10.7
"2565",108,0.152650392787738,0.234922469298138,0.318438679433573,"Daph",17,10.8
"2566",109,0.157389414850103,0.239822622900685,0.323701201317431,"Daph",17,10.9
"2567",110,0.162134414521751,0.244928442414471,0.328876785688675,"Daph",17,11
"2568",111,0.166855793789606,0.250003612649756,0.33416530908736,"Daph",17,11.1
"2569",112,0.171649901337312,0.255167082132927,0.339540002449655,"Daph",17,11.2
"2570",113,0.176459262001964,0.260512723379251,0.34483433408313,"Daph",17,11.3
"2571",114,0.18125763336963,0.265844524966089,0.350030508330534,"Daph",17,11.4
"2572",115,0.186148202323073,0.271206927664406,0.355294293598938,"Daph",17,11.5
"2573",116,0.190937249808041,0.276751317574534,0.360458954119426,"Daph",17,11.6
"2574",117,0.196227552648551,0.282283303085187,0.366201133025716,"Daph",17,11.7
"2575",118,0.201421694326262,0.287904661919359,0.371693123093965,"Daph",17,11.8
"2576",119,0.206804111082081,0.293598217738015,0.377404320262483,"Daph",17,11.9
"2577",120,0.212349824668164,0.299348589559116,0.383005178437274,"Daph",17,12
"2578",121,0.217605372006042,0.305025022347933,0.388457785662799,"Daph",17,12.1
"2579",122,0.223363639984217,0.31089314622415,0.394090002786962,"Daph",17,12.2
"2580",123,0.228863424300441,0.316676802455157,0.399702635540404,"Daph",17,12.3
"2581",124,0.234570433551933,0.322421612142417,0.405658729108748,"Daph",17,12.4
"2582",125,0.240354366553412,0.328233375857984,0.41111577622499,"Daph",17,12.5
"2583",126,0.246378375613663,0.334133647319256,0.41662525964806,"Daph",17,12.6
"2584",127,0.252089487764487,0.340082146705479,0.422445549351971,"Daph",17,12.7
"2585",128,0.257858642566748,0.345975676938315,0.4278396992779,"Daph",17,12.8
"2586",129,0.263787898355735,0.351828976873822,0.433669573498876,"Daph",17,12.9
"2587",130,0.269664039980039,0.357752896029349,0.439053581806884,"Daph",17,13
"2588",131,0.275994150073202,0.363641366071715,0.444854478963253,"Daph",17,13.1
"2589",132,0.28180136961421,0.369622991604474,0.450407642415524,"Daph",17,13.2
"2590",133,0.287806305834031,0.375619870966697,0.456269782043057,"Daph",17,13.3
"2591",134,0.293922407916201,0.381652077316332,0.461896702190847,"Daph",17,13.4
"2592",135,0.300213976056748,0.387599322213577,0.467670414722756,"Daph",17,13.5
"2593",136,0.306442048786115,0.393552504856765,0.473341130371171,"Daph",17,13.6
"2594",137,0.312916363285077,0.399614902197093,0.478800136668309,"Daph",17,13.7
"2595",138,0.319245629928259,0.405546156187557,0.484828553335871,"Daph",17,13.8
"2596",139,0.326000935083426,0.411570737741516,0.490435670609907,"Daph",17,13.9
"2597",140,0.332175377258331,0.417474218801333,0.496072652480867,"Daph",17,14
"2598",141,0.338416792628772,0.423414262380697,0.501769266215856,"Daph",17,14.1
"2599",142,0.344949428379984,0.429367132056278,0.507325166724411,"Daph",17,14.2
"2600",143,0.350726816100086,0.435283420949419,0.512987333066883,"Daph",17,14.3
"2601",144,0.357247201726923,0.441208564954252,0.51843085520903,"Daph",17,14.4
"2602",145,0.363225193156662,0.447024433208575,0.523870566195808,"Daph",17,14.5
"2603",146,0.369194358320855,0.452791383784485,0.529104208925932,"Daph",17,14.6
"2604",147,0.375205618785556,0.458526542162692,0.534849961230474,"Daph",17,14.7
"2605",148,0.381911304119733,0.464254502894297,0.540488175461035,"Daph",17,14.8
"2606",149,0.388244818672091,0.470015566215162,0.545853056054637,"Daph",17,14.9
"2607",150,0.394339951125842,0.475760976854333,0.551374795861677,"Daph",17,15
"2608",151,0.400321724105255,0.481410018224512,0.556660657736906,"Daph",17,15.1
"2609",152,0.406612069327919,0.487026548075183,0.562291160845046,"Daph",17,15.2
"2610",153,0.412817310416583,0.492515600754851,0.567850667081776,"Daph",17,15.3
"2611",154,0.418403615582564,0.4980436318156,0.573514610277406,"Daph",17,15.4
"2612",155,0.4242970240969,0.503530165473317,0.578938081701683,"Daph",17,15.5
"2613",156,0.429939933288061,0.508894528171276,0.584288773325027,"Daph",17,15.6
"2614",157,0.435461023551659,0.514232889080696,0.589582769973364,"Daph",17,15.7
"2615",158,0.441267817693826,0.519515727850727,0.594920874371754,"Daph",17,15.8
"2616",159,0.447061246696063,0.524762123477877,0.600091758294105,"Daph",17,15.9
"2617",160,0.452455427186404,0.529980675811482,0.604924519814761,"Daph",17,16
"2618",161,0.457832046512644,0.535181484062785,0.609734462946974,"Daph",17,16.1
"2619",162,0.463277038882088,0.540290087420506,0.614992803079145,"Daph",17,16.2
"2620",163,0.468550569925654,0.545376512506315,0.619812660568068,"Daph",17,16.3
"2621",164,0.473956274057148,0.55037971687671,0.624946367918731,"Daph",17,16.4
"2622",165,0.479053068812527,0.555410123306403,0.629925089152784,"Daph",17,16.5
"2623",166,0.483958399795855,0.560487184472804,0.635013752532535,"Daph",17,16.6
"2624",167,0.489071342889132,0.565347427109521,0.639874657742517,"Daph",17,16.7
"2625",168,0.494091893806532,0.570141558597593,0.644821031978872,"Daph",17,16.8
"2626",169,0.498939598906518,0.575013220765936,0.649422227403115,"Daph",17,16.9
"2627",170,0.503847766975643,0.579806071097136,0.654260359445369,"Daph",17,17
"2628",171,0.508740454109863,0.584487848015087,0.65912891716563,"Daph",17,17.1
"2629",172,0.513639654221498,0.58906696483313,0.663885274882923,"Daph",17,17.2
"2630",173,0.518375672793125,0.593620669748309,0.668573577978493,"Daph",17,17.3
"2631",174,0.52331670709851,0.59819060611203,0.673013456933462,"Daph",17,17.4
"2632",175,0.527718003273242,0.60265893049713,0.677813337698522,"Daph",17,17.5
"2633",176,0.532043841042734,0.607012536334423,0.682145284738874,"Daph",17,17.6
"2634",177,0.536359954432112,0.611415398438405,0.686470384401429,"Daph",17,17.7
"2635",178,0.54083497188984,0.615753770532995,0.690969069227047,"Daph",17,17.8
"2636",179,0.545190171933633,0.619954287147732,0.695391610027891,"Daph",17,17.9
"2637",180,0.549287435918341,0.624083119906519,0.699596328773299,"Daph",17,18
"2638",181,0.553096972065143,0.628276780137724,0.703646521415628,"Daph",17,18.1
"2639",182,0.557254389567138,0.632223342821484,0.707856912396577,"Daph",17,18.2
"2640",183,0.561241362571134,0.636283402819245,0.712055897404531,"Daph",17,18.3
"2641",184,0.565029802476698,0.640241579498665,0.716104325997002,"Daph",17,18.4
"2642",185,0.568842251216734,0.644114659919831,0.720054664765191,"Daph",17,18.5
"2643",186,0.572471742623633,0.647974903471296,0.723725939830422,"Daph",17,18.6
"2644",187,0.576336359751335,0.651811389288513,0.727514551053552,"Daph",17,18.7
"2645",188,0.579926965315827,0.655501485817289,0.731416843566921,"Daph",17,18.8
"2646",189,0.583785069084547,0.659254087494598,0.735076697519714,"Daph",17,18.9
"2647",190,0.587247714439083,0.662897447034381,0.738802276283251,"Daph",17,19
"2648",191,0.590716223546824,0.666510214227262,0.742545730033133,"Daph",17,19.1
"2649",192,0.594265979050899,0.670039060693167,0.746087220140197,"Daph",17,19.2
"2650",193,0.597676482788079,0.673586938287649,0.749471580569039,"Daph",17,19.3
"2651",194,0.600975400372138,0.677050799960786,0.753154135997861,"Daph",17,19.4
"2652",195,0.604288876090084,0.680551428004224,0.756572690677409,"Daph",17,19.5
"2653",196,0.607488722136055,0.683953717439479,0.759859582960901,"Daph",17,19.6
"2654",197,0.610552724816325,0.687255751414121,0.76330180191285,"Daph",17,19.7
"2655",198,0.613711051440889,0.69047232107036,0.76679541978225,"Daph",17,19.8
"2656",199,0.616823159825046,0.693627148047697,0.770082602097533,"Daph",17,19.9
"2657",200,0.619786749731752,0.696786749591658,0.773316903837143,"Daph",17,20
"2658",201,0.622978682659097,0.699893284332856,0.776491820165623,"Daph",17,20.1
"2659",202,0.625979008908424,0.702929802211325,0.779577894741602,"Daph",17,20.2
"2660",203,0.628953948568002,0.705855551065679,0.782823070141581,"Daph",17,20.3
"2661",204,0.631885133132196,0.708871104404834,0.785894453275267,"Daph",17,20.4
"2662",205,0.63488118650652,0.711807211436581,0.788968919205021,"Daph",17,20.5
"2663",206,0.637579016390323,0.71469037696581,0.792064738343752,"Daph",17,20.6
"2664",207,0.640209662578565,0.717591544259378,0.795281061871322,"Daph",17,20.7
"2665",208,0.642929633319877,0.720371939631274,0.79802745106119,"Daph",17,20.8
"2666",209,0.645606329819435,0.723133479000113,0.800653662551382,"Daph",17,20.9
"2667",210,0.648240916280121,0.725762059864037,0.803402562706449,"Daph",17,21
"2668",211,0.65070613049539,0.728361989713822,0.805884809620725,"Daph",17,21.1
"2669",212,0.653256123842306,0.731002092559423,0.808500931741615,"Daph",17,21.2
"2670",213,0.655851698216264,0.73350764188506,0.811113793117584,"Daph",17,21.3
"2671",214,0.658250866701864,0.735989284368921,0.813628582013359,"Daph",17,21.4
"2672",215,0.660477681973925,0.738449025645441,0.815958985671536,"Daph",17,21.5
"2673",216,0.662772341582288,0.740808269818301,0.818584745857915,"Daph",17,21.6
"2674",217,0.665187802718339,0.743222806971514,0.820998339294404,"Daph",17,21.7
"2675",218,0.667290811800622,0.745573535926837,0.823589601191925,"Daph",17,21.8
"2676",219,0.669453614199469,0.747778436771774,0.825741200783854,"Daph",17,21.9
"2677",220,0.671739903438515,0.750062094783275,0.828035143251723,"Daph",17,22
"2678",221,0.673809967658176,0.752150870135776,0.830202857200869,"Daph",17,22.1
"2679",222,0.675828444097563,0.754255201264019,0.832330096939487,"Daph",17,22.2
"2680",223,0.67783209360909,0.756333164431569,0.834382884282233,"Daph",17,22.3
"2681",224,0.679824071581789,0.758464393997047,0.836370614117588,"Daph",17,22.4
"2682",225,0.681833462878486,0.760445641338427,0.838462062790953,"Daph",17,22.5
"2683",226,0.683663638748184,0.762391861348291,0.840493312657383,"Daph",17,22.6
"2684",227,0.685588741805288,0.764285062588683,0.842390321890199,"Daph",17,22.7
"2685",228,0.687397645778087,0.76620610728131,0.844172308279389,"Daph",17,22.8
"2686",229,0.689192630842532,0.767984606288427,0.846134074185694,"Daph",17,22.9
"2687",230,0.691140256525724,0.76968829526685,0.847840041075084,"Daph",17,23
"2688",231,0.692768342518157,0.771328234262001,0.849627955188184,"Daph",17,23.1
"2689",232,0.694568346494089,0.772933027644488,0.851422411899564,"Daph",17,23.2
"2690",233,0.696131534376212,0.774616318118943,0.853157941351995,"Daph",17,23.3
"2691",234,0.697823799917556,0.776222581651003,0.854852466301346,"Daph",17,23.4
"2692",235,0.699442468030072,0.777763429642134,0.856544064591986,"Daph",17,23.5
"2693",236,0.700970605197049,0.779269345885319,0.857940744594153,"Daph",17,23.6
"2694",237,0.702577435365184,0.7807573290063,0.859483124076175,"Daph",17,23.7
"2695",238,0.703997273626438,0.782154671956639,0.860889868308508,"Daph",17,23.8
"2696",239,0.705398234430032,0.783513863656262,0.862453550326616,"Daph",17,23.9
"2697",240,0.706809467390528,0.784861493791546,0.863960343316078,"Daph",17,24
"2698",241,0.708251191885225,0.786152948550738,0.865195524602664,"Daph",17,24.1
"2699",242,0.709610097160648,0.787383902851465,0.866531671433368,"Daph",17,24.2
"2700",243,0.711026074691173,0.788609045009818,0.867597797561551,"Daph",17,24.3
"2701",244,0.711944421495708,0.789700791256419,0.868687822401579,"Daph",17,24.4
"2702",245,0.713296893463927,0.79084602826517,0.869666120434519,"Daph",17,24.5
"2703",246,0.714640090462271,0.791968596907309,0.870881824504468,"Daph",17,24.6
"2704",247,0.715733947345425,0.793030560058966,0.871997511258062,"Daph",17,24.7
"2705",248,0.717193412358145,0.794079312702104,0.872888035933195,"Daph",17,24.8
"2706",249,0.718160840771788,0.795095126530622,0.873719854728784,"Daph",17,24.9
"2707",250,0.719100477096102,0.796028107486391,0.874618591518835,"Daph",17,25
"2708",251,0.720027310859414,0.796924447128562,0.875319407285318,"Daph",17,25.1
"2709",252,0.721034776680537,0.797761398242747,0.876053369843202,"Daph",17,25.2
"2710",253,0.72214344441202,0.798601017709122,0.876733567271904,"Daph",17,25.3
"2711",254,0.722863030080216,0.799369461468647,0.877174965724429,"Daph",17,25.4
"2712",255,0.723511347161501,0.800113138436362,0.877846058690812,"Daph",17,25.5
"2713",256,0.72422115948396,0.800795103640402,0.878193696658998,"Daph",17,25.6
"2714",257,0.725069403715864,0.801452168813321,0.87882763180055,"Daph",17,25.7
"2715",258,0.725811973289775,0.802110853917267,0.879363288989428,"Daph",17,25.8
"2716",259,0.726295984072094,0.802662201343058,0.879640688207924,"Daph",17,25.9
"2717",260,0.727015384407918,0.80325523389033,0.880045588886199,"Daph",17,26
"2718",261,0.727698057871662,0.803694678597038,0.880340062424675,"Daph",17,26.1
"2719",262,0.728354533429024,0.804149221791904,0.880810158573818,"Daph",17,26.2
"2720",263,0.72914164373205,0.804634793994444,0.880999805261349,"Daph",17,26.3
"2721",264,0.729647342066739,0.804978481344852,0.881201770899074,"Daph",17,26.4
"2722",265,0.729921905358792,0.805301482816652,0.881392022263274,"Daph",17,26.5
"2723",266,0.730462198167183,0.805560513557241,0.881533445303139,"Daph",17,26.6
"2724",267,0.730793075895231,0.805767094260056,0.881770305258949,"Daph",17,26.7
"2725",268,0.731311806535343,0.80598181537674,0.881763736507922,"Daph",17,26.8
"2726",269,0.73167535893027,0.806104402602925,0.881796906992684,"Daph",17,26.9
"2727",270,0.731849502578118,0.806234739184891,0.881829355242426,"Daph",17,27
"2728",271,0.732181613789941,0.806334822846175,0.881829801853185,"Daph",17,27.1
"2729",272,0.732305561677996,0.806272115166499,0.881648757910436,"Daph",17,27.2
"2730",273,0.732393490197764,0.806304280437224,0.881531747938396,"Daph",17,27.3
"2731",274,0.732367815895448,0.806273860152583,0.881485495392391,"Daph",17,27.4
"2732",275,0.732364068301819,0.806137903061808,0.881308444042692,"Daph",17,27.5
"2733",276,0.732268034343884,0.806011407377215,0.881339415906011,"Daph",17,27.6
"2734",277,0.732049741944504,0.805775475007581,0.880971827214451,"Daph",17,27.7
"2735",278,0.731974988081588,0.805619406094607,0.88063139573951,"Daph",17,27.8
"2736",279,0.731968498164802,0.805368335281709,0.880020193258726,"Daph",17,27.9
"2737",280,0.732010910419312,0.805057461476616,0.87940281982434,"Daph",17,28
"2738",281,0.73173894546141,0.80476762119468,0.87886406111853,"Daph",17,28.1
"2739",282,0.731274084893937,0.804389990828398,0.878265318480009,"Daph",17,28.2
"2740",283,0.730796790159441,0.804067559077451,0.877781582052187,"Daph",17,28.3
"2741",284,0.730290450562422,0.803715689546286,0.877374490704415,"Daph",17,28.4
"2742",285,0.729961209905781,0.803210643918959,0.876925755269114,"Daph",17,28.5
"2743",286,0.729473518912943,0.802727150316231,0.876403638358806,"Daph",17,28.6
"2744",287,0.728929616519786,0.802261993483819,0.875768585621252,"Daph",17,28.7
"2745",288,0.728390007045861,0.80161736592208,0.875294636628608,"Daph",17,28.8
"2746",289,0.727619464514734,0.800982341552525,0.874731086536401,"Daph",17,28.9
"2747",290,0.726824873237562,0.800337355990313,0.874055302167284,"Daph",17,29
"2748",291,0.725922738113538,0.799583509373427,0.873485572014394,"Daph",17,29.1
"2749",292,0.724728110287159,0.798829443480439,0.872775507828533,"Daph",17,29.2
"2750",293,0.7240262328465,0.798049818636831,0.872047491785535,"Daph",17,29.3
"2751",294,0.723039659104556,0.797219671179088,0.871359994164816,"Daph",17,29.4
"2752",295,0.722084097997561,0.796375843665089,0.870642967915163,"Daph",17,29.5
"2753",296,0.721034419427008,0.795537251372368,0.869959438610998,"Daph",17,29.6
"2754",297,0.719937504906051,0.79464224994998,0.869242868697065,"Daph",17,29.7
"2755",298,0.718805788916361,0.793682890240119,0.868240085365417,"Daph",17,29.8
"2756",299,0.717737537377519,0.792661481284488,0.867405502121187,"Daph",17,29.9
"2757",300,0.716598064093357,0.791619922007869,0.866628305147514,"Daph",17,30
"2758",301,0.715200258558291,0.790537718486864,0.865822187140527,"Daph",17,30.1
"2759",302,0.713560000134241,0.789322177815591,0.865044284076548,"Daph",17,30.2
"2760",303,0.712056479246395,0.788234176495626,0.864475643453483,"Daph",17,30.3
"2761",304,0.710765716939988,0.787132935365253,0.863683991578773,"Daph",17,30.4
"2762",305,0.709290881806565,0.78593697190581,0.862886837665914,"Daph",17,30.5
"2763",306,0.707625897920677,0.784638658075093,0.861970465007895,"Daph",17,30.6
"2764",307,0.705755861308179,0.783254513638002,0.861187434544316,"Daph",17,30.7
"2765",308,0.703999953529046,0.781962931978988,0.860367237368506,"Daph",17,30.8
"2766",309,0.702078473582765,0.780517247782014,0.859771698487952,"Daph",17,30.9
"2767",310,0.700232174969418,0.779202291638178,0.859089153259478,"Daph",17,31
"2768",311,0.69811427674202,0.777791511532322,0.858377922983607,"Daph",17,31.1
"2769",312,0.695715753654484,0.77637639059682,0.857828361844118,"Daph",17,31.2
"2770",313,0.693749081377409,0.77492946908465,0.857508159528965,"Daph",17,31.3
"2771",314,0.691672106091052,0.773499382343133,0.857000424849391,"Daph",17,31.4
"2772",315,0.68927621363803,0.771961324625338,0.855854013334331,"Daph",17,31.5
"2773",316,0.687095508425118,0.770467768464062,0.855047881145113,"Daph",17,31.6
"2774",317,0.684618316761567,0.768870464430712,0.854083057037095,"Daph",17,31.7
"2775",318,0.68202967051911,0.767254440784578,0.853227831811539,"Daph",17,31.8
"2776",319,0.67984075202088,0.765611401725735,0.852445444418323,"Daph",17,31.9
"2777",320,0.677361298590696,0.763947731363274,0.851818378547469,"Daph",17,32
"2778",321,0.674481662289825,0.762153553709044,0.850921083907501,"Daph",17,32.1
"2779",322,0.671757573970645,0.76038678682179,0.849980765929635,"Daph",17,32.2
"2780",323,0.668938547050176,0.758492019520407,0.849316679238316,"Daph",17,32.3
"2781",324,0.666409840353039,0.756469514223811,0.848494917197821,"Daph",17,32.4
"2782",325,0.663804191648775,0.754689114741986,0.848033726570838,"Daph",17,32.5
"2783",326,0.660824648419167,0.752793167626369,0.847396260565657,"Daph",17,32.6
"2784",327,0.657813914789918,0.750827393652959,0.846593207763872,"Daph",17,32.7
"2785",328,0.655274210065363,0.748914801889438,0.845602934587221,"Daph",17,32.8
"2786",329,0.652208017278313,0.746929313353774,0.844454966866902,"Daph",17,32.9
"2787",330,0.649182481355669,0.745054838909671,0.843501648577951,"Daph",17,33
"2788",331,0.646146106101118,0.74302125641283,0.842860677371218,"Daph",17,33.1
"2789",332,0.642982254685361,0.740948752885084,0.842290245836944,"Daph",17,33.2
"2790",333,0.639772784493954,0.738886617231404,0.841223831523755,"Daph",17,33.3
"2791",334,0.636500427748341,0.736759672624776,0.840755582054709,"Daph",17,33.4
"2792",335,0.633379242863829,0.734616222057762,0.83999655403337,"Daph",17,33.5
"2793",336,0.629693035681363,0.732361150984376,0.839194471481606,"Daph",17,33.6
"2794",337,0.625877322742605,0.730178209132889,0.838390664823421,"Daph",17,33.7
"2795",338,0.622367648850575,0.727972116875839,0.837511195996874,"Daph",17,33.8
"2796",339,0.618774986196726,0.725652216710169,0.836433020567149,"Daph",17,33.9
"2797",340,0.614906050340046,0.723399591093609,0.835777034351236,"Daph",17,34
"2798",341,0.611481299291863,0.721175457835797,0.835238489115773,"Daph",17,34.1
"2799",342,0.608144538912886,0.718946282203207,0.834042963279123,"Daph",17,34.2
"2800",343,0.604347047599685,0.716618863654358,0.83347402409931,"Daph",17,34.3
"2801",344,0.600466303412338,0.714114826157493,0.832404377817004,"Daph",17,34.4
"2802",345,0.596324084507322,0.711584551862845,0.83146181454475,"Daph",17,34.5
"2803",346,0.592371410786557,0.709136279676154,0.830700281021622,"Daph",17,34.6
"2804",347,0.58826396126597,0.706773779465223,0.829903446429985,"Daph",17,34.7
"2805",348,0.584723649807139,0.704271250010038,0.829207026498763,"Daph",17,34.8
"2806",349,0.580700079536513,0.701760365360299,0.828310658251749,"Daph",17,34.9
"2807",350,0.576441128561272,0.699279848087771,0.827297809919776,"Daph",17,35
"2808",351,0.572061563525034,0.69658813156444,0.826454063213312,"Daph",17,35.1
"2809",1,190904.047498254,216852.433014678,246191.968163485,"Alg",14,0.1
"2810",2,191767.966656677,217711.187024182,247102.660240368,"Alg",14,0.2
"2811",3,192625.339626081,218591.770158908,248020.002711315,"Alg",14,0.3
"2812",4,193477.271644733,219468.600794592,248921.840024963,"Alg",14,0.4
"2813",5,194359.931114884,220343.397962793,249840.03085107,"Alg",14,0.5
"2814",6,195285.861411309,221236.296676715,250794.66596823,"Alg",14,0.6
"2815",7,196173.755405289,222119.721968306,251719.196540393,"Alg",14,0.7
"2816",8,197064.397551964,222990.919847679,252597.948753729,"Alg",14,0.8
"2817",9,197938.127298368,223885.229192653,253546.813188044,"Alg",14,0.9
"2818",10,198812.857839208,224766.505099518,254444.136503487,"Alg",14,1
"2819",11,199652.685957683,225655.471649816,255333.395980201,"Alg",14,1.1
"2820",12,200559.191354186,226574.493246462,256312.033493703,"Alg",14,1.2
"2821",13,201435.397211757,227481.258942249,257267.901939564,"Alg",14,1.3
"2822",14,202363.056874625,228392.895731369,258178.428747084,"Alg",14,1.4
"2823",15,203254.737586908,229301.537759092,259084.425834748,"Alg",14,1.5
"2824",16,204147.360211833,230216.468594266,259960.804955863,"Alg",14,1.6
"2825",17,205045.410221756,231143.982697807,260848.863362065,"Alg",14,1.7
"2826",18,205955.816596094,232052.535580737,261823.230297172,"Alg",14,1.8
"2827",19,206879.654656815,232978.285471162,262787.573016638,"Alg",14,1.9
"2828",20,207784.879615154,233887.951009199,263718.983113655,"Alg",14,2
"2829",21,208691.879975418,234818.851540488,264709.957069243,"Alg",14,2.1
"2830",22,209621.722486036,235751.47800967,265619.227735229,"Alg",14,2.2
"2831",23,210546.211939862,236694.643722076,266573.427904942,"Alg",14,2.3
"2832",24,211507.904871471,237627.286334395,267516.074409958,"Alg",14,2.4
"2833",25,212429.879522078,238556.471086776,268485.620691011,"Alg",14,2.5
"2834",26,213356.75729707,239512.079164545,269449.131474826,"Alg",14,2.6
"2835",27,214263.694121117,240466.859841326,270374.334126857,"Alg",14,2.7
"2836",28,215212.546562015,241425.824011399,271319.273707313,"Alg",14,2.8
"2837",29,216108.736288961,242382.849839774,272308.808895784,"Alg",14,2.9
"2838",30,217071.941961589,243351.05577576,273260.667019266,"Alg",14,3
"2839",31,218052.692378968,244317.749101854,274235.651761189,"Alg",14,3.1
"2840",32,218982.007295939,245269.379522832,275241.21757831,"Alg",14,3.2
"2841",33,219925.638718943,246240.178552355,276178.343759663,"Alg",14,3.3
"2842",34,220902.93803152,247221.919486853,277116.884398497,"Alg",14,3.4
"2843",35,221872.650979718,248197.643558152,278161.219208051,"Alg",14,3.5
"2844",36,222814.67356463,249179.100608591,279170.945765516,"Alg",14,3.6
"2845",37,223813.608722972,250168.171824447,280145.108292565,"Alg",14,3.7
"2846",38,224820.973646388,251155.807421112,281179.975566427,"Alg",14,3.8
"2847",39,225799.511944507,252139.699429778,282139.573822114,"Alg",14,3.9
"2848",40,226808.075258894,253139.864893942,283137.606579772,"Alg",14,4
"2849",41,227764.020394696,254142.460323992,284173.137344672,"Alg",14,4.1
"2850",42,228682.068559532,255134.314925563,285184.487288367,"Alg",14,4.2
"2851",43,229739.478207819,256119.571767304,286202.851610605,"Alg",14,4.3
"2852",44,230729.459617938,257116.651584964,287197.420576383,"Alg",14,4.4
"2853",45,231734.066202858,258140.809756275,288228.055580412,"Alg",14,4.5
"2854",46,232750.578512599,259173.235923767,289233.299218754,"Alg",14,4.6
"2855",47,233715.073633637,260194.400428588,290252.877380046,"Alg",14,4.7
"2856",48,234710.728646563,261212.060285438,291290.794040265,"Alg",14,4.8
"2857",49,235701.932567812,262219.768393407,292334.625676848,"Alg",14,4.9
"2858",50,236706.846569167,263234.869442789,293378.805413642,"Alg",14,5
"2859",51,237703.482766675,264273.691499964,294431.103720876,"Alg",14,5.1
"2860",52,238719.69916248,265310.200261162,295466.858615093,"Alg",14,5.2
"2861",53,239766.193508206,266340.409440568,296487.083883926,"Alg",14,5.3
"2862",54,240805.275787216,267367.068843971,297578.479620851,"Alg",14,5.4
"2863",55,241796.780686163,268426.494159746,298635.967094119,"Alg",14,5.5
"2864",56,242796.392262853,269473.852719882,299672.102031613,"Alg",14,5.6
"2865",57,243855.645621613,270513.128102217,300720.915999134,"Alg",14,5.7
"2866",58,244894.621965941,271564.700381555,301754.690582008,"Alg",14,5.8
"2867",59,245891.242237513,272644.932451009,302826.940212771,"Alg",14,5.9
"2868",60,246891.656945598,273695.147276824,303907.703316729,"Alg",14,6
"2869",61,247962.783626453,274744.810919055,305033.206700999,"Alg",14,6.1
"2870",62,249001.787188893,275805.280172087,306163.223658861,"Alg",14,6.2
"2871",63,250064.445238392,276884.1983543,307225.11425447,"Alg",14,6.3
"2872",64,251123.883580972,277950.595839598,308298.778318666,"Alg",14,6.4
"2873",65,252213.346876592,278998.343362679,309392.991339213,"Alg",14,6.5
"2874",66,253229.1875576,280075.568198086,310464.365142157,"Alg",14,6.6
"2875",67,254283.257525694,281151.328599209,311588.649144528,"Alg",14,6.7
"2876",68,255344.817014865,282219.892456415,312707.39618927,"Alg",14,6.8
"2877",69,256388.949718633,283314.265409179,313821.059479093,"Alg",14,6.9
"2878",70,257473.417549917,284399.263934546,314906.747956766,"Alg",14,7
"2879",71,258515.054862742,285493.226653018,316032.390693835,"Alg",14,7.1
"2880",72,259571.768315746,286586.000869211,317116.436394774,"Alg",14,7.2
"2881",73,260623.040368324,287667.034017431,318221.022700938,"Alg",14,7.3
"2882",74,261685.049772934,288743.145292391,319343.052144643,"Alg",14,7.4
"2883",75,262704.411497464,289846.192658199,320471.103369187,"Alg",14,7.5
"2884",76,263814.678417748,290936.612417081,321725.912897213,"Alg",14,7.6
"2885",77,264838.901861878,292043.149386039,322844.215681372,"Alg",14,7.7
"2886",78,265952.952369216,293166.706245026,323995.591066565,"Alg",14,7.8
"2887",79,267090.334194566,294283.348354811,325134.748675659,"Alg",14,7.9
"2888",80,268177.389699439,295409.013550537,326243.615090716,"Alg",14,8
"2889",81,269248.998977194,296516.995223112,327375.19834191,"Alg",14,8.1
"2890",82,270344.018546621,297633.230019906,328577.813501334,"Alg",14,8.2
"2891",83,271423.680028483,298776.458860855,329739.053124686,"Alg",14,8.3
"2892",84,272543.704091314,299921.032605128,330951.689007478,"Alg",14,8.4
"2893",85,273615.432177088,301065.89035285,332136.285382461,"Alg",14,8.5
"2894",86,274705.977008507,302183.64447019,333260.693762445,"Alg",14,8.6
"2895",87,275824.602688303,303329.40491605,334451.25963281,"Alg",14,8.7
"2896",88,276925.957280436,304450.342108277,335669.77443827,"Alg",14,8.8
"2897",89,278067.383181593,305592.780303216,336866.891049605,"Alg",14,8.9
"2898",90,279154.563947515,306752.669747866,338050.141595251,"Alg",14,9
"2899",91,280230.86671913,307898.964124578,339299.122234324,"Alg",14,9.1
"2900",92,281367.932283608,309050.848964771,340464.312725627,"Alg",14,9.2
"2901",93,282503.314683095,310181.695101758,341605.427592865,"Alg",14,9.3
"2902",94,283631.212603715,311322.567763763,342787.937319473,"Alg",14,9.4
"2903",95,284776.05975683,312485.080632121,344043.089832365,"Alg",14,9.5
"2904",96,285885.046073815,313668.540830063,345251.212894873,"Alg",14,9.6
"2905",97,286959.512464565,314849.168533708,346496.839377918,"Alg",14,9.7
"2906",98,288053.280215489,316023.932460269,347734.604779363,"Alg",14,9.8
"2907",99,289172.797035136,317205.262867201,348970.585405359,"Alg",14,9.9
"2908",100,290282.385460021,318361.686563331,350201.133094888,"Alg",14,10
"2909",101,291430.510003737,319524.261129236,351395.188078923,"Alg",14,10.1
"2910",102,292547.758980445,320692.329864513,352607.735148047,"Alg",14,10.2
"2911",103,293656.440683641,321871.733059345,353804.032637907,"Alg",14,10.3
"2912",104,294782.46065175,323043.615997546,355082.910421087,"Alg",14,10.4
"2913",105,295916.595345888,324228.73564192,356329.140075014,"Alg",14,10.5
"2914",106,297022.976921489,325415.215630643,357540.37823356,"Alg",14,10.6
"2915",107,298150.288611151,326595.996204456,358798.09213206,"Alg",14,10.7
"2916",108,299276.662280832,327764.993226283,360073.793203375,"Alg",14,10.8
"2917",109,300437.444631669,328950.591268709,361279.824605601,"Alg",14,10.9
"2918",110,301594.958300685,330149.48539731,362521.005402337,"Alg",14,11
"2919",111,302750.113016641,331351.65291891,363824.192256664,"Alg",14,11.1
"2920",112,303882.170655469,332551.252377906,365093.406222474,"Alg",14,11.2
"2921",113,305013.356858897,333737.002551853,366326.914465298,"Alg",14,11.3
"2922",114,306156.562798743,334932.272881689,367624.14086673,"Alg",14,11.4
"2923",115,307287.990009862,336117.052772678,368869.152807664,"Alg",14,11.5
"2924",116,308413.485780534,337313.245265126,370154.242073343,"Alg",14,11.6
"2925",117,309589.225805556,338513.52903818,371469.908158883,"Alg",14,11.7
"2926",118,310705.94503327,339728.36806373,372759.531403426,"Alg",14,11.8
"2927",119,311881.122218665,340919.263393093,374078.816777218,"Alg",14,11.9
"2928",120,313065.935695692,342133.409879455,375350.723856766,"Alg",14,12
"2929",121,314225.637056126,343357.715191889,376626.230400389,"Alg",14,12.1
"2930",122,315352.242125377,344577.076295545,377903.434751889,"Alg",14,12.2
"2931",123,316560.223272005,345827.83724401,379262.423258344,"Alg",14,12.3
"2932",124,317726.17532944,347042.560476337,380580.593679845,"Alg",14,12.4
"2933",125,318897.952690439,348272.357182941,381882.863912035,"Alg",14,12.5
"2934",126,320103.36658559,349508.841106386,383190.511378158,"Alg",14,12.6
"2935",127,321260.064762173,350762.988666958,384495.945629433,"Alg",14,12.7
"2936",128,322391.685490881,352012.612818269,385800.027652784,"Alg",14,12.8
"2937",129,323570.588608448,353238.588897533,387050.399161794,"Alg",14,12.9
"2938",130,324742.792936552,354476.173288982,388315.94054751,"Alg",14,13
"2939",131,325871.582960846,355713.514267172,389596.894858508,"Alg",14,13.1
"2940",132,327038.510453152,356943.716358111,390975.921605831,"Alg",14,13.2
"2941",133,328199.64956603,358214.32843193,392267.281932329,"Alg",14,13.3
"2942",134,329390.15785031,359464.733183984,393629.063312996,"Alg",14,13.4
"2943",135,330549.43193104,360694.004549931,394984.554823958,"Alg",14,13.5
"2944",136,331769.607436861,361951.240747864,396321.120553081,"Alg",14,13.6
"2945",137,332958.266568769,363173.913968041,397674.963174031,"Alg",14,13.7
"2946",138,334149.695308969,364433.292363564,399051.396674712,"Alg",14,13.8
"2947",139,335330.334854437,365706.840312056,400427.082347874,"Alg",14,13.9
"2948",140,336516.663562471,366983.185922862,401732.550336704,"Alg",14,14
"2949",141,337656.435842269,368244.83774593,403053.852173064,"Alg",14,14.1
"2950",142,338796.157057941,369511.261608653,404359.007563396,"Alg",14,14.2
"2951",143,339995.379157153,370759.800379454,405688.300575192,"Alg",14,14.3
"2952",144,341179.872190496,372045.257445561,406971.592395489,"Alg",14,14.4
"2953",145,342400.212149962,373324.658361382,408299.720251615,"Alg",14,14.5
"2954",146,343630.98285678,374598.099679615,409601.370351402,"Alg",14,14.6
"2955",147,344817.111225595,375901.332031388,411027.11194086,"Alg",14,14.7
"2956",148,345976.115861698,377192.331849449,412306.513666162,"Alg",14,14.8
"2957",149,347229.620798698,378495.705411006,413700.726280977,"Alg",14,14.9
"2958",150,348457.418312255,379763.626649969,415078.473997451,"Alg",14,15
"2959",151,349668.391080361,381060.063393127,416451.032373798,"Alg",14,15.1
"2960",152,350848.363359967,382324.819693979,417812.160949844,"Alg",14,15.2
"2961",153,352051.765421493,383588.676953647,419162.722655684,"Alg",14,15.3
"2962",154,353223.154406404,384877.883037699,420557.192362576,"Alg",14,15.4
"2963",155,354487.985325271,386195.596575307,421912.714136712,"Alg",14,15.5
"2964",156,355659.851676313,387468.941443895,423257.226997742,"Alg",14,15.6
"2965",157,356877.601404336,388767.125728825,424546.158617592,"Alg",14,15.7
"2966",158,358083.471529492,390053.90883986,425903.788441501,"Alg",14,15.8
"2967",159,359321.411003822,391351.783998418,427318.545436502,"Alg",14,15.9
"2968",160,360508.933745218,392648.327683,428758.936853218,"Alg",14,16
"2969",161,361675.691516402,393944.1571672,430181.259872042,"Alg",14,16.1
"2970",162,362894.603721476,395267.014141805,431576.419807841,"Alg",14,16.2
"2971",163,364143.217238832,396538.675270981,433033.775572105,"Alg",14,16.3
"2972",164,365353.829183366,397850.423612133,434427.807085207,"Alg",14,16.4
"2973",165,366570.709568581,399175.762714298,435893.696830778,"Alg",14,16.5
"2974",166,367742.169208435,400470.77730738,437205.038061402,"Alg",14,16.6
"2975",167,368894.955239488,401782.631707515,438640.366662005,"Alg",14,16.7
"2976",168,370043.58010321,403094.448598289,440072.110396559,"Alg",14,16.8
"2977",169,371266.704766418,404387.47377715,441470.823849799,"Alg",14,16.9
"2978",170,372474.396164541,405686.374509179,442892.309761278,"Alg",14,17
"2979",171,373712.362985974,407002.111037806,444339.513012826,"Alg",14,17.1
"2980",172,374885.038598155,408313.634633659,445803.553248792,"Alg",14,17.2
"2981",173,376142.220101451,409622.194495789,447233.673716427,"Alg",14,17.3
"2982",174,377374.785467449,410936.086761323,448651.526714741,"Alg",14,17.4
"2983",175,378608.905680162,412240.972577853,450031.149659813,"Alg",14,17.5
"2984",176,379906.118080353,413536.940778582,451486.053951693,"Alg",14,17.6
"2985",177,381123.910341225,414870.909399108,452915.251530044,"Alg",14,17.7
"2986",178,382337.855299737,416187.046064064,454375.698241587,"Alg",14,17.8
"2987",179,383557.997731376,417508.665649141,455831.965214826,"Alg",14,17.9
"2988",180,384781.153513457,418834.154079307,457262.077580324,"Alg",14,18
"2989",181,386007.748400156,420154.186493248,458667.489734908,"Alg",14,18.1
"2990",182,387230.886393874,421470.129137738,460033.759452874,"Alg",14,18.2
"2991",183,388454.945386824,422766.833724749,461500.381271008,"Alg",14,18.3
"2992",184,389733.301558284,424091.833883885,462933.644347083,"Alg",14,18.4
"2993",185,390970.709887282,425439.520078642,464410.916175636,"Alg",14,18.5
"2994",186,392184.203350622,426780.69617599,465837.026414287,"Alg",14,18.6
"2995",187,393380.287723997,428099.867549294,467323.282973691,"Alg",14,18.7
"2996",188,394545.482335438,429441.19645287,468758.112829481,"Alg",14,18.8
"2997",189,395700.274500708,430753.796038054,470209.668819108,"Alg",14,18.9
"2998",190,396942.83807137,432079.240618458,471657.816166428,"Alg",14,19
"2999",191,398142.794066904,433425.303597604,473112.905379537,"Alg",14,19.1
"3000",192,399328.232487686,434774.577665334,474601.951350269,"Alg",14,19.2
"3001",193,400585.375288684,436084.928311662,476136.08239305,"Alg",14,19.3
"3002",194,401783.772339111,437447.141679307,477553.304282566,"Alg",14,19.4
"3003",195,403006.095221517,438765.332996658,478956.331701986,"Alg",14,19.5
"3004",196,404238.580352331,440129.530446682,480298.46186607,"Alg",14,19.6
"3005",197,405479.613518335,441487.718681559,481732.593414779,"Alg",14,19.7
"3006",198,406706.293217043,442833.881929289,483293.604400994,"Alg",14,19.8
"3007",199,407966.289596437,444177.879047515,484717.316522889,"Alg",14,19.9
"3008",200,409185.494787177,445525.448333646,486179.778264091,"Alg",14,20
"3009",201,410421.210917271,446866.447157218,487613.395381932,"Alg",14,20.1
"3010",202,411636.470770391,448203.347012052,489033.037042681,"Alg",14,20.2
"3011",203,412880.245939051,449564.736418165,490501.199166794,"Alg",14,20.3
"3012",204,414058.672886322,450902.76608207,491985.809218195,"Alg",14,20.4
"3013",205,415281.306549035,452247.7437543,493435.469810159,"Alg",14,20.5
"3014",206,416496.191528493,453595.322187933,494867.494649561,"Alg",14,20.6
"3015",207,417719.691066704,454951.424240146,496244.703972116,"Alg",14,20.7
"3016",208,418945.49765676,456316.735697392,497746.753302608,"Alg",14,20.8
"3017",209,420142.770107881,457686.730758047,499203.54595417,"Alg",14,20.9
"3018",210,421326.016050194,459043.209485316,500695.637953097,"Alg",14,21
"3019",211,422526.118473241,460421.89846426,502194.538460964,"Alg",14,21.1
"3020",212,423741.321077486,461760.812486721,503598.637431405,"Alg",14,21.2
"3021",213,424991.476045042,463122.12634241,505087.128436721,"Alg",14,21.3
"3022",214,426251.10463533,464480.923311222,506596.894618104,"Alg",14,21.4
"3023",215,427492.824375516,465830.81819874,508107.842751168,"Alg",14,21.5
"3024",216,428728.297703359,467166.53292187,509623.530788363,"Alg",14,21.6
"3025",217,429981.730539116,468518.896810817,511097.9471509,"Alg",14,21.7
"3026",218,431216.916175614,469905.287574705,512558.129873372,"Alg",14,21.8
"3027",219,432389.742200228,471235.02038648,514042.340168769,"Alg",14,21.9
"3028",220,433616.180567652,472604.724638603,515431.630579114,"Alg",14,22
"3029",221,434893.236160274,473964.317142274,516851.634732409,"Alg",14,22.1
"3030",222,436123.367020719,475321.421998209,518272.190630053,"Alg",14,22.2
"3031",223,437367.051776668,476672.969791151,519732.09029001,"Alg",14,22.3
"3032",224,438554.431710687,478037.557327227,521182.929325689,"Alg",14,22.4
"3033",225,439756.657573062,479349.584979235,522588.20820943,"Alg",14,22.5
"3034",226,441007.661967857,480714.427442806,524010.094618091,"Alg",14,22.6
"3035",227,442187.723749907,482066.488466065,525480.55620128,"Alg",14,22.7
"3036",228,443444.311866758,483414.509279212,526885.480259598,"Alg",14,22.8
"3037",229,444653.872674606,484786.240535357,528352.718258931,"Alg",14,22.9
"3038",230,445927.219297388,486153.900711957,529814.410333912,"Alg",14,23
"3039",231,447155.60739713,487510.398590241,531265.4634679,"Alg",14,23.1
"3040",232,448293.036301731,488867.831062235,532699.412988044,"Alg",14,23.2
"3041",233,449468.199260548,490237.966979917,534193.853236082,"Alg",14,23.3
"3042",234,450670.047188458,491586.277916837,535675.201143891,"Alg",14,23.4
"3043",235,451908.322045191,492906.157546902,537224.685497422,"Alg",14,23.5
"3044",236,453168.727224489,494288.392132683,538644.105767962,"Alg",14,23.6
"3045",237,454368.83599927,495661.735569746,540081.828190907,"Alg",14,23.7
"3046",238,455543.319500522,497025.035033321,541510.666007786,"Alg",14,23.8
"3047",239,456689.194407357,498394.863533507,543032.047683743,"Alg",14,23.9
"3048",240,457918.176071624,499732.53941571,544441.42244814,"Alg",14,24
"3049",241,459145.631780778,501083.384477989,545953.852195262,"Alg",14,24.1
"3050",242,460447.770465602,502458.288057159,547349.060383199,"Alg",14,24.2
"3051",243,461617.160956814,503847.685097792,548947.473766309,"Alg",14,24.3
"3052",244,462752.369633917,505187.292415319,550396.984797573,"Alg",14,24.4
"3053",245,463937.787564746,506538.245053768,551820.222368094,"Alg",14,24.5
"3054",246,465209.640919058,507879.726148683,553339.866124011,"Alg",14,24.6
"3055",247,466302.861784112,509252.527044291,554822.561991015,"Alg",14,24.7
"3056",248,467341.065996794,510606.697638276,556312.877388764,"Alg",14,24.8
"3057",249,468535.599893338,511945.266700807,557848.129017694,"Alg",14,24.9
"3058",250,469705.590584428,513306.778385367,559373.263650222,"Alg",14,25
"3059",251,470890.783073298,514683.477939144,560841.971213669,"Alg",14,25.1
"3060",252,472041.704780925,516019.390835782,562392.420041744,"Alg",14,25.2
"3061",253,473233.691221598,517363.423745406,563840.833007199,"Alg",14,25.3
"3062",254,474418.745246627,518708.042366789,565434.673804425,"Alg",14,25.4
"3063",255,475640.216220186,520066.502197116,566962.009348058,"Alg",14,25.5
"3064",256,476741.232538013,521420.433764453,568523.494449316,"Alg",14,25.6
"3065",257,477924.14153406,522772.766981018,569976.348333106,"Alg",14,25.7
"3066",258,479141.33826712,524117.415239461,571483.608584859,"Alg",14,25.8
"3067",259,480371.733874458,525467.130523256,572988.669120341,"Alg",14,25.9
"3068",260,481535.29607813,526804.622926319,574500.473810129,"Alg",14,26
"3069",261,482615.07887665,528165.132302514,576018.961338907,"Alg",14,26.1
"3070",262,483740.082104322,529545.277086077,577608.528198267,"Alg",14,26.2
"3071",263,484846.852829113,530899.576141742,579109.248281115,"Alg",14,26.3
"3072",264,485915.872591646,532239.224584632,580622.339456734,"Alg",14,26.4
"3073",265,486984.526271402,533613.534781329,582204.932488718,"Alg",14,26.5
"3074",266,488066.467250826,534936.338030227,583718.120295696,"Alg",14,26.6
"3075",267,489177.391970268,536254.487047349,585238.809166106,"Alg",14,26.7
"3076",268,490299.623533102,537627.273056076,586696.836407664,"Alg",14,26.8
"3077",269,491407.835437861,539011.778887555,588208.255656288,"Alg",14,26.9
"3078",270,492667.067504485,540350.988827451,589830.493888397,"Alg",14,27
"3079",271,493755.892037572,541663.37665986,591431.293133061,"Alg",14,27.1
"3080",272,494872.027029538,543009.19533985,592978.4116921,"Alg",14,27.2
"3081",273,495981.13881307,544361.137916701,594568.007624211,"Alg",14,27.3
"3082",274,497042.701045935,545663.171145276,596108.067773849,"Alg",14,27.4
"3083",275,497986.117328276,546940.220024652,597473.983807621,"Alg",14,27.5
"3084",276,499017.224585325,548282.987914055,599142.972555102,"Alg",14,27.6
"3085",277,500034.068726385,549674.077359797,600756.929089061,"Alg",14,27.7
"3086",278,501194.567610718,551039.285942738,602241.917690526,"Alg",14,27.8
"3087",279,502374.750343298,552367.743819066,603710.221253628,"Alg",14,27.9
"3088",280,503388.416521133,553725.332368717,605271.385230099,"Alg",14,28
"3089",281,504470.103752699,555032.539328815,606729.740411814,"Alg",14,28.1
"3090",282,505467.453272964,556336.840791144,608342.69698253,"Alg",14,28.2
"3091",283,506565.192872492,557644.053688708,609798.288254902,"Alg",14,28.3
"3092",284,507662.516000318,558953.800064394,611314.794200722,"Alg",14,28.4
"3093",285,508779.707454588,560242.880176267,612932.467180456,"Alg",14,28.5
"3094",286,509780.038451126,561565.800136021,614425.740574586,"Alg",14,28.6
"3095",287,510785.117808603,562891.561454718,616093.319822794,"Alg",14,28.7
"3096",288,511876.071435493,564247.403064237,617595.476161943,"Alg",14,28.8
"3097",289,512871.207469757,565553.922756081,619192.11287494,"Alg",14,28.9
"3098",290,513730.207399422,566890.153709025,620842.265247764,"Alg",14,29
"3099",291,514605.609690634,568167.372322866,622451.347289154,"Alg",14,29.1
"3100",292,515410.823805109,569481.515383314,624086.93550023,"Alg",14,29.2
"3101",293,516415.776756613,570797.996051522,625672.053278424,"Alg",14,29.3
"3102",294,517434.45817117,572143.367566061,627340.305263147,"Alg",14,29.4
"3103",295,518487.725402437,573416.922753181,628902.850694015,"Alg",14,29.5
"3104",296,519495.053609366,574727.738710224,630587.557508657,"Alg",14,29.6
"3105",297,520503.524286225,576063.057032714,632167.2286746,"Alg",14,29.7
"3106",298,521519.552410787,577396.166483339,633819.110911804,"Alg",14,29.8
"3107",299,522448.291728545,578720.562190462,635527.51012951,"Alg",14,29.9
"3108",300,523237.993745843,580031.89439181,637162.251457864,"Alg",14,30
"3109",301,524131.523146307,581330.005926069,638892.460655969,"Alg",14,30.1
"3110",302,525068.152692815,582604.80330703,640565.310200827,"Alg",14,30.2
"3111",303,526084.298178587,583872.003810187,642221.985880218,"Alg",14,30.3
"3112",304,527072.102283911,585182.298847747,643865.960236286,"Alg",14,30.4
"3113",305,527946.524750035,586483.225872364,645592.144998207,"Alg",14,30.5
"3114",306,528934.818253414,587752.691819342,647180.408733312,"Alg",14,30.6
"3115",307,529877.291323429,589014.51505481,648841.813930586,"Alg",14,30.7
"3116",308,530834.361988212,590241.428709202,650546.774522368,"Alg",14,30.8
"3117",309,531820.57148873,591511.128083132,652162.368802126,"Alg",14,30.9
"3118",310,532673.412413296,592786.129828488,653822.529187346,"Alg",14,31
"3119",311,533650.169446578,594038.747485443,655506.007864512,"Alg",14,31.1
"3120",312,534495.497806781,595330.449011587,657184.494095815,"Alg",14,31.2
"3121",313,535344.196831769,596554.137510203,658985.449013446,"Alg",14,31.3
"3122",314,536180.497752752,597812.542179616,660714.921085326,"Alg",14,31.4
"3123",315,537070.572281186,599112.099318709,662248.350060262,"Alg",14,31.5
"3124",316,537773.876607722,600399.91562507,663936.002715484,"Alg",14,31.6
"3125",317,538627.721395442,601670.948518043,665433.08913239,"Alg",14,31.7
"3126",318,539440.477006017,602934.234231419,667193.379404698,"Alg",14,31.8
"3127",319,540346.684613195,604185.409162377,668753.573147627,"Alg",14,31.9
"3128",320,541195.897426924,605433.88117886,670506.464808832,"Alg",14,32
"3129",321,541970.971175495,606663.672329462,672434.754456349,"Alg",14,32.1
"3130",322,542953.804663877,607906.516355047,674136.72134762,"Alg",14,32.2
"3131",323,543823.193578621,609113.355976307,676004.159310872,"Alg",14,32.3
"3132",324,544614.752500632,610365.791249943,677673.959597357,"Alg",14,32.4
"3133",325,545550.273980325,611627.504719657,679311.954863957,"Alg",14,32.5
"3134",326,546355.835358202,612858.315895852,681032.832845277,"Alg",14,32.6
"3135",327,547036.324797683,614057.279619386,682783.718066272,"Alg",14,32.7
"3136",328,547738.377329532,615353.705764768,684307.801545808,"Alg",14,32.8
"3137",329,548503.309063365,616658.282749774,686049.577168503,"Alg",14,32.9
"3138",330,549185.986126844,617922.237293534,687820.091136743,"Alg",14,33
"3139",331,549932.056905901,619193.61930285,689646.129366715,"Alg",14,33.1
"3140",332,550609.940850098,620337.187548649,691315.047201921,"Alg",14,33.2
"3141",333,551287.924929291,621567.989835748,693013.939292259,"Alg",14,33.3
"3142",334,551977.577253121,622774.166922073,694772.100740367,"Alg",14,33.4
"3143",335,552612.008786006,623948.944905453,696497.789645161,"Alg",14,33.5
"3144",336,553380.811585079,625116.301672586,698266.82004423,"Alg",14,33.6
"3145",337,553884.026796614,626334.432796744,700104.287553833,"Alg",14,33.7
"3146",338,554370.328267035,627538.14600062,701862.904225783,"Alg",14,33.8
"3147",339,554969.199880437,628718.016438914,703590.340130245,"Alg",14,33.9
"3148",340,555532.970562871,629947.996073396,705326.588145121,"Alg",14,34
"3149",341,556107.916982078,631203.286135921,707251.006280367,"Alg",14,34.1
"3150",342,556616.525539012,632445.995588544,709069.916279567,"Alg",14,34.2
"3151",343,557246.484933096,633594.922418076,710850.946191355,"Alg",14,34.3
"3152",344,557797.630239611,634792.310381607,712708.236965108,"Alg",14,34.4
"3153",345,558309.415372292,635939.296438286,714412.757625953,"Alg",14,34.5
"3154",346,558855.903089905,637136.506946007,716171.377616473,"Alg",14,34.6
"3155",347,559250.90573038,638413.818467852,718061.740983224,"Alg",14,34.7
"3156",348,559759.510961694,639608.933104932,719999.803220766,"Alg",14,34.8
"3157",349,560223.205014676,640820.510075117,721777.187988479,"Alg",14,34.9
"3158",350,560734.586496691,641991.417695925,723537.880115868,"Alg",14,35
"3159",351,561202.767335593,643222.92889881,725197.76287526,"Alg",14,35.1
"3160",1,0.0470528743494921,0.107055988628976,0.224809127323561,"Daph",14,0.1
"3161",2,0.0475225621089226,0.107468102962317,0.221712941519981,"Daph",14,0.2
"3162",3,0.0479879424276725,0.107887063623583,0.218527155616069,"Daph",14,0.3
"3163",4,0.0484781357573166,0.108263585502411,0.21570609763833,"Daph",14,0.4
"3164",5,0.048987762555743,0.108609574424437,0.213023309800056,"Daph",14,0.5
"3165",6,0.0495398926136187,0.10899163742905,0.210425402734984,"Daph",14,0.6
"3166",7,0.0500354129328603,0.109344421377679,0.209000833386558,"Daph",14,0.7
"3167",8,0.0505023341794625,0.109731825630476,0.207059448522477,"Daph",14,0.8
"3168",9,0.0510056396848386,0.110129215603582,0.205563971030866,"Daph",14,0.9
"3169",10,0.0514434154453474,0.110468993095302,0.204608650656244,"Daph",14,1
"3170",11,0.0521219535503489,0.110898897932448,0.203158590861894,"Daph",14,1.1
"3171",12,0.0526939031771715,0.111299337637506,0.202184288342551,"Daph",14,1.2
"3172",13,0.0532680515385899,0.111790430853,0.201427223534249,"Daph",14,1.3
"3173",14,0.0537999700590906,0.112197757238314,0.20008971377501,"Daph",14,1.4
"3174",15,0.0544055794361848,0.112653249407046,0.19892699273507,"Daph",14,1.5
"3175",16,0.0550450294196843,0.113120973408711,0.198275106937006,"Daph",14,1.6
"3176",17,0.0555825759487398,0.11361197766779,0.197784261758005,"Daph",14,1.7
"3177",18,0.0562020406880329,0.114181867550526,0.197217097587191,"Daph",14,1.8
"3178",19,0.0568332070168865,0.114643321022426,0.196919595445646,"Daph",14,1.9
"3179",20,0.0574913503041146,0.115191873979313,0.196202791971859,"Daph",14,2
"3180",21,0.0581204334481335,0.115731259855068,0.195735469310373,"Daph",14,2.1
"3181",22,0.0588216808702624,0.116305335838435,0.195697362905759,"Daph",14,2.2
"3182",23,0.0594514776317519,0.116803796232815,0.19554346580642,"Daph",14,2.3
"3183",24,0.0600169708729554,0.117437057487933,0.19556746529472,"Daph",14,2.4
"3184",25,0.0606696798068717,0.11810382293472,0.195550410311328,"Daph",14,2.5
"3185",26,0.0613619134295395,0.118702715678798,0.195523550193137,"Daph",14,2.6
"3186",27,0.0619331306631661,0.119355517781907,0.195684428361593,"Daph",14,2.7
"3187",28,0.0625231484672084,0.120013226345441,0.195920907523844,"Daph",14,2.8
"3188",29,0.063246831811419,0.120648684203901,0.196237941030681,"Daph",14,2.9
"3189",30,0.0640122352735388,0.12133607528902,0.196639440391377,"Daph",14,3
"3190",31,0.0647229353622176,0.122051442438962,0.197086617080454,"Daph",14,3.1
"3191",32,0.0654822842390981,0.122777189056263,0.197486454473125,"Daph",14,3.2
"3192",33,0.0662725723237298,0.123483423627785,0.197893328041927,"Daph",14,3.3
"3193",34,0.0669419714117595,0.12428149953607,0.198449272515209,"Daph",14,3.4
"3194",35,0.067634423426645,0.125066178304659,0.198855481084211,"Daph",14,3.5
"3195",36,0.0683174964683732,0.125902364106397,0.199257880633844,"Daph",14,3.6
"3196",37,0.0692463663259649,0.126730916824001,0.19981395535725,"Daph",14,3.7
"3197",38,0.0699591797077467,0.127482898450588,0.200412804899095,"Daph",14,3.8
"3198",39,0.0707504429013588,0.128367798726916,0.200701223657501,"Daph",14,3.9
"3199",40,0.0715643601354945,0.129171393813293,0.201292741312529,"Daph",14,4
"3200",41,0.0724310549233224,0.130037725627664,0.201947998337344,"Daph",14,4.1
"3201",42,0.0732191529251837,0.130911621282481,0.202628854309874,"Daph",14,4.2
"3202",43,0.0742180510804395,0.131828279417486,0.203179360168231,"Daph",14,4.3
"3203",44,0.0751196599240297,0.132786878952906,0.20382245766824,"Daph",14,4.4
"3204",45,0.0759086046144482,0.133810328758022,0.204600622512261,"Daph",14,4.5
"3205",46,0.0767034617215542,0.134788136198874,0.205336044143027,"Daph",14,4.6
"3206",47,0.0775429052687417,0.135758759412582,0.206143126143816,"Daph",14,4.7
"3207",48,0.0785094046788601,0.136803417190276,0.207139828470101,"Daph",14,4.8
"3208",49,0.0794386504389733,0.137855961215734,0.208010043450484,"Daph",14,4.9
"3209",50,0.0804071593389107,0.138931085808272,0.208818855086916,"Daph",14,5
"3210",51,0.0814929632269904,0.140041824562858,0.209733251088906,"Daph",14,5.1
"3211",52,0.0824125936897734,0.141127247046714,0.210552122085571,"Daph",14,5.2
"3212",53,0.0833208866714224,0.142248254004018,0.21148288215053,"Daph",14,5.3
"3213",54,0.0843667820815739,0.143347103603787,0.212259254727403,"Daph",14,5.4
"3214",55,0.0852716365993293,0.144468349352938,0.213246243323556,"Daph",14,5.5
"3215",56,0.0862856746742382,0.145597178618173,0.214293755554216,"Daph",14,5.6
"3216",57,0.08725650905484,0.146780579592481,0.215294087707187,"Daph",14,5.7
"3217",58,0.088204854474148,0.148001007120675,0.216592610035003,"Daph",14,5.8
"3218",59,0.0894039535630278,0.149235900167016,0.217666920649881,"Daph",14,5.9
"3219",60,0.0904235461245685,0.150440641379786,0.21866050951406,"Daph",14,6
"3220",61,0.0915961619655017,0.151667742368308,0.219756765752926,"Daph",14,6.1
"3221",62,0.0927862265506576,0.152907696299476,0.220854463585528,"Daph",14,6.2
"3222",63,0.0938798828878871,0.154167678508859,0.222010661163956,"Daph",14,6.3
"3223",64,0.095094851712123,0.155456586123943,0.223043501606836,"Daph",14,6.4
"3224",65,0.0963812703961698,0.15681408073683,0.224437642725826,"Daph",14,6.5
"3225",66,0.0977004374751206,0.158164365200343,0.225747144988905,"Daph",14,6.6
"3226",67,0.0989106160536899,0.159528948633748,0.227124979174928,"Daph",14,6.7
"3227",68,0.100106393771564,0.160926360077057,0.228461483834355,"Daph",14,6.8
"3228",69,0.101365913794703,0.162336793542852,0.229832106752944,"Daph",14,6.9
"3229",70,0.102706712845013,0.163709451762125,0.231168564998973,"Daph",14,7
"3230",71,0.104040856702204,0.165188309668916,0.23271044680663,"Daph",14,7.1
"3231",72,0.105327789867277,0.16667063621654,0.234191063723503,"Daph",14,7.2
"3232",73,0.10649769496192,0.168138161895051,0.235862161677825,"Daph",14,7.3
"3233",74,0.107670069514043,0.169623858641912,0.237279887562258,"Daph",14,7.4
"3234",75,0.109135290032257,0.171155686877059,0.238988028671204,"Daph",14,7.5
"3235",76,0.11055584454356,0.172659114293409,0.240620801920468,"Daph",14,7.6
"3236",77,0.112110287522635,0.174169928201736,0.242291752732259,"Daph",14,7.7
"3237",78,0.113580389648499,0.175785920743318,0.243841504489891,"Daph",14,7.8
"3238",79,0.114916540717544,0.177384123381855,0.245506905077227,"Daph",14,7.9
"3239",80,0.116483240420566,0.17897759010354,0.247221680383221,"Daph",14,8
"3240",81,0.117831171384476,0.180633457990235,0.249064448361126,"Daph",14,8.1
"3241",82,0.119287784352977,0.182321289014916,0.250784429109531,"Daph",14,8.2
"3242",83,0.120781973216641,0.18405860503735,0.252655225820845,"Daph",14,8.3
"3243",84,0.122182302161648,0.185863400867863,0.254503064022997,"Daph",14,8.4
"3244",85,0.123682991493141,0.187542521006268,0.256331883151686,"Daph",14,8.5
"3245",86,0.125121976001864,0.189279016707927,0.257947159477311,"Daph",14,8.6
"3246",87,0.12681404423114,0.19105311797607,0.259812286468211,"Daph",14,8.7
"3247",88,0.128498093988608,0.192804795442828,0.261524907760597,"Daph",14,8.8
"3248",89,0.130220777910788,0.194572769213403,0.263485281520403,"Daph",14,8.9
"3249",90,0.131921173985613,0.196459941280113,0.26538734784234,"Daph",14,9
"3250",91,0.133646985977222,0.198272162046385,0.267235435228142,"Daph",14,9.1
"3251",92,0.135365713529505,0.200136576737616,0.269314739609967,"Daph",14,9.2
"3252",93,0.137100762213201,0.202047321819075,0.271152631668189,"Daph",14,9.3
"3253",94,0.138801869078505,0.203969932302061,0.273284269706772,"Daph",14,9.4
"3254",95,0.14046396303643,0.205836568477407,0.275160596765362,"Daph",14,9.5
"3255",96,0.142213754878427,0.207793831883058,0.277329911513304,"Daph",14,9.6
"3256",97,0.144015683319408,0.209788472303504,0.279390580487327,"Daph",14,9.7
"3257",98,0.145910783439939,0.211793538469149,0.28145256989005,"Daph",14,9.8
"3258",99,0.147759043825084,0.213817886687121,0.283628934478542,"Daph",14,9.9
"3259",100,0.149676839940837,0.215836341442551,0.285949886168964,"Daph",14,10
"3260",101,0.151469243103207,0.217869609648475,0.288048760730452,"Daph",14,10.1
"3261",102,0.15353131115598,0.220014465507655,0.290327332943494,"Daph",14,10.2
"3262",103,0.155464067045958,0.222141122634822,0.292493018334051,"Daph",14,10.3
"3263",104,0.15753381455211,0.22430779822896,0.294756832528674,"Daph",14,10.4
"3264",105,0.159507502456972,0.226511872264949,0.297266609174347,"Daph",14,10.5
"3265",106,0.161525412711663,0.228742043317636,0.299617534612078,"Daph",14,10.6
"3266",107,0.163509514205872,0.23103772818433,0.30203846134204,"Daph",14,10.7
"3267",108,0.165495605981996,0.233182520144167,0.304430394489047,"Daph",14,10.8
"3268",109,0.167646861187589,0.235456807841009,0.306690455186433,"Daph",14,10.9
"3269",110,0.169535399109942,0.237760400326392,0.309005017258058,"Daph",14,11
"3270",111,0.171817672173904,0.240103229220821,0.311571387284702,"Daph",14,11.1
"3271",112,0.173900291637382,0.242465238150993,0.314251463683113,"Daph",14,11.2
"3272",113,0.176030050140511,0.244795735874189,0.316899792745312,"Daph",14,11.3
"3273",114,0.178132022447549,0.247093561935325,0.319395975741395,"Daph",14,11.4
"3274",115,0.180256067998284,0.249447401228891,0.321881760718349,"Daph",14,11.5
"3275",116,0.182436190784619,0.251873146804201,0.324425791266609,"Daph",14,11.6
"3276",117,0.184608698294915,0.254256501238828,0.326986438627586,"Daph",14,11.7
"3277",118,0.186819685516425,0.25674198514836,0.329553238927615,"Daph",14,11.8
"3278",119,0.189206352373912,0.259256099362971,0.332270093607234,"Daph",14,11.9
"3279",120,0.191527598555654,0.261784982585587,0.335007257816055,"Daph",14,12
"3280",121,0.193778376672561,0.264274662450606,0.337890672088466,"Daph",14,12.1
"3281",122,0.196074024741946,0.266810864487639,0.340481186249688,"Daph",14,12.2
"3282",123,0.198238337870665,0.26930392544476,0.343185926796158,"Daph",14,12.3
"3283",124,0.200658043407222,0.271864329578893,0.346204407892876,"Daph",14,12.4
"3284",125,0.203030847096927,0.274510627938511,0.348953351688315,"Daph",14,12.5
"3285",126,0.205447497541895,0.277084220445407,0.351663341548952,"Daph",14,12.6
"3286",127,0.207916358841213,0.279744261975373,0.354686062703514,"Daph",14,12.7
"3287",128,0.210380372883758,0.282396344339961,0.357582221282763,"Daph",14,12.8
"3288",129,0.212933199125221,0.285091889732033,0.360459926071301,"Daph",14,12.9
"3289",130,0.215495457724657,0.287876216034299,0.363539321949279,"Daph",14,13
"3290",131,0.2179106630524,0.290519532180331,0.366547626721407,"Daph",14,13.1
"3291",132,0.220404635192943,0.293329134881781,0.369490789457894,"Daph",14,13.2
"3292",133,0.222900953200364,0.296114478761727,0.372629285890607,"Daph",14,13.3
"3293",134,0.225586960604042,0.298905067223968,0.375507497861172,"Daph",14,13.4
"3294",135,0.228283076682546,0.301701940176347,0.37846123661294,"Daph",14,13.5
"3295",136,0.230762335428039,0.304463139394096,0.381494750143412,"Daph",14,13.6
"3296",137,0.233325751649063,0.307350273617768,0.384522484592139,"Daph",14,13.7
"3297",138,0.235935539147701,0.310183773991372,0.387805436476682,"Daph",14,13.8
"3298",139,0.238604102046093,0.313071170326841,0.391072334006796,"Daph",14,13.9
"3299",140,0.241260824778888,0.316010188793863,0.3943720220367,"Daph",14,14
"3300",141,0.243858132000801,0.318848337358939,0.397538176639382,"Daph",14,14.1
"3301",142,0.2466269040393,0.32177356464334,0.400663881904012,"Daph",14,14.2
"3302",143,0.249451885420729,0.324723942067896,0.403832973100142,"Daph",14,14.3
"3303",144,0.252201465931869,0.32773411201013,0.406966231021606,"Daph",14,14.4
"3304",145,0.255010467561344,0.330751666031,0.41030804563716,"Daph",14,14.5
"3305",146,0.257731025883723,0.33381297349207,0.413407003147201,"Daph",14,14.6
"3306",147,0.260503809117247,0.336817967128666,0.416698719568908,"Daph",14,14.7
"3307",148,0.26320535678905,0.339847663797918,0.420113909591129,"Daph",14,14.8
"3308",149,0.266207247799398,0.342826883956871,0.423297276825517,"Daph",14,14.9
"3309",150,0.268945995768592,0.345885517079452,0.426700824487387,"Daph",14,15
"3310",151,0.271656654652778,0.348992839034669,0.430224702621687,"Daph",14,15.1
"3311",152,0.274483403835624,0.352084196057802,0.433474370472545,"Daph",14,15.2
"3312",153,0.277454085730549,0.355204949438845,0.436759622082285,"Daph",14,15.3
"3313",154,0.280416123059269,0.358371330366892,0.440202906018949,"Daph",14,15.4
"3314",155,0.283399891918759,0.361588394245063,0.443589439934488,"Daph",14,15.5
"3315",156,0.28632296817297,0.364833952654906,0.446790210457185,"Daph",14,15.6
"3316",157,0.289208955766388,0.368175177249402,0.450362550641988,"Daph",14,15.7
"3317",158,0.29228210949842,0.371397632478959,0.453973344924219,"Daph",14,15.8
"3318",159,0.29537441356168,0.374667552546633,0.457394546267975,"Daph",14,15.9
"3319",160,0.298554611266456,0.377902647104967,0.460959284573783,"Daph",14,16
"3320",161,0.301424554341537,0.381213686542087,0.464541874889396,"Daph",14,16.1
"3321",162,0.304522657252728,0.384461709161035,0.467966119330004,"Daph",14,16.2
"3322",163,0.307655413892891,0.387789484045775,0.471563534999915,"Daph",14,16.3
"3323",164,0.31091512974737,0.39112385867223,0.475143296819561,"Daph",14,16.4
"3324",165,0.314049159379275,0.394477066329378,0.478507454721631,"Daph",14,16.5
"3325",166,0.31716020105098,0.397860426176375,0.482072965968866,"Daph",14,16.6
"3326",167,0.320345322122081,0.401214468458183,0.485582577169197,"Daph",14,16.7
"3327",168,0.323447484317359,0.404590140392463,0.489175713238129,"Daph",14,16.8
"3328",169,0.326606294375714,0.408045869659597,0.49302755784111,"Daph",14,16.9
"3329",170,0.329820714733372,0.411475062404975,0.496732657120292,"Daph",14,17
"3330",171,0.332995240876026,0.415005190819585,0.500471362637604,"Daph",14,17.1
"3331",172,0.33618082628268,0.418494778417025,0.504116459442152,"Daph",14,17.2
"3332",173,0.33915548471003,0.422037593749954,0.507668735516551,"Daph",14,17.3
"3333",174,0.342640602857575,0.425517636437097,0.511287841810577,"Daph",14,17.4
"3334",175,0.346028871249721,0.429107438549837,0.514896102245241,"Daph",14,17.5
"3335",176,0.349394596677781,0.432668116029047,0.518410350795245,"Daph",14,17.6
"3336",177,0.352608107642673,0.436151859059987,0.522172135980954,"Daph",14,17.7
"3337",178,0.356007996083283,0.439695717736825,0.525950759695229,"Daph",14,17.8
"3338",179,0.359242349662525,0.443290881113275,0.52970044473034,"Daph",14,17.9
"3339",180,0.362528176911445,0.446854259831094,0.5333311582266,"Daph",14,18
"3340",181,0.365762331639484,0.450457442077392,0.537229956408501,"Daph",14,18.1
"3341",182,0.369344450086216,0.453995576647761,0.541008887875689,"Daph",14,18.2
"3342",183,0.372689042062114,0.457573664847453,0.544710646024512,"Daph",14,18.3
"3343",184,0.375964376406477,0.461239973868557,0.548677935695796,"Daph",14,18.4
"3344",185,0.379460884381548,0.464842620311604,0.552556623772891,"Daph",14,18.5
"3345",186,0.382858830137042,0.468554555537608,0.55623051357456,"Daph",14,18.6
"3346",187,0.386306251312364,0.472239884507667,0.560276927952981,"Daph",14,18.7
"3347",188,0.389905157161379,0.475861755894821,0.564384592179643,"Daph",14,18.8
"3348",189,0.393422603679159,0.479499479480143,0.568219959730961,"Daph",14,18.9
"3349",190,0.396971065906359,0.483183774220231,0.57200969894296,"Daph",14,19
"3350",191,0.400456534373175,0.486926460568782,0.57588428867795,"Daph",14,19.1
"3351",192,0.4039235865312,0.490688352391617,0.57981135534858,"Daph",14,19.2
"3352",193,0.407487002681707,0.494396956887242,0.583637163435082,"Daph",14,19.3
"3353",194,0.411040868376452,0.49815428084579,0.587451344051911,"Daph",14,19.4
"3354",195,0.414625787147324,0.501901446290202,0.591503832731441,"Daph",14,19.5
"3355",196,0.418147998927888,0.505692812374423,0.595528885610777,"Daph",14,19.6
"3356",197,0.421648681951294,0.509449686797268,0.599646616217421,"Daph",14,19.7
"3357",198,0.425216661117827,0.513175599832507,0.603334346022328,"Daph",14,19.8
"3358",199,0.428908298498526,0.516976942577052,0.607421645973315,"Daph",14,19.9
"3359",200,0.432593978503605,0.520866860329822,0.611377737429021,"Daph",14,20
"3360",201,0.436003209804708,0.524746981684746,0.615340058356514,"Daph",14,20.1
"3361",202,0.439714383687382,0.528506690727924,0.619277373469865,"Daph",14,20.2
"3362",203,0.44336142168281,0.532347306259852,0.623253368887046,"Daph",14,20.3
"3363",204,0.446980256964017,0.536186390929298,0.62727570070454,"Daph",14,20.4
"3364",205,0.450853686760776,0.54002397769589,0.631281620868089,"Daph",14,20.5
"3365",206,0.454748523974354,0.543827480453745,0.635040639794483,"Daph",14,20.6
"3366",207,0.458687645930194,0.547649211143735,0.638872588800765,"Daph",14,20.7
"3367",208,0.462395926958738,0.551397043358024,0.642665930046423,"Daph",14,20.8
"3368",209,0.465937188553114,0.555241850746008,0.646575438111186,"Daph",14,20.9
"3369",210,0.469709384964297,0.559135253577377,0.650509361249036,"Daph",14,21
"3370",211,0.47350218512289,0.563001779448794,0.654631995395816,"Daph",14,21.1
"3371",212,0.477366333732184,0.566860683677543,0.658738938209703,"Daph",14,21.2
"3372",213,0.481091364173104,0.57070940771663,0.662673573130342,"Daph",14,21.3
"3373",214,0.484986182756987,0.574560441711257,0.666683815609767,"Daph",14,21.4
"3374",215,0.488916744485465,0.578346376416857,0.670628315371511,"Daph",14,21.5
"3375",216,0.492513490203142,0.582272522263462,0.674735498787615,"Daph",14,21.6
"3376",217,0.496067202322066,0.586053973369806,0.678769599137026,"Daph",14,21.7
"3377",218,0.499941091308102,0.589911630004075,0.682680670801658,"Daph",14,21.8
"3378",219,0.503633398939286,0.593861217466526,0.686599160485134,"Daph",14,21.9
"3379",220,0.507395233547708,0.597780622333188,0.690743990396948,"Daph",14,22
"3380",221,0.511081661636733,0.601757246778753,0.694746621539696,"Daph",14,22.1
"3381",222,0.51489330941359,0.605706028013945,0.698842037689977,"Daph",14,22.2
"3382",223,0.518739800783979,0.609626987505649,0.702803348368449,"Daph",14,22.3
"3383",224,0.522607487275909,0.613590835661167,0.706947354098433,"Daph",14,22.4
"3384",225,0.526261043304064,0.617540698745627,0.710893610040175,"Daph",14,22.5
"3385",226,0.530251893878616,0.621356751635286,0.715094168343349,"Daph",14,22.6
"3386",227,0.534110367987245,0.625302292582792,0.719038638558571,"Daph",14,22.7
"3387",228,0.538010790768929,0.629280220454315,0.722993331774662,"Daph",14,22.8
"3388",229,0.54171961781963,0.633237083349411,0.727211097537581,"Daph",14,22.9
"3389",230,0.545598074794776,0.637150519968299,0.731423746765658,"Daph",14,23
"3390",231,0.549476190793244,0.641042892942702,0.735613473305692,"Daph",14,23.1
"3391",232,0.553273343004717,0.644943995424587,0.739713813233819,"Daph",14,23.2
"3392",233,0.556963454010429,0.648910097107029,0.743865354761744,"Daph",14,23.3
"3393",234,0.56078688256344,0.652794054264182,0.747998623262193,"Daph",14,23.4
"3394",235,0.564582743642509,0.656797936035566,0.752172879103664,"Daph",14,23.5
"3395",236,0.568435697886085,0.660729312821413,0.756433084846663,"Daph",14,23.6
"3396",237,0.572400414497997,0.664699947862475,0.760685412926478,"Daph",14,23.7
"3397",238,0.576245128659531,0.668598364236121,0.764676184294557,"Daph",14,23.8
"3398",239,0.580271590496867,0.672624508630068,0.769008682026287,"Daph",14,23.9
"3399",240,0.584296988061081,0.67649732208107,0.773125013803224,"Daph",14,24
"3400",241,0.588084424352471,0.680456809353939,0.777182825026664,"Daph",14,24.1
"3401",242,0.592020852667644,0.684465851465169,0.781440268837094,"Daph",14,24.2
"3402",243,0.595848809083534,0.688525731631822,0.785666316220707,"Daph",14,24.3
"3403",244,0.599718082466912,0.692524381464992,0.789973532123046,"Daph",14,24.4
"3404",245,0.603501661266901,0.69655013206542,0.794024326527957,"Daph",14,24.5
"3405",246,0.607450994422027,0.700554776349503,0.797901681858445,"Daph",14,24.6
"3406",247,0.611137604214829,0.70453699427649,0.80224629555093,"Daph",14,24.7
"3407",248,0.614933818232916,0.708577609434109,0.806540836088948,"Daph",14,24.8
"3408",249,0.618707519777073,0.712564613487259,0.810648429992825,"Daph",14,24.9
"3409",250,0.622479073480069,0.716577755870647,0.814880794532172,"Daph",14,25
"3410",251,0.626233792666139,0.720653100133896,0.819196594769943,"Daph",14,25.1
"3411",252,0.629985104797554,0.724585125355479,0.823160703430619,"Daph",14,25.2
"3412",253,0.633834266454579,0.728641740323057,0.827229640719123,"Daph",14,25.3
"3413",254,0.637691721005164,0.732622899857629,0.83173063946146,"Daph",14,25.4
"3414",255,0.641490236375562,0.736569186602133,0.835745500651604,"Daph",14,25.5
"3415",256,0.645266061287575,0.740492682232687,0.840096299059892,"Daph",14,25.6
"3416",257,0.648963368113091,0.74451592734539,0.844449191272995,"Daph",14,25.7
"3417",258,0.652803486506783,0.748503070817546,0.848626928877046,"Daph",14,25.8
"3418",259,0.656623507675291,0.75247635054795,0.852926227185004,"Daph",14,25.9
"3419",260,0.6605067322343,0.75648559812768,0.856967782569563,"Daph",14,26
"3420",261,0.664257938330268,0.76054111322772,0.861202218366461,"Daph",14,26.1
"3421",262,0.66796957307888,0.764541757365537,0.865461600968887,"Daph",14,26.2
"3422",263,0.671651314562127,0.768553548783469,0.869683052279144,"Daph",14,26.3
"3423",264,0.675365959182971,0.772521056205532,0.873851781834791,"Daph",14,26.4
"3424",265,0.679099066605433,0.776579149695684,0.87820648325659,"Daph",14,26.5
"3425",266,0.6828596450239,0.780558488944448,0.882783979739605,"Daph",14,26.6
"3426",267,0.686666104756963,0.784560117288811,0.887111989964298,"Daph",14,26.7
"3427",268,0.690443572025192,0.788468792394106,0.891309606066306,"Daph",14,26.8
"3428",269,0.694128088474034,0.792406610283958,0.895558934103314,"Daph",14,26.9
"3429",270,0.69786427643866,0.796394202767994,0.899831997068645,"Daph",14,27
"3430",271,0.701614715002177,0.800336027225574,0.904296535199362,"Daph",14,27.1
"3431",272,0.705229701416294,0.804223701267099,0.908534030552897,"Daph",14,27.2
"3432",273,0.708772540772072,0.808348163076639,0.912415956761666,"Daph",14,27.3
"3433",274,0.712237955831786,0.812319714727737,0.91691491729488,"Daph",14,27.4
"3434",275,0.715844422127833,0.816245862334746,0.921220776393273,"Daph",14,27.5
"3435",276,0.719434856012008,0.8202609180832,0.925540471179767,"Daph",14,27.6
"3436",277,0.722892321328053,0.824224157263842,0.929903303471095,"Daph",14,27.7
"3437",278,0.726457931568956,0.828249376705248,0.934186904467554,"Daph",14,27.8
"3438",279,0.730148554142871,0.832161824394882,0.938484632198735,"Daph",14,27.9
"3439",280,0.733807583442657,0.836222107552417,0.94282357848415,"Daph",14,28
"3440",281,0.737457114731493,0.840159562562728,0.946980358779391,"Daph",14,28.1
"3441",282,0.741155301796623,0.843994845672011,0.951295081663433,"Daph",14,28.2
"3442",283,0.744671375791703,0.847996707641756,0.955407605644515,"Daph",14,28.3
"3443",284,0.748057626518301,0.852026386651295,0.959524924376777,"Daph",14,28.4
"3444",285,0.751722813077541,0.85600090970296,0.963852806205431,"Daph",14,28.5
"3445",286,0.75532679791444,0.860019851965487,0.968296348467135,"Daph",14,28.6
"3446",287,0.758553844513516,0.864083444446696,0.972669752563916,"Daph",14,28.7
"3447",288,0.761979588223465,0.868004650122446,0.977167389187477,"Daph",14,28.8
"3448",289,0.765587798032623,0.872011095387625,0.981872474058749,"Daph",14,28.9
"3449",290,0.769294701505613,0.875945452672778,0.986180016158635,"Daph",14,29
"3450",291,0.772908134855613,0.879814411199515,0.990339395047183,"Daph",14,29.1
"3451",292,0.776396434873048,0.883855403126169,0.99483196797159,"Daph",14,29.2
"3452",293,0.779823459319071,0.887749558439833,0.999317505922583,"Daph",14,29.3
"3453",294,0.783321264506282,0.891675670636056,1.00394935126888,"Daph",14,29.4
"3454",295,0.787119938189382,0.895534627767552,1.0082589199452,"Daph",14,29.5
"3455",296,0.790514192541749,0.899511899228287,1.01325408241769,"Daph",14,29.6
"3456",297,0.794040641593206,0.903433345845702,1.01769084722825,"Daph",14,29.7
"3457",298,0.797332667878212,0.907357807808156,1.02232162707854,"Daph",14,29.8
"3458",299,0.800529760303169,0.911268329973195,1.02620619221952,"Daph",14,29.9
"3459",300,0.804057791550807,0.915090705085189,1.03068898375865,"Daph",14,30
"3460",301,0.807288792067098,0.918943377933865,1.03515410838244,"Daph",14,30.1
"3461",302,0.810513428883129,0.922824777254904,1.03964554236169,"Daph",14,30.2
"3462",303,0.813692005726054,0.926621790519069,1.04371945572487,"Daph",14,30.3
"3463",304,0.816863809073799,0.930365870155158,1.04826870779029,"Daph",14,30.4
"3464",305,0.820095056126266,0.934253068455248,1.05264089233955,"Daph",14,30.5
"3465",306,0.823158615970451,0.938104868739764,1.05704980614491,"Daph",14,30.6
"3466",307,0.826303701259979,0.94186598662942,1.06179376794424,"Daph",14,30.7
"3467",308,0.829487297491577,0.945705026486,1.06675625524896,"Daph",14,30.8
"3468",309,0.832642096046944,0.949565663287495,1.07156847520504,"Daph",14,30.9
"3469",310,0.83589991797328,0.953243430460266,1.07621679586706,"Daph",14,31
"3470",311,0.839100504379803,0.957147551549888,1.08082426853079,"Daph",14,31.1
"3471",312,0.842260679739009,0.960945156567006,1.08544890202808,"Daph",14,31.2
"3472",313,0.845554049529111,0.964751670972577,1.08986616134148,"Daph",14,31.3
"3473",314,0.848847291799225,0.96846330807158,1.09424914047255,"Daph",14,31.4
"3474",315,0.852226427385223,0.97224016515679,1.09868282886957,"Daph",14,31.5
"3475",316,0.855350540603946,0.976004025792957,1.10333764247782,"Daph",14,31.6
"3476",317,0.858423507647475,0.97970871957701,1.10781959580375,"Daph",14,31.7
"3477",318,0.861561261872927,0.98342669270586,1.11263310956331,"Daph",14,31.8
"3478",319,0.864731706764097,0.987178458963096,1.11716443602532,"Daph",14,31.9
"3479",320,0.867813889246033,0.990893364802414,1.12184932437335,"Daph",14,32
"3480",321,0.870813085912656,0.99459930342153,1.12664373279302,"Daph",14,32.1
"3481",322,0.873914683980537,0.998332642829381,1.13131785343038,"Daph",14,32.2
"3482",323,0.877182340776637,1.00201410885393,1.13597604160553,"Daph",14,32.3
"3483",324,0.880280600175366,1.00575281573041,1.14075402207232,"Daph",14,32.4
"3484",325,0.883077577063061,1.00947718496579,1.14539182049156,"Daph",14,32.5
"3485",326,0.885972464994417,1.01314397360322,1.14966440406057,"Daph",14,32.6
"3486",327,0.88889913905886,1.01680498664479,1.15434082277776,"Daph",14,32.7
"3487",328,0.891724253825107,1.02046581268523,1.15898773917873,"Daph",14,32.8
"3488",329,0.894974642447107,1.0240988049944,1.16353699171554,"Daph",14,32.9
"3489",330,0.897794523925087,1.0277284241135,1.16826892890317,"Daph",14,33
"3490",331,0.900631266759616,1.03141089396305,1.17316963116707,"Daph",14,33.1
"3491",332,0.903469417904004,1.03519589186337,1.17835777320548,"Daph",14,33.2
"3492",333,0.906283345203561,1.03887287047355,1.18292530493115,"Daph",14,33.3
"3493",334,0.909336392742709,1.04252235378362,1.18765256743585,"Daph",14,33.4
"3494",335,0.912071454512891,1.04620181726753,1.1920634075865,"Daph",14,33.5
"3495",336,0.914774678348217,1.04997125189216,1.1969393419881,"Daph",14,33.6
"3496",337,0.917446542706662,1.05343822784266,1.20172621406198,"Daph",14,33.7
"3497",338,0.920213868503802,1.05704169880409,1.20666330335625,"Daph",14,33.8
"3498",339,0.922998540839283,1.06062805756661,1.2114978857616,"Daph",14,33.9
"3499",340,0.925709436331395,1.06435907437351,1.21647779070228,"Daph",14,34
"3500",341,0.928440773798275,1.06807125249861,1.22147475302107,"Daph",14,34.1
"3501",342,0.930884959145114,1.071587310249,1.2263570139638,"Daph",14,34.2
"3502",343,0.933397910630019,1.07513214812078,1.23112253283315,"Daph",14,34.3
"3503",344,0.935991951893262,1.07876312142676,1.23595492012163,"Daph",14,34.4
"3504",345,0.938238521414709,1.08233824158353,1.24063075159192,"Daph",14,34.5
"3505",346,0.940594864667076,1.08594498056693,1.24556166471005,"Daph",14,34.6
"3506",347,0.94302226606765,1.08953074569406,1.25049321749472,"Daph",14,34.7
"3507",348,0.945475646761414,1.09301246317201,1.25535027006391,"Daph",14,34.8
"3508",349,0.948071984830202,1.09650817759308,1.2598377175895,"Daph",14,34.9
"3509",350,0.950601911638627,1.09997208765838,1.26503740768387,"Daph",14,35
"3510",351,0.952615710722983,1.103345844314,1.2697487276941,"Daph",14,35.1
