"","time_step","q2.5","q50","q97.5","Species","Temp","Time"
"1",1,223370.342723564,256282.901803972,292775.854136063,"Alg",26,0.1
"2",2,226367.898284546,259468.524408419,296099.930147115,"Alg",26,0.2
"3",3,229402.238135312,262697.64928567,299556.099911404,"Alg",26,0.3
"4",4,232589.36615423,265983.902096991,303074.323622446,"Alg",26,0.4
"5",5,235720.622511647,269301.025194184,306634.87994924,"Alg",26,0.5
"6",6,238916.398770826,272652.4777788,310269.203493565,"Alg",26,0.6
"7",7,242186.839013129,276087.534431458,313786.14178477,"Alg",26,0.7
"8",8,245485.085854911,279587.166168297,317436.852146565,"Alg",26,0.8
"9",9,248908.140070276,283121.234891763,321097.700574467,"Alg",26,0.9
"10",10,252369.545117699,286706.654450382,324973.714573224,"Alg",26,1
"11",11,255799.789482997,290349.205057474,328724.880220317,"Alg",26,1.1
"12",12,259372.873998162,294028.408412972,332606.432402852,"Alg",26,1.2
"13",13,263015.004839771,297735.476082182,336562.152325368,"Alg",26,1.3
"14",14,266591.053615365,301482.701619852,340482.516231055,"Alg",26,1.4
"15",15,270297.734078847,305285.971873325,344511.567667312,"Alg",26,1.5
"16",16,273982.402119399,309146.314591876,348570.969698627,"Alg",26,1.6
"17",17,277670.900477123,313028.712076798,352694.947523122,"Alg",26,1.7
"18",18,281503.208998238,316978.043135296,356840.162609046,"Alg",26,1.8
"19",19,285213.658466636,320957.126582264,361120.201361469,"Alg",26,1.9
"20",20,289048.747780127,325024.104550767,365473.672972034,"Alg",26,2
"21",21,292987.585057431,329097.710365528,369858.969903406,"Alg",26,2.1
"22",22,296855.290454321,333216.446059671,374173.016094589,"Alg",26,2.2
"23",23,300806.556656588,337422.800027662,378554.755926009,"Alg",26,2.3
"24",24,304951.936189158,341636.987049762,383014.820695728,"Alg",26,2.4
"25",25,309041.570936524,345934.052087235,387579.523129503,"Alg",26,2.5
"26",26,313141.464939049,350259.88005267,392125.825899464,"Alg",26,2.6
"27",27,317247.813518374,354595.564743189,396759.083284272,"Alg",26,2.7
"28",28,321474.062211097,358986.656261947,401317.755561111,"Alg",26,2.8
"29",29,325705.248989905,363449.992833416,405957.622283144,"Alg",26,2.9
"30",30,330036.946489884,367972.855010113,410637.068718782,"Alg",26,3
"31",31,334349.146352869,372540.925086034,415348.043325426,"Alg",26,3.1
"32",32,338761.981045952,377131.413263004,420214.179201725,"Alg",26,3.2
"33",33,343171.7974582,381773.279336461,425183.320255839,"Alg",26,3.3
"34",34,347556.131435556,386499.939062067,430243.254649065,"Alg",26,3.4
"35",35,352174.423942363,391286.877317216,435321.023967141,"Alg",26,3.5
"36",36,356915.429577252,396111.73927403,440228.76450745,"Alg",26,3.6
"37",37,361499.434755862,401008.436194423,445294.662757104,"Alg",26,3.7
"38",38,366154.642505054,405930.847894348,450472.078113307,"Alg",26,3.8
"39",39,370779.486430205,410854.296945178,455786.917833073,"Alg",26,3.9
"40",40,375539.527041866,415844.770276588,461085.14671395,"Alg",26,4
"41",41,380306.433671002,420921.009054947,466259.386708151,"Alg",26,4.1
"42",42,385167.304344038,426011.870719846,471658.361446757,"Alg",26,4.2
"43",43,390032.969481082,431186.228688782,477083.005737926,"Alg",26,4.3
"44",44,394959.35594202,436345.65247507,482701.326288498,"Alg",26,4.4
"45",45,399982.587788141,441574.265788032,488256.860302259,"Alg",26,4.5
"46",46,404867.972664809,446840.448596418,493900.284713076,"Alg",26,4.6
"47",47,409791.331440692,452135.127529529,499459.636570969,"Alg",26,4.7
"48",48,414844.510268842,457577.18220128,505041.989512319,"Alg",26,4.8
"49",49,420014.277025874,463029.926068392,510840.392107384,"Alg",26,4.9
"50",50,425051.070171245,468499.031806823,516644.145154735,"Alg",26,5
"51",51,430284.273709789,474014.288249508,522642.083818047,"Alg",26,5.1
"52",52,435494.464455988,479579.473393824,528631.48831334,"Alg",26,5.2
"53",53,440643.203526714,485177.769652009,534593.658805877,"Alg",26,5.3
"54",54,445821.613575885,490807.46562544,540730.739716475,"Alg",26,5.4
"55",55,451179.811029747,496473.985611709,546658.959762961,"Alg",26,5.5
"56",56,456591.418120357,502196.61156162,552655.069237159,"Alg",26,5.6
"57",57,461917.41630798,507902.120357756,558906.497700157,"Alg",26,5.7
"58",58,467381.745004027,513668.552208949,565136.0202942,"Alg",26,5.8
"59",59,472936.170748776,519469.156942848,571578.68489321,"Alg",26,5.9
"60",60,478491.675485328,525314.763664218,577980.055020248,"Alg",26,6
"61",61,483826.392671674,531283.525071291,584354.464544139,"Alg",26,6.1
"62",62,489370.061398457,537156.875830817,590789.988242135,"Alg",26,6.2
"63",63,494623.070636756,543118.785190294,597045.894028757,"Alg",26,6.3
"64",64,500028.32881719,549127.673036362,603776.841081311,"Alg",26,6.4
"65",65,505541.541341762,555115.072347758,610240.331801347,"Alg",26,6.5
"66",66,511183.813546234,561110.503858325,616731.061180035,"Alg",26,6.6
"67",67,516803.317942907,567130.997984343,623445.753341486,"Alg",26,6.7
"68",68,522518.321421475,573239.393894388,630088.804102505,"Alg",26,6.8
"69",69,528108.613721362,579338.340770209,636689.243435648,"Alg",26,6.9
"70",70,533889.847958565,585399.299524104,643384.609112074,"Alg",26,7
"71",71,539388.938654501,591557.163185499,650174.317517144,"Alg",26,7.1
"72",72,544987.082094137,597706.899386459,656837.992148956,"Alg",26,7.2
"73",73,550912.298382426,603882.54028115,663785.20462662,"Alg",26,7.3
"74",74,556690.365588784,610095.803822689,670428.84877643,"Alg",26,7.4
"75",75,562341.710708498,616315.975014998,677065.73766009,"Alg",26,7.5
"76",76,568023.101474639,622553.091608661,683857.001814031,"Alg",26,7.6
"77",77,573748.17490857,628776.935050926,690953.259061702,"Alg",26,7.7
"78",78,579588.411167712,635091.212883243,697873.70456408,"Alg",26,7.8
"79",79,585312.45473233,641414.403056348,704800.541864778,"Alg",26,7.9
"80",80,590998.855561892,647752.885517242,711760.548250697,"Alg",26,8
"81",81,596850.746677533,654058.000013535,718613.45979717,"Alg",26,8.1
"82",82,602531.028992905,660428.713509638,725690.253486687,"Alg",26,8.2
"83",83,608262.86236289,666714.651000079,732260.042472324,"Alg",26,8.3
"84",84,613968.462872761,672990.431748407,739009.357115762,"Alg",26,8.4
"85",85,619750.518778233,679225.237901442,745995.494664788,"Alg",26,8.5
"86",86,625431.412951217,685587.291227218,752972.86035808,"Alg",26,8.6
"87",87,631082.908984978,691961.397905729,759762.77606535,"Alg",26,8.7
"88",88,636795.488487248,698252.608573383,766850.632413426,"Alg",26,8.8
"89",89,642506.990804999,704541.621678734,773947.570440011,"Alg",26,8.9
"90",90,648208.153174286,710867.145758457,780909.000424613,"Alg",26,9
"91",91,653969.018523514,717085.167780265,787791.463075584,"Alg",26,9.1
"92",92,659741.382650859,723293.730489981,794848.598028421,"Alg",26,9.2
"93",93,665326.234601729,729503.018711277,801796.657117175,"Alg",26,9.3
"94",94,671015.702376419,735758.005293329,808421.684451303,"Alg",26,9.4
"95",95,676556.395923444,741975.652062828,815140.906994225,"Alg",26,9.5
"96",96,682120.13304732,748061.201454857,821698.36093002,"Alg",26,9.6
"97",97,687766.366116496,754229.770752356,828462.265660289,"Alg",26,9.7
"98",98,693425.685308628,760278.212670508,835175.280887914,"Alg",26,9.8
"99",99,698800.067951136,766358.034538123,841719.205753872,"Alg",26,9.9
"100",100,704427.838550139,772405.229564949,848272.519282801,"Alg",26,10
"101",101,709901.845507433,778400.341889801,854673.749451408,"Alg",26,10.1
"102",102,715467.670319695,784341.524678,861066.490790167,"Alg",26,10.2
"103",103,720881.735713367,790288.573993004,867544.613657793,"Alg",26,10.3
"104",104,726362.504256749,796139.051148347,873914.362632114,"Alg",26,10.4
"105",105,731820.421176658,801957.175771452,880166.923392006,"Alg",26,10.5
"106",106,737059.28776324,807722.279866557,886613.542008989,"Alg",26,10.6
"107",107,742504.887853345,813517.622424548,892781.018312943,"Alg",26,10.7
"108",108,747670.562613614,819138.670734426,898760.961317192,"Alg",26,10.8
"109",109,752864.725798712,824740.629812805,904632.39965144,"Alg",26,10.9
"110",110,757967.78588699,830303.192419932,910585.0988561,"Alg",26,11
"111",111,762814.800010991,835765.115488637,916209.654606235,"Alg",26,11.1
"112",112,767925.741904485,841177.90249147,921889.58072514,"Alg",26,11.2
"113",113,772821.207529743,846498.617536699,927505.110370094,"Alg",26,11.3
"114",114,777658.556388179,851730.699092203,932999.452653776,"Alg",26,11.4
"115",115,782324.266784823,856854.028311721,938536.137075483,"Alg",26,11.5
"116",116,787101.997792562,861959.383861587,943984.524408428,"Alg",26,11.6
"117",117,791742.924226537,867007.262839953,949148.743743203,"Alg",26,11.7
"118",118,796195.963717441,871914.077036225,954584.757156654,"Alg",26,11.8
"119",119,800826.076472552,876778.571953906,959433.945703952,"Alg",26,11.9
"120",120,805318.347978413,881517.340503913,964402.262262414,"Alg",26,12
"121",121,809713.028028213,886136.675500157,969118.799408603,"Alg",26,12.1
"122",122,813950.393543786,890761.437047939,973892.354249764,"Alg",26,12.2
"123",123,818031.233058623,895225.503587055,978387.184273868,"Alg",26,12.3
"124",124,822350.922273705,899696.559054166,983010.344886832,"Alg",26,12.4
"125",125,826334.81217787,903962.256368471,987450.97801586,"Alg",26,12.5
"126",126,830245.342342707,908088.620409845,991531.387012919,"Alg",26,12.6
"127",127,834248.901214965,912202.94985843,995580.045895959,"Alg",26,12.7
"128",128,838256.220931659,916276.462474931,999381.005807355,"Alg",26,12.8
"129",129,842083.767582563,920160.051917778,1003074.48249148,"Alg",26,12.9
"130",130,845673.75883999,923970.213207739,1006855.4907662,"Alg",26,13
"131",131,849091.210428984,927674.749307113,1010691.20835852,"Alg",26,13.1
"132",132,852458.774875052,931240.30699487,1014098.69675195,"Alg",26,13.2
"133",133,856011.110038474,934625.166576578,1017382.21584721,"Alg",26,13.3
"134",134,859432.897354346,937889.422307057,1020748.94817231,"Alg",26,13.4
"135",135,862473.971043496,941048.401493449,1023848.72201863,"Alg",26,13.5
"136",136,865476.370971859,944173.469505994,1026607.13449506,"Alg",26,13.6
"137",137,868626.268987264,947095.169199765,1029394.34857005,"Alg",26,13.7
"138",138,871660.870157775,949880.874513053,1031836.19162511,"Alg",26,13.8
"139",139,874427.000638285,952720.650977742,1034425.60605619,"Alg",26,13.9
"140",140,877203.138674456,955260.920631371,1036393.79486968,"Alg",26,14
"141",141,879576.052667153,957820.520746227,1038400.1264114,"Alg",26,14.1
"142",142,881948.735548649,960211.341437531,1040373.64676785,"Alg",26,14.2
"143",143,884296.751172386,962426.682412581,1042449.7634402,"Alg",26,14.3
"144",144,886599.627537588,964519.368323429,1044430.11575887,"Alg",26,14.4
"145",145,888694.62311565,966471.996242868,1046171.85462128,"Alg",26,14.5
"146",146,890788.272632839,968341.289902439,1047755.90690926,"Alg",26,14.6
"147",147,892834.580990197,970109.558542761,1049221.24410177,"Alg",26,14.7
"148",148,894623.08612811,971771.683815054,1050869.60340535,"Alg",26,14.8
"149",149,896455.511911266,973236.226805095,1052127.71718484,"Alg",26,14.9
"150",150,898143.620306925,974541.683100061,1053189.36519284,"Alg",26,15
"151",151,899577.911913321,975718.855297019,1054270.72300096,"Alg",26,15.1
"152",152,901005.879668334,976838.919168843,1054826.45881502,"Alg",26,15.2
"153",153,902171.920334226,977722.059672461,1055461.24599629,"Alg",26,15.3
"154",154,903398.088725925,978494.786111667,1055801.37544601,"Alg",26,15.4
"155",155,904571.344615004,979295.215369814,1056139.76316718,"Alg",26,15.5
"156",156,905720.772407906,979908.302698691,1056501.20486374,"Alg",26,15.6
"157",157,906537.114228117,980430.716940963,1056498.45918533,"Alg",26,15.7
"158",158,907092.474649374,980756.238326989,1056547.20664942,"Alg",26,15.8
"159",159,907646.358069516,980941.508014828,1056468.15225408,"Alg",26,15.9
"160",160,908192.308878865,980923.826587279,1056256.10270942,"Alg",26,16
"161",161,908304.981059957,980860.688650059,1056100.51738605,"Alg",26,16.1
"162",162,908651.119753602,980673.70305172,1055321.85846096,"Alg",26,16.2
"163",163,908458.105918582,980345.211770714,1054854.31314537,"Alg",26,16.3
"164",164,908529.371584347,979937.582983617,1054416.94485139,"Alg",26,16.4
"165",165,908348.977118286,979334.324632617,1053937.46586017,"Alg",26,16.5
"166",166,908317.798063627,978735.448564461,1053160.55202182,"Alg",26,16.6
"167",167,908001.807209019,977995.874665883,1052008.39746003,"Alg",26,16.7
"168",168,907664.430260904,977159.576553853,1051042.59636071,"Alg",26,16.8
"169",169,906974.68000309,976260.045365354,1050094.92066752,"Alg",26,16.9
"170",170,906151.397889187,975175.327027251,1048733.32511354,"Alg",26,17
"171",171,904896.880618154,974038.421302614,1047226.74577502,"Alg",26,17.1
"172",172,903724.470868491,972804.134742662,1045255.80696777,"Alg",26,17.2
"173",173,902339.511906612,971423.903903596,1043655.90374499,"Alg",26,17.3
"174",174,900928.96923867,969927.450116229,1041605.1627138,"Alg",26,17.4
"175",175,899509.523849217,968388.380308635,1039824.62179757,"Alg",26,17.5
"176",176,898088.486859601,966597.162298925,1037952.15325652,"Alg",26,17.6
"177",177,896611.330793933,964792.573285181,1036227.8890852,"Alg",26,17.7
"178",178,894859.380655426,962758.325248844,1034092.79503321,"Alg",26,17.8
"179",179,892965.864557635,960762.237687575,1031668.79696307,"Alg",26,17.9
"180",180,890930.825066617,958622.219789996,1029265.95147631,"Alg",26,18
"181",181,889035.510843834,956415.586718335,1026875.44350615,"Alg",26,18.1
"182",182,886696.039871682,954168.180955436,1024463.06714975,"Alg",26,18.2
"183",183,884529.407864551,951763.629163232,1022060.47122311,"Alg",26,18.3
"184",184,882162.54785827,949245.368334712,1019490.73216075,"Alg",26,18.4
"185",185,879799.752272079,946670.894760307,1016742.4188474,"Alg",26,18.5
"186",186,877189.571557577,944087.533995344,1013886.17057565,"Alg",26,18.6
"187",187,874417.246131011,941440.814315597,1011066.09476629,"Alg",26,18.7
"188",188,871727.081066011,938706.80074847,1008292.94644677,"Alg",26,18.8
"189",189,868748.155609841,935821.227178905,1005203.85000278,"Alg",26,18.9
"190",190,865657.536192433,932845.392905785,1001972.49295411,"Alg",26,19
"191",191,862601.054566553,929784.947256994,998895.288663458,"Alg",26,19.1
"192",192,859542.707127022,926549.42443529,995523.054403224,"Alg",26,19.2
"193",193,856368.11845204,923275.516158959,992324.707979988,"Alg",26,19.3
"194",194,852850.707442602,920087.676749378,989229.449929464,"Alg",26,19.4
"195",195,849456.780846176,916770.06296069,985848.977143412,"Alg",26,19.5
"196",196,845924.127629306,913338.089857125,982181.085508307,"Alg",26,19.6
"197",197,842416.168561707,909828.207470865,978592.486350233,"Alg",26,19.7
"198",198,838825.08224771,906247.752993302,974968.451193454,"Alg",26,19.8
"199",199,834904.328216484,902566.657592701,971239.892738336,"Alg",26,19.9
"200",200,831053.825339272,898857.021311704,967569.964486575,"Alg",26,20
"201",201,827175.092753918,895119.565023901,963829.961986659,"Alg",26,20.1
"202",202,823373.820312024,891318.546981242,960118.074550365,"Alg",26,20.2
"203",203,819279.233092163,887468.924359495,956392.063378642,"Alg",26,20.3
"204",204,815196.526779296,883567.291218408,952527.957966851,"Alg",26,20.4
"205",205,811075.905698075,879607.189079175,948537.316804762,"Alg",26,20.5
"206",206,806813.494146641,875627.84645008,944511.475468025,"Alg",26,20.6
"207",207,802580.042705914,871521.440630213,940637.186304877,"Alg",26,20.7
"208",208,798492.490559426,867343.160852324,936553.858204652,"Alg",26,20.8
"209",209,794311.746970231,863048.785191303,932388.129712504,"Alg",26,20.9
"210",210,789913.452481264,858890.762853629,928143.450738067,"Alg",26,21
"211",211,785541.681978172,854625.72311738,923777.111068527,"Alg",26,21.1
"212",212,781123.755229288,850252.398010573,919186.121156374,"Alg",26,21.2
"213",213,776590.623719178,845905.390714939,914778.117737692,"Alg",26,21.3
"214",214,772233.019413181,841483.369181625,910425.57291087,"Alg",26,21.4
"215",215,767480.521217051,837051.639243459,906147.686206415,"Alg",26,21.5
"216",216,762913.669801106,832636.894563081,901734.098946974,"Alg",26,21.6
"217",217,758493.796220522,828084.865906083,897360.73002438,"Alg",26,21.7
"218",218,753807.17042662,823502.913385591,892893.501484756,"Alg",26,21.8
"219",219,749172.722794483,818882.969584021,888388.564421529,"Alg",26,21.9
"220",220,744442.146481269,814299.040224964,883870.972131161,"Alg",26,22
"221",221,739781.38291797,809617.560377757,879282.115385148,"Alg",26,22.1
"222",222,735012.662568257,804904.278533917,874561.285531478,"Alg",26,22.2
"223",223,730052.833505721,800240.957307967,869898.090439463,"Alg",26,22.3
"224",224,725384.677410488,795511.353349709,865111.106418469,"Alg",26,22.4
"225",225,720575.041319894,790806.976767766,860153.994895934,"Alg",26,22.5
"226",226,715726.294294242,786027.614164336,855329.330356247,"Alg",26,22.6
"227",227,710932.117742829,781217.970587595,850419.076721881,"Alg",26,22.7
"228",228,706078.97727086,776372.992242486,845612.1238416,"Alg",26,22.8
"229",229,701112.898698402,771506.716117921,840814.406084477,"Alg",26,22.9
"230",230,696231.475225001,766629.056396892,835851.396903048,"Alg",26,23
"231",231,691386.472279426,761709.583038953,830816.567085274,"Alg",26,23.1
"232",232,686478.264953405,756788.938040343,825754.514045692,"Alg",26,23.2
"233",233,681691.958371766,751747.472368945,820844.514589369,"Alg",26,23.3
"234",234,676853.200791849,746795.719504677,815635.288246624,"Alg",26,23.4
"235",235,672070.215484642,741742.36526027,810656.006750665,"Alg",26,23.5
"236",236,667238.756823524,736757.772304572,805706.984445008,"Alg",26,23.6
"237",237,662314.139691931,731775.235109305,800763.779155828,"Alg",26,23.7
"238",238,657331.266556164,726817.910831504,795814.333922548,"Alg",26,23.8
"239",239,652434.095568895,721850.204331344,790818.255119511,"Alg",26,23.9
"240",240,647587.041014287,716823.102245162,785875.143472828,"Alg",26,24
"241",241,642759.904412754,711854.302488131,780808.26201927,"Alg",26,24.1
"242",242,637995.293099244,706812.052644831,775837.637872524,"Alg",26,24.2
"243",243,633197.846996004,701801.400048179,770816.433500821,"Alg",26,24.3
"244",244,628342.136711168,696730.849177343,765864.827947263,"Alg",26,24.4
"245",245,623583.259747968,691715.086459919,760720.67718357,"Alg",26,24.5
"246",246,618807.511243439,686663.540367533,755690.428551152,"Alg",26,24.6
"247",247,613961.730297981,681689.417190665,750581.475123185,"Alg",26,24.7
"248",248,609171.478592947,676666.66442681,745462.376516449,"Alg",26,24.8
"249",249,604382.46281361,671701.421153628,740393.509442899,"Alg",26,24.9
"250",250,599574.987345771,666674.093971311,735272.178753964,"Alg",26,25
"251",251,594769.186343647,661671.241626245,730122.750522825,"Alg",26,25.1
"252",252,590098.499714916,656712.378929889,724977.923754772,"Alg",26,25.2
"253",253,585381.481103732,651724.534650782,719822.42275415,"Alg",26,25.3
"254",254,580578.72964208,646786.556972302,714742.270642413,"Alg",26,25.4
"255",255,575799.877011988,641866.363427511,709720.399195607,"Alg",26,25.5
"256",256,571089.560403709,636931.197806404,704628.02656021,"Alg",26,25.6
"257",257,566533.98350108,631985.777958898,699568.209987638,"Alg",26,25.7
"258",258,561895.871679545,627064.045960194,694465.541171092,"Alg",26,25.8
"259",259,557328.320469473,622145.163024002,689260.613450521,"Alg",26,25.9
"260",260,552730.249468027,617246.081367232,684160.443303196,"Alg",26,26
"261",261,548096.734322755,612363.200109895,678944.448007628,"Alg",26,26.1
"262",262,543492.552620229,607507.15831497,673809.899611843,"Alg",26,26.2
"263",263,538939.219553501,602637.831169834,668734.442170885,"Alg",26,26.3
"264",264,534395.857881891,597847.480016826,663791.616851028,"Alg",26,26.4
"265",265,529892.654587901,593028.120278008,658599.819862388,"Alg",26,26.5
"266",266,525496.349687475,588288.078865659,653523.549440046,"Alg",26,26.6
"267",267,521085.334589257,583517.376048025,648585.151020531,"Alg",26,26.7
"268",268,516565.654031707,578764.343305469,643502.66033639,"Alg",26,26.8
"269",269,512206.961121547,574029.407452356,638479.157475689,"Alg",26,26.9
"270",270,507814.411219725,569289.516000697,633456.156268369,"Alg",26,27
"271",271,503397.827988437,564612.972868802,628452.440719199,"Alg",26,27.1
"272",272,499036.682763002,559949.617895494,623515.962850516,"Alg",26,27.2
"273",273,494686.542185786,555297.694075756,618679.860486864,"Alg",26,27.3
"274",274,490381.991324595,550650.661567389,613769.350075483,"Alg",26,27.4
"275",275,486118.313970021,546043.833954624,608880.743395589,"Alg",26,27.5
"276",276,481900.543040412,541461.221601972,603986.086734506,"Alg",26,27.6
"277",277,477697.921696315,536880.358814842,599074.362275059,"Alg",26,27.7
"278",278,473485.29583042,532298.763400603,594218.638321691,"Alg",26,27.8
"279",279,469373.89537875,527790.817803959,589463.667066847,"Alg",26,27.9
"280",280,465260.166177537,523294.000637724,584605.478029761,"Alg",26,28
"281",281,461198.820020567,518828.458031621,579876.026474871,"Alg",26,28.1
"282",282,457080.777483975,514354.759760722,575141.048774385,"Alg",26,28.2
"283",283,453060.056143128,509907.985377807,570451.812729359,"Alg",26,28.3
"284",284,449000.976393668,505484.562316519,565711.309718784,"Alg",26,28.4
"285",285,444970.030130504,501097.723741595,560946.357401812,"Alg",26,28.5
"286",286,440968.790688543,496750.975083618,556298.307826174,"Alg",26,28.6
"287",287,437033.03752627,492408.540013163,551627.961187993,"Alg",26,28.7
"288",288,433139.708647921,488150.557734948,547026.087614542,"Alg",26,28.8
"289",289,429282.260375325,483859.668048495,542396.175079356,"Alg",26,28.9
"290",290,425374.283911587,479599.923251916,537791.853153244,"Alg",26,29
"291",291,421489.034241216,475370.94938172,533229.3528475,"Alg",26,29.1
"292",292,417644.213552353,471213.072394275,528807.695993227,"Alg",26,29.2
"293",293,413822.37472063,467059.367787239,524329.843025553,"Alg",26,29.3
"294",294,409987.163332824,462907.225630506,519862.976803399,"Alg",26,29.4
"295",295,406212.995590928,458793.300771372,515365.638161594,"Alg",26,29.5
"296",296,402496.422964565,454691.14858505,510903.120880131,"Alg",26,29.6
"297",297,398824.81651906,450617.114833417,506468.159038568,"Alg",26,29.7
"298",298,395147.487645704,446596.500619781,502064.328009581,"Alg",26,29.8
"299",299,391506.020669917,442590.402947004,497804.09166651,"Alg",26,29.9
"300",300,387898.630710939,438606.587741205,493470.444432661,"Alg",26,30
"301",301,384319.969367346,434650.80113648,489187.943482138,"Alg",26,30.1
"302",302,380778.110580041,430738.22820119,484919.79696989,"Alg",26,30.2
"303",303,377272.916446106,426843.73343863,480636.877660002,"Alg",26,30.3
"304",304,373816.299045044,422976.710957422,476423.38607291,"Alg",26,30.4
"305",305,370392.21380756,419136.40793839,472251.568707927,"Alg",26,30.5
"306",306,366974.268443477,415344.292871333,468043.638326739,"Alg",26,30.6
"307",307,363526.175515623,411551.6333955,463931.603865652,"Alg",26,30.7
"308",308,360154.410344204,407782.482249787,459802.550822458,"Alg",26,30.8
"309",309,356809.271875636,404060.852097688,455729.172679015,"Alg",26,30.9
"310",310,353498.647157732,400361.200192813,451731.302944098,"Alg",26,31
"311",311,350202.021485196,396685.688403115,447661.362736817,"Alg",26,31.1
"312",312,346923.162641471,393035.925836287,443671.10353559,"Alg",26,31.2
"313",313,343671.316531821,389415.615996574,439767.740592643,"Alg",26,31.3
"314",314,340484.70509836,385843.395326986,435764.778133227,"Alg",26,31.4
"315",315,337291.55255389,382269.147348559,431834.035537307,"Alg",26,31.5
"316",316,334089.873337934,378746.730287696,427950.857671982,"Alg",26,31.6
"317",317,330940.547717325,375234.331376446,424109.65243906,"Alg",26,31.7
"318",318,327823.910174385,371750.166311418,420280.067357527,"Alg",26,31.8
"319",319,324726.145801567,368305.49361208,416436.142311213,"Alg",26,31.9
"320",320,321676.389019077,364903.848425385,412649.734944677,"Alg",26,32
"321",321,318620.554130343,361509.112984084,408901.314201706,"Alg",26,32.1
"322",322,315589.369100876,358162.63264851,405198.740573847,"Alg",26,32.2
"323",323,312610.812820114,354823.950549779,401456.944044806,"Alg",26,32.3
"324",324,309695.731268131,351522.485512507,397826.578801488,"Alg",26,32.4
"325",325,306801.482532406,348248.557778833,394134.796045248,"Alg",26,32.5
"326",326,303894.66643563,345004.723073877,390557.046694659,"Alg",26,32.6
"327",327,301007.680851534,341797.471837272,386952.828742085,"Alg",26,32.7
"328",328,298156.740853033,338606.92022804,383376.975524699,"Alg",26,32.8
"329",329,295336.426772515,335416.587432381,379829.323503413,"Alg",26,32.9
"330",330,292544.694157377,332263.126718611,376316.663027732,"Alg",26,33
"331",331,289783.41483338,329141.674903532,372820.687475011,"Alg",26,33.1
"332",332,287039.461685376,326047.829779467,369358.483017197,"Alg",26,33.2
"333",333,284319.011037425,322980.595567001,365934.428692869,"Alg",26,33.3
"334",334,281618.241161268,319934.629298857,362546.766676678,"Alg",26,33.4
"335",335,278938.74298114,316918.074568627,359172.058924129,"Alg",26,33.5
"336",336,276282.691054454,313916.169887074,355806.311480022,"Alg",26,33.6
"337",337,273644.759156484,310944.441158695,352535.053423542,"Alg",26,33.7
"338",338,271028.016319751,308011.851625538,349219.339369359,"Alg",26,33.8
"339",339,268435.370805693,305098.468270163,345969.327128717,"Alg",26,33.9
"340",340,265866.170337391,302199.770529275,342687.599858745,"Alg",26,34
"341",341,263320.246841972,299325.636936582,339443.83780112,"Alg",26,34.1
"342",342,260797.43194745,296478.465486047,336256.451227692,"Alg",26,34.2
"343",343,258297.397528305,293659.505033774,333131.359730095,"Alg",26,34.3
"344",344,255825.79780357,290872.280441663,330025.025170783,"Alg",26,34.4
"345",345,253390.492730999,288103.568062525,326933.872168952,"Alg",26,34.5
"346",346,250939.497152193,285356.319237249,323846.4413758,"Alg",26,34.6
"347",347,248522.613286473,282637.598759814,320786.495242719,"Alg",26,34.7
"348",348,246140.053456337,279949.108762049,317752.078711374,"Alg",26,34.8
"349",349,243788.310990463,277280.096445659,314767.849468139,"Alg",26,34.9
"350",350,241457.873298641,274636.038813413,311809.254545937,"Alg",26,35
"351",351,239137.945175259,272016.937669846,308875.430979564,"Alg",26,35.1
"352",1,0.0299026321640658,0.0522515784710225,0.0889321959965822,"Daph",26,0.1
"353",2,0.029992946675897,0.051998371907441,0.0867984059293561,"Daph",26,0.2
"354",3,0.0301630684392233,0.0517601432938471,0.0848842237980968,"Daph",26,0.3
"355",4,0.0303233961857308,0.0514674027555987,0.0830286661447113,"Daph",26,0.4
"356",5,0.030445838339693,0.0512399326797413,0.0814093446799698,"Daph",26,0.5
"357",6,0.0306302951570624,0.0509983597733198,0.0797483623071801,"Daph",26,0.6
"358",7,0.03077432040749,0.05081680903638,0.0784578992212863,"Daph",26,0.7
"359",8,0.0309678188447597,0.0506610683812166,0.0771233438039061,"Daph",26,0.8
"360",9,0.0311361302311169,0.0504917836783806,0.0760429375913193,"Daph",26,0.9
"361",10,0.0313188295274113,0.050362270789597,0.0748367958573949,"Daph",26,1
"362",11,0.0315112529278482,0.0502465990678656,0.0738013637504061,"Daph",26,1.1
"363",12,0.0317452004819514,0.0501178827810311,0.0727856601410168,"Daph",26,1.2
"364",13,0.0319550956761642,0.0500478981914493,0.0718846195841367,"Daph",26,1.3
"365",14,0.0321521780147701,0.0499582235506738,0.0711065708357839,"Daph",26,1.4
"366",15,0.0323856182620473,0.0498924009155054,0.0703478806250634,"Daph",26,1.5
"367",16,0.0325958431614335,0.0498384774317232,0.0698825991801656,"Daph",26,1.6
"368",17,0.0328204794400933,0.0498009515149018,0.069413156126766,"Daph",26,1.7
"369",18,0.0330322424216372,0.0497905693152737,0.0690210380928421,"Daph",26,1.8
"370",19,0.0333066002325535,0.0498137641644987,0.0687714421914662,"Daph",26,1.9
"371",20,0.033560874179941,0.049831365875075,0.0685183798290429,"Daph",26,2
"372",21,0.0338143770634797,0.0498910233137911,0.0682978880416841,"Daph",26,2.1
"373",22,0.0340911314439212,0.0499634041617168,0.0681052929627205,"Daph",26,2.2
"374",23,0.0343567432666462,0.0500510775250845,0.0679488367835119,"Daph",26,2.3
"375",24,0.034603865155192,0.0501584556809174,0.0677855835825957,"Daph",26,2.4
"376",25,0.0348212212281041,0.0502858615552022,0.0678025392031029,"Daph",26,2.5
"377",26,0.03500302191109,0.0504265598287797,0.0678324209299423,"Daph",26,2.6
"378",27,0.0352238346899437,0.0505538181661188,0.0678309356104648,"Daph",26,2.7
"379",28,0.0354748302229761,0.0507205695106778,0.0678976846993286,"Daph",26,2.8
"380",29,0.0356774528187787,0.0509130304673639,0.0679749266707461,"Daph",26,2.9
"381",30,0.0359353222500744,0.0511148446476835,0.0681091596978894,"Daph",26,3
"382",31,0.0361965686005801,0.0513399042270042,0.0683259239081897,"Daph",26,3.1
"383",32,0.0364493527824836,0.051565904816488,0.0685324651178197,"Daph",26,3.2
"384",33,0.0367184774077309,0.0518282632544925,0.0687640215013096,"Daph",26,3.3
"385",34,0.0370206898557864,0.0521155703933115,0.0690561530740712,"Daph",26,3.4
"386",35,0.0373080369871305,0.0523936614161275,0.0693623478974682,"Daph",26,3.5
"387",36,0.0375557529649715,0.0527123441976193,0.0697296531086231,"Daph",26,3.6
"388",37,0.037882222716251,0.0530526011112045,0.0700815371258686,"Daph",26,3.7
"389",38,0.0381765218132147,0.0533905405761297,0.0704281147143435,"Daph",26,3.8
"390",39,0.0384894255023082,0.0537524501457456,0.0708193865322021,"Daph",26,3.9
"391",40,0.0388349192813802,0.0541226571583803,0.0712762200107915,"Daph",26,4
"392",41,0.0391772296564821,0.0545232911264857,0.07169919461361,"Daph",26,4.1
"393",42,0.0394923799964344,0.0549493233845041,0.072199434919932,"Daph",26,4.2
"394",43,0.0398228394104506,0.055386031702853,0.0726892249445233,"Daph",26,4.3
"395",44,0.0401616006317564,0.0558595577484629,0.0731836543469545,"Daph",26,4.4
"396",45,0.0405074969594116,0.0563227081913124,0.073683650454693,"Daph",26,4.5
"397",46,0.0409076266736254,0.0568280807308763,0.0742603170389278,"Daph",26,4.6
"398",47,0.0413361642974437,0.057325680800256,0.0748623123457319,"Daph",26,4.7
"399",48,0.0417382848296027,0.0578638439871346,0.075495675789714,"Daph",26,4.8
"400",49,0.0421270575720011,0.0583970651478864,0.0760754264751468,"Daph",26,4.9
"401",50,0.042513066095678,0.0589427818739782,0.0767123676021582,"Daph",26,5
"402",51,0.0429647506120394,0.0595227787468879,0.0774303869142743,"Daph",26,5.1
"403",52,0.0434047697592411,0.0601268333214702,0.0781040388484419,"Daph",26,5.2
"404",53,0.0438926032411472,0.0607488186736518,0.0788651677560172,"Daph",26,5.3
"405",54,0.0443655425760051,0.0614041052955861,0.0796099633000527,"Daph",26,5.4
"406",55,0.0448375091871249,0.0620271943416773,0.0803689628791042,"Daph",26,5.5
"407",56,0.0453356821398002,0.0626992984686604,0.0810848698074158,"Daph",26,5.6
"408",57,0.0458746798723596,0.0633958179238614,0.0818993207889964,"Daph",26,5.7
"409",58,0.0464101952384857,0.0640922845092272,0.0826955153788239,"Daph",26,5.8
"410",59,0.0469829805395909,0.0648015461680478,0.0835475353605086,"Daph",26,5.9
"411",60,0.0475579912802999,0.0655476011306892,0.0844262411414065,"Daph",26,6
"412",61,0.0481469293893506,0.0663031201371951,0.0852163263448899,"Daph",26,6.1
"413",62,0.0487345296489589,0.0670932259896852,0.086169493458799,"Daph",26,6.2
"414",63,0.0494005554553554,0.0678975170636055,0.0871285110148706,"Daph",26,6.3
"415",64,0.0500023996768732,0.0687505388827767,0.0881303253995535,"Daph",26,6.4
"416",65,0.0506784963524815,0.0695912987371735,0.0891562739909294,"Daph",26,6.5
"417",66,0.051377126777847,0.0704542912690971,0.0901414443487781,"Daph",26,6.6
"418",67,0.052066446984249,0.0713380922425855,0.09117384328177,"Daph",26,6.7
"419",68,0.0527366667934812,0.0722244401574385,0.0922191069572666,"Daph",26,6.8
"420",69,0.0533443588474203,0.0731203887203539,0.0932720091700493,"Daph",26,6.9
"421",70,0.0540457511273638,0.0740434470428083,0.0942972399543266,"Daph",26,7
"422",71,0.0548486880238251,0.0749931635302036,0.0953318881381047,"Daph",26,7.1
"423",72,0.05561304602019,0.0759412746335463,0.0963953781318223,"Daph",26,7.2
"424",73,0.0563829455780929,0.0769232695930532,0.0975321814245024,"Daph",26,7.3
"425",74,0.0572293555130584,0.0779224780807855,0.0987160723303994,"Daph",26,7.4
"426",75,0.057999791036833,0.0789428186291571,0.0998553005090246,"Daph",26,7.5
"427",76,0.0588229510399157,0.079968432418366,0.101007616455441,"Daph",26,7.6
"428",77,0.0597666083012533,0.0810306141845987,0.1022893922955,"Daph",26,7.7
"429",78,0.0606668914744793,0.0821026022694042,0.10355777494265,"Daph",26,7.8
"430",79,0.0615581032891954,0.0831730414312439,0.104728506085825,"Daph",26,7.9
"431",80,0.0625617322838512,0.0842828796472313,0.106023959000709,"Daph",26,8
"432",81,0.0635047549819511,0.0853923143143072,0.107327059587336,"Daph",26,8.1
"433",82,0.0644620594106591,0.0865245128925246,0.10855505198626,"Daph",26,8.2
"434",83,0.0654162071816747,0.087711115693704,0.109858799402796,"Daph",26,8.3
"435",84,0.0664681616866031,0.0889067623588732,0.111228169089132,"Daph",26,8.4
"436",85,0.0674850139756086,0.0900972731492635,0.112570019369303,"Daph",26,8.5
"437",86,0.0685669826777246,0.0912940110660649,0.114040204851366,"Daph",26,8.6
"438",87,0.069594057928345,0.0925008185685975,0.115450532486024,"Daph",26,8.7
"439",88,0.0706449192393053,0.09373692124387,0.116906133610376,"Daph",26,8.8
"440",89,0.0717967099771938,0.095011631677995,0.118296293624741,"Daph",26,8.9
"441",90,0.072870477473449,0.0962439259883106,0.119788967375137,"Daph",26,9
"442",91,0.0739412546153934,0.0975376263181671,0.121332460309514,"Daph",26,9.1
"443",92,0.0750617896171186,0.0988194006958469,0.122794119481116,"Daph",26,9.2
"444",93,0.0761749170161358,0.100130078785795,0.124254479524675,"Daph",26,9.3
"445",94,0.0774538887656192,0.101485311440588,0.125750590610345,"Daph",26,9.4
"446",95,0.0785610559944781,0.102832283069665,0.127308760231971,"Daph",26,9.5
"447",96,0.079734443195117,0.104173609930492,0.128948772132162,"Daph",26,9.6
"448",97,0.0809020264688173,0.105573974969039,0.130540966643732,"Daph",26,9.7
"449",98,0.0820858019252895,0.106927270806376,0.132150027323312,"Daph",26,9.8
"450",99,0.0833220777546737,0.10831513366208,0.133711074630771,"Daph",26,9.9
"451",100,0.0844541288895877,0.109698404424316,0.135342273066126,"Daph",26,10
"452",101,0.0857042353492501,0.11109838529608,0.136977684291626,"Daph",26,10.1
"453",102,0.0869380613950829,0.112526267680752,0.138521442095201,"Daph",26,10.2
"454",103,0.0881602772157801,0.113958157429093,0.140201756681322,"Daph",26,10.3
"455",104,0.0893612967307622,0.11535105915571,0.141930269998971,"Daph",26,10.4
"456",105,0.0906179947202388,0.116781905333696,0.143641142788392,"Daph",26,10.5
"457",106,0.0918349379381136,0.118213611678759,0.145290557891259,"Daph",26,10.6
"458",107,0.0930562169231535,0.119658687742925,0.147090110363638,"Daph",26,10.7
"459",108,0.094345518838478,0.121123785848255,0.148780733244751,"Daph",26,10.8
"460",109,0.0955462937785255,0.122576180870163,0.150346369975594,"Daph",26,10.9
"461",110,0.0968345403256552,0.123958651645926,0.151918720504739,"Daph",26,11
"462",111,0.098115551530336,0.125357988428945,0.153725695998284,"Daph",26,11.1
"463",112,0.0993079413447808,0.126745840503734,0.155596846689064,"Daph",26,11.2
"464",113,0.100529581962204,0.128166128978018,0.15720197764278,"Daph",26,11.3
"465",114,0.101737675839958,0.129523122921257,0.158895278893843,"Daph",26,11.4
"466",115,0.103015957192286,0.13093218708485,0.160513602473198,"Daph",26,11.5
"467",116,0.104233093433739,0.132301720383147,0.162131856866583,"Daph",26,11.6
"468",117,0.105485643762879,0.133678186001742,0.16359515015081,"Daph",26,11.7
"469",118,0.106692555337497,0.134997601724067,0.165174723994252,"Daph",26,11.8
"470",119,0.107962758340343,0.136307962013847,0.166753973854442,"Daph",26,11.9
"471",120,0.109130973940136,0.137606995530706,0.168382753641603,"Daph",26,12
"472",121,0.11025745745494,0.138874337563588,0.1699460143871,"Daph",26,12.1
"473",122,0.111280502191282,0.140130391000467,0.171421053255327,"Daph",26,12.2
"474",123,0.112287623447488,0.141388628809043,0.172940155175545,"Daph",26,12.3
"475",124,0.113436721309978,0.142617623575318,0.174434853048362,"Daph",26,12.4
"476",125,0.114542781459626,0.143788099368187,0.175816206002968,"Daph",26,12.5
"477",126,0.115536887065584,0.145017872369074,0.177098293879681,"Daph",26,12.6
"478",127,0.116576947043128,0.146122715138792,0.178497378028921,"Daph",26,12.7
"479",128,0.117625941772528,0.147221915021581,0.179784237370303,"Daph",26,12.8
"480",129,0.1185678726703,0.148248086429345,0.181135351009585,"Daph",26,12.9
"481",130,0.119511844141102,0.149262236667882,0.182113169871967,"Daph",26,13
"482",131,0.120432437280762,0.150231484307725,0.183107726497529,"Daph",26,13.1
"483",132,0.121283735393764,0.151147111260127,0.184244745398197,"Daph",26,13.2
"484",133,0.122250409079622,0.151993986279788,0.185219740997646,"Daph",26,13.3
"485",134,0.123077886630117,0.152857725178961,0.186090848724705,"Daph",26,13.4
"486",135,0.123846552623018,0.153637024861981,0.186857454741735,"Daph",26,13.5
"487",136,0.124616814321698,0.154392892156326,0.18768832684008,"Daph",26,13.6
"488",137,0.125352386481845,0.155087945138237,0.188449671364205,"Daph",26,13.7
"489",138,0.125929859997665,0.155729798930211,0.188971091781136,"Daph",26,13.8
"490",139,0.126511835386304,0.156305793114036,0.189420412083173,"Daph",26,13.9
"491",140,0.127081874883877,0.156821253381131,0.189775566131346,"Daph",26,14
"492",141,0.127630511455502,0.157227672658607,0.190196443628391,"Daph",26,14.1
"493",142,0.128117166393927,0.157685324625333,0.190350369496302,"Daph",26,14.2
"494",143,0.128436635600448,0.158003550159823,0.190604021323295,"Daph",26,14.3
"495",144,0.128850649567747,0.158269938926579,0.190679196836811,"Daph",26,14.4
"496",145,0.129211615177176,0.158450160875643,0.19054372712035,"Daph",26,14.5
"497",146,0.129499666840406,0.158557645760331,0.190536520728209,"Daph",26,14.6
"498",147,0.129772596714317,0.158609849661738,0.190438375979362,"Daph",26,14.7
"499",148,0.129913613575292,0.158599612500202,0.190208765284278,"Daph",26,14.8
"500",149,0.129899668595556,0.15849332654689,0.189798712245477,"Daph",26,14.9
"501",150,0.129903519998117,0.158290737313903,0.189325884555558,"Daph",26,15
"502",151,0.129907194077524,0.158015458902487,0.188830790961178,"Daph",26,15.1
"503",152,0.12978654322792,0.157642928916645,0.188280094868352,"Daph",26,15.2
"504",153,0.129489366521538,0.15722540858799,0.187550667523136,"Daph",26,15.3
"505",154,0.129281765571971,0.156760415993717,0.186828963118097,"Daph",26,15.4
"506",155,0.12894797405328,0.156175915119032,0.185836815183344,"Daph",26,15.5
"507",156,0.128518665193669,0.155550673604123,0.184749826275131,"Daph",26,15.6
"508",157,0.128120351040716,0.154829552392985,0.183833700921423,"Daph",26,15.7
"509",158,0.127633511807298,0.15404001492809,0.182694627996533,"Daph",26,15.8
"510",159,0.126895383322335,0.153152826418106,0.181563723420941,"Daph",26,15.9
"511",160,0.12624910558661,0.152211731592218,0.180430585980435,"Daph",26,16
"512",161,0.125406656149361,0.151143027766884,0.179224091226711,"Daph",26,16.1
"513",162,0.124503331804801,0.150027023729866,0.177781257881445,"Daph",26,16.2
"514",163,0.12341072950892,0.148848052386082,0.17644654032443,"Daph",26,16.3
"515",164,0.122388607720973,0.147642912706647,0.175043557308805,"Daph",26,16.4
"516",165,0.121023080945379,0.146350384110542,0.173629395219511,"Daph",26,16.5
"517",166,0.11970244020815,0.144960933641625,0.17217342114559,"Daph",26,16.6
"518",167,0.118356848098833,0.143512879214189,0.170643662945687,"Daph",26,16.7
"519",168,0.116888372684647,0.141956566118136,0.169122707104664,"Daph",26,16.8
"520",169,0.115212700523075,0.140425885815188,0.167599297337229,"Daph",26,16.9
"521",170,0.113414204006101,0.138775682916967,0.165776524510392,"Daph",26,17
"522",171,0.111750046532663,0.137096196673653,0.163861017827186,"Daph",26,17.1
"523",172,0.10991973343011,0.135305366146233,0.161953444319588,"Daph",26,17.2
"524",173,0.108108440962979,0.13350517753773,0.160193174921688,"Daph",26,17.3
"525",174,0.106046352285704,0.131650953624671,0.158411505287971,"Daph",26,17.4
"526",175,0.104079652315873,0.1297629602137,0.156564704641391,"Daph",26,17.5
"527",176,0.101957968036638,0.127887968532156,0.15460775448407,"Daph",26,17.6
"528",177,0.0998541393195702,0.125880243358845,0.152462416100045,"Daph",26,17.7
"529",178,0.0976270166700441,0.123900576206953,0.150435973691832,"Daph",26,17.8
"530",179,0.095382056003199,0.121838721799518,0.148438662508074,"Daph",26,17.9
"531",180,0.0932217566371594,0.119824369642242,0.146261409045773,"Daph",26,18
"532",181,0.0910197904585129,0.11776005064185,0.144183408992209,"Daph",26,18.1
"533",182,0.0885688114304812,0.115632024849634,0.142136831242513,"Daph",26,18.2
"534",183,0.0862120809574032,0.113475598551447,0.140028148069114,"Daph",26,18.3
"535",184,0.0837852773351323,0.111334368912067,0.137980581270517,"Daph",26,18.4
"536",185,0.0814799119200025,0.109185214600198,0.135844186502837,"Daph",26,18.5
"537",186,0.0792147705814072,0.106998721012349,0.133666399900392,"Daph",26,18.6
"538",187,0.0768283904135113,0.104791219405729,0.131485899909546,"Daph",26,18.7
"539",188,0.0746308920992058,0.102510663598067,0.129216032422488,"Daph",26,18.8
"540",189,0.0722923192918299,0.100286791235326,0.127038471293474,"Daph",26,18.9
"541",190,0.0699611542223085,0.0980883954672949,0.124832120628297,"Daph",26,19
"542",191,0.0677783968659914,0.0958359029037644,0.122686544792935,"Daph",26,19.1
"543",192,0.0655397848771602,0.0936591726914636,0.120434880236292,"Daph",26,19.2
"544",193,0.0633898058257506,0.0914283676242892,0.118282319832903,"Daph",26,19.3
"545",194,0.0612726780311295,0.0892843141412967,0.116054285365737,"Daph",26,19.4
"546",195,0.059131012393473,0.0871375423840329,0.11383273153062,"Daph",26,19.5
"547",196,0.057138635296171,0.0849359504506253,0.111767984109066,"Daph",26,19.6
"548",197,0.05506074373101,0.0827992548209233,0.109577352958503,"Daph",26,19.7
"549",198,0.0529491613055258,0.0806615068591465,0.107431415730168,"Daph",26,19.8
"550",199,0.0509666957068371,0.0785589111475825,0.105406990378347,"Daph",26,19.9
"551",200,0.0490055716992988,0.0764850973280641,0.103283149883809,"Daph",26,20
"552",201,0.0471864879036014,0.074448566848648,0.101157666346336,"Daph",26,20.1
"553",202,0.0453432526966121,0.0724258211869793,0.0991540780612615,"Daph",26,20.2
"554",203,0.0435336683901383,0.0704049108574579,0.0971817746116121,"Daph",26,20.3
"555",204,0.0416672313373572,0.0684211482308842,0.0950566857946012,"Daph",26,20.4
"556",205,0.0400728454541108,0.0664947053055439,0.0929880196537822,"Daph",26,20.5
"557",206,0.0384557531814386,0.064553505999837,0.0909225897787674,"Daph",26,20.6
"558",207,0.0369051080587632,0.0626782826812943,0.0888684001399687,"Daph",26,20.7
"559",208,0.0353436940388037,0.0608389205069434,0.0868962902553303,"Daph",26,20.8
"560",209,0.0338175588338025,0.0589936530136098,0.084918322553648,"Daph",26,20.9
"561",210,0.032442782225381,0.0571956393066662,0.0829715438259018,"Daph",26,21
"562",211,0.031034937949585,0.055441828275024,0.0809935418923821,"Daph",26,21.1
"563",212,0.0297124638936359,0.0537717472008482,0.0791160966640138,"Daph",26,21.2
"564",213,0.0284171669972597,0.0520896735469284,0.0772183221791123,"Daph",26,21.3
"565",214,0.0271507988502691,0.0504472565080167,0.0754091279299343,"Daph",26,21.4
"566",215,0.0259719307844096,0.0488853169336372,0.0735695417198075,"Daph",26,21.5
"567",216,0.0248224420372269,0.0473520212891387,0.0718234962167536,"Daph",26,21.6
"568",217,0.0237096819773225,0.0458178941068202,0.070026512648219,"Daph",26,21.7
"569",218,0.022651773845267,0.0443367853726643,0.0683143429102811,"Daph",26,21.8
"570",219,0.0215428594316573,0.0429098766619345,0.0666232636617627,"Daph",26,21.9
"571",220,0.0205276847583634,0.0415096208857656,0.0650527416974932,"Daph",26,22
"572",221,0.0195734901463578,0.0401416664290333,0.0634624697277812,"Daph",26,22.1
"573",222,0.0187179172712965,0.0388032506278207,0.0618380413583195,"Daph",26,22.2
"574",223,0.0178396692562106,0.0375265919957034,0.0603074096771766,"Daph",26,22.3
"575",224,0.0170003786356348,0.036267937884026,0.0587928608368857,"Daph",26,22.4
"576",225,0.0161993745249116,0.0350816275129553,0.0573065202435324,"Daph",26,22.5
"577",226,0.0154503121390998,0.0339185654417522,0.0558531464746082,"Daph",26,22.6
"578",227,0.0146896540854579,0.0327871447743062,0.0544537626146419,"Daph",26,22.7
"579",228,0.0139976647080587,0.0316752964186553,0.0531487088371041,"Daph",26,22.8
"580",229,0.0133167116367764,0.0306198674393122,0.051832937178427,"Daph",26,22.9
"581",230,0.0126584087707477,0.02956002328735,0.0505088816034262,"Daph",26,23
"582",231,0.0120628851025487,0.0285465061025595,0.0492313147386603,"Daph",26,23.1
"583",232,0.0114835935397604,0.0275479139935275,0.0479407280511791,"Daph",26,23.2
"584",233,0.0109492207773217,0.0265999192782264,0.0466896237475823,"Daph",26,23.3
"585",234,0.0104049580974746,0.0256873824062767,0.0455426342463066,"Daph",26,23.4
"586",235,0.00988874567842586,0.024809726619617,0.0443773782197291,"Daph",26,23.5
"587",236,0.00939959710368195,0.0239447666813464,0.0432594771533716,"Daph",26,23.6
"588",237,0.0089556016460108,0.0231110684468664,0.0421424044946957,"Daph",26,23.7
"589",238,0.00854862435395644,0.0223209357648306,0.041018617423992,"Daph",26,23.8
"590",239,0.00814179410050213,0.021542541310167,0.0399386324250499,"Daph",26,23.9
"591",240,0.00770691469452396,0.0207888182586766,0.0388919538125222,"Daph",26,24
"592",241,0.00730402179687273,0.020067011005289,0.0378594342585918,"Daph",26,24.1
"593",242,0.00697323701162973,0.0193565748826136,0.0368853336755269,"Daph",26,24.2
"594",243,0.00661852261528073,0.018688124244319,0.035942621124364,"Daph",26,24.3
"595",244,0.00629639123484756,0.018043359578936,0.0349890143297843,"Daph",26,24.4
"596",245,0.00598353495007244,0.0174122222140625,0.0340853143563647,"Daph",26,24.5
"597",246,0.00567746217227557,0.0167885348903201,0.0331708358659093,"Daph",26,24.6
"598",247,0.00538886320981838,0.016204797529998,0.0323351256088916,"Daph",26,24.7
"599",248,0.00512467739479923,0.0156290230735801,0.0314787679526468,"Daph",26,24.8
"600",249,0.00488156849246643,0.0150726003583783,0.0306471905905908,"Daph",26,24.9
"601",250,0.00464591222695467,0.0145404256989947,0.0298175059385811,"Daph",26,25
"602",251,0.00442177069572606,0.0140263620322183,0.0290369304085101,"Daph",26,25.1
"603",252,0.00419888084238987,0.0135291683399781,0.028265504417979,"Daph",26,25.2
"604",253,0.00399672609242964,0.0130448674256355,0.0275162323382923,"Daph",26,25.3
"605",254,0.00379907228191831,0.0125817269653893,0.0267732633994832,"Daph",26,25.4
"606",255,0.0036038447422731,0.0121283457428425,0.0260716538828032,"Daph",26,25.5
"607",256,0.00343766532655311,0.0117008653333653,0.0253828204639297,"Daph",26,25.6
"608",257,0.00326368789770397,0.0112843645257736,0.0246938057882723,"Daph",26,25.7
"609",258,0.00310138966909406,0.0108932505181941,0.0240383415718705,"Daph",26,25.8
"610",259,0.00294530077990957,0.0105104944994598,0.0234005773197248,"Daph",26,25.9
"611",260,0.00279874003796152,0.0101372750850507,0.0227609110115786,"Daph",26,26
"612",261,0.00265922123502225,0.00978310803889691,0.0221351935394562,"Daph",26,26.1
"613",262,0.00253355188838903,0.00943789397527421,0.0215509969405162,"Daph",26,26.2
"614",263,0.00240849030351188,0.0091068786108957,0.0209820786034103,"Daph",26,26.3
"615",264,0.00228241927267231,0.00878729137963795,0.0204203393236006,"Daph",26,26.4
"616",265,0.00216518479114846,0.00847105486091876,0.0198729393627961,"Daph",26,26.5
"617",266,0.00205645601484887,0.0081752180396006,0.0193441450282515,"Daph",26,26.6
"618",267,0.00194967864115455,0.00789082892309187,0.0188576260721833,"Daph",26,26.7
"619",268,0.00185814857313134,0.00761413119207425,0.0183456226139014,"Daph",26,26.8
"620",269,0.00176711553460172,0.00734153291548718,0.0178662416162326,"Daph",26,26.9
"621",270,0.0016766950245184,0.0070759564881749,0.0173862250762017,"Daph",26,27
"622",271,0.00159638005061864,0.00682673219499045,0.0169194620007834,"Daph",26,27.1
"623",272,0.00151463811653518,0.00658923457491743,0.0164672750677262,"Daph",26,27.2
"624",273,0.00144417612668823,0.00635149342392723,0.0160248433538255,"Daph",26,27.3
"625",274,0.00137694302004707,0.00612622408233308,0.0155958104926507,"Daph",26,27.4
"626",275,0.00130811062984844,0.00591584563442462,0.015191579686916,"Daph",26,27.5
"627",276,0.00124316348649819,0.00570723719115152,0.0147878249554571,"Daph",26,27.6
"628",277,0.00118144669578833,0.0055093448735295,0.0144013862774032,"Daph",26,27.7
"629",278,0.00112169283531938,0.00531902179487488,0.0140409417271075,"Daph",26,27.8
"630",279,0.0010629426758008,0.00513257985242984,0.0136627395045193,"Daph",26,27.9
"631",280,0.00100953100838794,0.00495149051278557,0.013288606373127,"Daph",26,28
"632",281,0.00096034946896954,0.0047774102794176,0.012927711074857,"Daph",26,28.1
"633",282,0.000909910307590728,0.00461718548192639,0.0125897982202703,"Daph",26,28.2
"634",283,0.000862314755538681,0.00445394399750193,0.0122514807700154,"Daph",26,28.3
"635",284,0.000815812970107083,0.00429563415231811,0.0119146551885719,"Daph",26,28.4
"636",285,0.000775676407914019,0.00414326429423482,0.0116116626576433,"Daph",26,28.5
"637",286,0.00073371646415789,0.00399411965151514,0.0113091543425228,"Daph",26,28.6
"638",287,0.00069467754678455,0.00385633107352007,0.011024639940262,"Daph",26,28.7
"639",288,0.000662058388788701,0.00372403734947202,0.0107273891057234,"Daph",26,28.8
"640",289,0.000630668495169178,0.00359354320522633,0.0104512734650943,"Daph",26,28.9
"641",290,0.000598290728121133,0.00346823074165296,0.0101802211555945,"Daph",26,29
"642",291,0.00056780039830648,0.00334669020644613,0.00991004401879725,"Daph",26,29.1
"643",292,0.000539264741194148,0.00322655339273211,0.00965051790450243,"Daph",26,29.2
"644",293,0.000510529115057039,0.00311032608289357,0.00940260872496069,"Daph",26,29.3
"645",294,0.000485324528471517,0.00300195288017036,0.00916254627787893,"Daph",26,29.4
"646",295,0.000461628511430962,0.0028988206030764,0.0089151020617191,"Daph",26,29.5
"647",296,0.000438259819145869,0.00279658741772576,0.00868030780917904,"Daph",26,29.6
"648",297,0.000414980578561767,0.00269854195462057,0.00846023336632739,"Daph",26,29.7
"649",298,0.000394345339802322,0.00260480650824699,0.00823381250083788,"Daph",26,29.8
"650",299,0.000375406412997996,0.00251257874080078,0.00801825628673403,"Daph",26,29.9
"651",300,0.000355253767997618,0.00242280496702423,0.0078108979584189,"Daph",26,30
"652",301,0.000339137397348135,0.00233714832013323,0.00761286753065378,"Daph",26,30.1
"653",302,0.000321128846127975,0.00225415312722966,0.00740794688613587,"Daph",26,30.2
"654",303,0.000305966649050053,0.0021750934594806,0.00722639501226959,"Daph",26,30.3
"655",304,0.000289451498596616,0.00210043649714494,0.00704812770869767,"Daph",26,30.4
"656",305,0.000274107349397424,0.00202640323558595,0.00686995412383686,"Daph",26,30.5
"657",306,0.000259070920449197,0.0019545217924937,0.00669843391292282,"Daph",26,30.6
"658",307,0.000246412753688472,0.00188603343557077,0.00652645119905134,"Daph",26,30.7
"659",308,0.000234487887860057,0.00181784192259644,0.00635679638243486,"Daph",26,30.8
"660",309,0.000222637187499824,0.00175379371967318,0.00619300538702932,"Daph",26,30.9
"661",310,0.000210998167547741,0.00169199310998178,0.00603382375201433,"Daph",26,31
"662",311,0.000199872533155786,0.00163048894616466,0.0058745942366613,"Daph",26,31.1
"663",312,0.000190105643340337,0.00157089418917615,0.00572558112102341,"Daph",26,31.2
"664",313,0.000180229930798292,0.00151513548861525,0.0055804154199631,"Daph",26,31.3
"665",314,0.000171211102154729,0.00146105661436371,0.00543562733552152,"Daph",26,31.4
"666",315,0.000162171644462499,0.00141069585350692,0.00530971844070172,"Daph",26,31.5
"667",316,0.000154084676676543,0.00136025320434476,0.00516941342029287,"Daph",26,31.6
"668",317,0.000146027920104063,0.00131107350115459,0.00503794127789643,"Daph",26,31.7
"669",318,0.000138330916709301,0.00126307772579886,0.00491229011136088,"Daph",26,31.8
"670",319,0.000131521923399895,0.00121941324584344,0.00478283741274075,"Daph",26,31.9
"671",320,0.000124823016141362,0.00117538209867881,0.00464942380608583,"Daph",26,32
"672",321,0.000118589254957282,0.001134910390846,0.00453411957183778,"Daph",26,32.1
"673",322,0.000112801101840156,0.00109376294750271,0.00441937634898214,"Daph",26,32.2
"674",323,0.000106627591304939,0.0010543814147571,0.00430820921017493,"Daph",26,32.3
"675",324,0.000100899317171142,0.0010157365564866,0.00419687541525963,"Daph",26,32.4
"676",325,9.54307617897618e-05,0.00097847051938605,0.00408461972734208,"Daph",26,32.5
"677",326,9.05553159212341e-05,0.000941946188544924,0.00398012782757253,"Daph",26,32.6
"678",327,8.59053854202101e-05,0.000907393418265698,0.00387659388333578,"Daph",26,32.7
"679",328,8.11714108891729e-05,0.00087417026807016,0.00377693291601157,"Daph",26,32.8
"680",329,7.63418106358587e-05,0.000843220183441181,0.00367851151996193,"Daph",26,32.9
"681",330,7.2214824716279e-05,0.000813826755905074,0.003582387700842,"Daph",26,33
"682",331,6.7957108960337e-05,0.000783770084005145,0.00349288131850436,"Daph",26,33.1
"683",332,6.44863522148999e-05,0.000755209689487043,0.00340043914182606,"Daph",26,33.2
"684",333,6.06428631763615e-05,0.000726959076007381,0.00331379018080916,"Daph",26,33.3
"685",334,5.7129985005845e-05,0.000700522240464697,0.00323012041045644,"Daph",26,33.4
"686",335,5.39525321009637e-05,0.000674519159892441,0.0031447528847632,"Daph",26,33.5
"687",336,5.07797370280095e-05,0.000649293149991141,0.00306414383074295,"Daph",26,33.6
"688",337,4.77097382914749e-05,0.000625120531042798,0.00298342434950402,"Daph",26,33.7
"689",338,4.50757834321874e-05,0.000603049981316547,0.00290596908506036,"Daph",26,33.8
"690",339,4.2521363533929e-05,0.000581463405503273,0.00283479745520803,"Daph",26,33.9
"691",340,3.98163314163817e-05,0.000559863394521988,0.00276309700184776,"Daph",26,34
"692",341,3.75179045676781e-05,0.00053905172582305,0.00269083387817901,"Daph",26,34.1
"693",342,3.51778926961966e-05,0.000518751359253728,0.00262044663986315,"Daph",26,34.2
"694",343,3.32025650496996e-05,0.000499383984390605,0.00256243704050722,"Daph",26,34.3
"695",344,3.13353906311657e-05,0.000481849065300528,0.00250152401246778,"Daph",26,34.4
"696",345,2.95619827253862e-05,0.000463709297986005,0.00244380299067148,"Daph",26,34.5
"697",346,2.78274228927698e-05,0.000445834765794398,0.00238070932034719,"Daph",26,34.6
"698",347,2.62387734644092e-05,0.000428780190898838,0.00231873704592335,"Daph",26,34.7
"699",348,2.47888452009862e-05,0.000412833332088559,0.00225669373924012,"Daph",26,34.8
"700",349,2.34297677820511e-05,0.000397038447422327,0.00219542781022119,"Daph",26,34.9
"701",350,2.20137884524511e-05,0.000381710475852915,0.00213796943906893,"Daph",26,35
"702",351,2.06944558860138e-05,0.000367231396415353,0.00208395517823533,"Daph",26,35.1
"703",1,0.00522719152585257,0.00603281781564219,0.00690815118436964,"Hydra",26,0.1
"704",2,0.0052538584427846,0.00605404310737386,0.00692128430842769,"Hydra",26,0.2
"705",3,0.00528308506497769,0.00607517253521287,0.00693100099495512,"Hydra",26,0.3
"706",4,0.00531186465707444,0.00609456285995518,0.00694367940102219,"Hydra",26,0.4
"707",5,0.00533767801968971,0.00611448756953813,0.00695655990895904,"Hydra",26,0.5
"708",6,0.00536330395955529,0.00613383880527799,0.00696863451401417,"Hydra",26,0.6
"709",7,0.00538617165062209,0.00615389003821456,0.00698144769820325,"Hydra",26,0.7
"710",8,0.00540958063152477,0.00617459825723668,0.00699639562662418,"Hydra",26,0.8
"711",9,0.00543580769132755,0.00619542840086441,0.00701412267309746,"Hydra",26,0.9
"712",10,0.00545958022120107,0.00621498851433157,0.00702889418174384,"Hydra",26,1
"713",11,0.00548237108843554,0.00623487940599922,0.00704541860663018,"Hydra",26,1.1
"714",12,0.00550633499559739,0.00625355459404583,0.00706227898566643,"Hydra",26,1.2
"715",13,0.00552962622058767,0.00627160502229801,0.00707759976437129,"Hydra",26,1.3
"716",14,0.00555536173686797,0.00629137441590357,0.00709375392599093,"Hydra",26,1.4
"717",15,0.00557702944277989,0.00631009852572606,0.00710959511260148,"Hydra",26,1.5
"718",16,0.00559954462866309,0.00632870490673784,0.00712422558912075,"Hydra",26,1.6
"719",17,0.00562504184076123,0.0063472678968027,0.00714218406683485,"Hydra",26,1.7
"720",18,0.00564739795301806,0.00636584748842589,0.0071575723793735,"Hydra",26,1.8
"721",19,0.00567224763841728,0.00638521179042357,0.00717217490027145,"Hydra",26,1.9
"722",20,0.00569517483527161,0.00640493496789065,0.00718900744409728,"Hydra",26,2
"723",21,0.00571534276263956,0.00642475673203267,0.00720402147803581,"Hydra",26,2.1
"724",22,0.00573790982583391,0.00644484146300883,0.00721831913313271,"Hydra",26,2.2
"725",23,0.00576011016503182,0.00646548293488712,0.00723793812368414,"Hydra",26,2.3
"726",24,0.0057831854318306,0.00648496522274219,0.00725371158417688,"Hydra",26,2.4
"727",25,0.00580676750161692,0.00650394499453583,0.00727204348369106,"Hydra",26,2.5
"728",26,0.00582898947908909,0.00652400771538267,0.00728932608467754,"Hydra",26,2.6
"729",27,0.00585315906412873,0.00654402765238153,0.00730685417424733,"Hydra",26,2.7
"730",28,0.00587528890537451,0.00656420347618057,0.0073249209449582,"Hydra",26,2.8
"731",29,0.00589620192067218,0.00658418605928044,0.00734243262685251,"Hydra",26,2.9
"732",30,0.00592151719773984,0.00660467225885714,0.007361711079427,"Hydra",26,3
"733",31,0.00594406370825205,0.00662550577595383,0.00737941509682953,"Hydra",26,3.1
"734",32,0.00596660171744095,0.00664653776064552,0.00739836257316972,"Hydra",26,3.2
"735",33,0.00599034764714045,0.00666792090203453,0.00741741709082958,"Hydra",26,3.3
"736",34,0.00601379865746783,0.00668941451432518,0.00743650439822692,"Hydra",26,3.4
"737",35,0.00603605108394765,0.00671177572394798,0.00745856316875177,"Hydra",26,3.5
"738",36,0.0060576257801796,0.0067333253579311,0.00748074517471637,"Hydra",26,3.6
"739",37,0.00608310089576006,0.00675618333111517,0.00750077286127386,"Hydra",26,3.7
"740",38,0.00610689931028391,0.00678001169598208,0.00752395389545643,"Hydra",26,3.8
"741",39,0.00613234719834456,0.00680361429189224,0.00754591339089728,"Hydra",26,3.9
"742",40,0.00615695546811994,0.00682706976530088,0.00756773041031287,"Hydra",26,4
"743",41,0.00618358662425159,0.0068523371843584,0.00759375070433429,"Hydra",26,4.1
"744",42,0.00620961449763274,0.00687696057847115,0.0076180568047963,"Hydra",26,4.2
"745",43,0.00623589098196965,0.00690140663900775,0.00764223363462412,"Hydra",26,4.3
"746",44,0.00626297102683799,0.00692652646488662,0.00766599055721272,"Hydra",26,4.4
"747",45,0.00628878920503671,0.00695278610238493,0.00769366384867399,"Hydra",26,4.5
"748",46,0.0063167526427855,0.00697906355466868,0.00772201423529801,"Hydra",26,4.6
"749",47,0.00634061661370016,0.00700624862144748,0.00775054545128226,"Hydra",26,4.7
"750",48,0.00636879063313213,0.00703438562689909,0.00777785757200245,"Hydra",26,4.8
"751",49,0.00639712895812778,0.00706270887778677,0.0078015907851391,"Hydra",26,4.9
"752",50,0.00642694877373984,0.00709165264510341,0.00783173881239696,"Hydra",26,5
"753",51,0.00645445889247985,0.00712095178098318,0.00786288106776298,"Hydra",26,5.1
"754",52,0.00648335608352526,0.00715136033698295,0.00789117139104215,"Hydra",26,5.2
"755",53,0.00651486788642647,0.00718310791706434,0.0079227007670451,"Hydra",26,5.3
"756",54,0.00654710820124277,0.00721554565892831,0.00795180863330468,"Hydra",26,5.4
"757",55,0.00657896575307519,0.00724792828994327,0.00798626961725544,"Hydra",26,5.5
"758",56,0.00661315441931378,0.00728099695582494,0.0080242964646602,"Hydra",26,5.6
"759",57,0.00664671050512952,0.00731448032550987,0.0080631079202239,"Hydra",26,5.7
"760",58,0.00667871669376511,0.00734955355133914,0.00810032603592716,"Hydra",26,5.8
"761",59,0.00671366422342827,0.00738442062656843,0.00813894253077844,"Hydra",26,5.9
"762",60,0.00674822828700532,0.00742081188982196,0.00818100108581513,"Hydra",26,6
"763",61,0.00678302287872735,0.00745805951621636,0.00822266741661766,"Hydra",26,6.1
"764",62,0.00681656168703343,0.0074963925724247,0.00826582520290804,"Hydra",26,6.2
"765",63,0.00685338765494435,0.00753481468040365,0.00830817812570572,"Hydra",26,6.3
"766",64,0.00689197460679254,0.00757402662211401,0.00834563334374698,"Hydra",26,6.4
"767",65,0.00692992852658069,0.00761477307054166,0.00839136943354618,"Hydra",26,6.5
"768",66,0.00696655850913072,0.00765693505671325,0.00843695458918015,"Hydra",26,6.6
"769",67,0.00700658115560376,0.00769975778912914,0.00848243974758961,"Hydra",26,6.7
"770",68,0.00704444972860883,0.00774344130136695,0.00853169340928841,"Hydra",26,6.8
"771",69,0.00708536544047267,0.00778904970302123,0.00858341906210504,"Hydra",26,6.9
"772",70,0.00712676727605417,0.00783487458321666,0.00863619310834476,"Hydra",26,7
"773",71,0.00716566775748177,0.00788234524857838,0.008688029805189,"Hydra",26,7.1
"774",72,0.00720773509584661,0.00793151188412231,0.00874361415888098,"Hydra",26,7.2
"775",73,0.00724950274058595,0.00798084038389293,0.00880053959975973,"Hydra",26,7.3
"776",74,0.00729358121742363,0.00803155705802756,0.00886119240347362,"Hydra",26,7.4
"777",75,0.00733824777614284,0.00808435461668707,0.00892268380593825,"Hydra",26,7.5
"778",76,0.00738538800529374,0.00813747901908796,0.00898490259359721,"Hydra",26,7.6
"779",77,0.00743294179012132,0.00819191051468928,0.00904728676703662,"Hydra",26,7.7
"780",78,0.00748275316758868,0.0082469244313771,0.009114603783511,"Hydra",26,7.8
"781",79,0.00753360515584306,0.00830373234470507,0.00918154583416152,"Hydra",26,7.9
"782",80,0.00758604857447587,0.00836325398095645,0.00925072133664063,"Hydra",26,8
"783",81,0.00763849926564989,0.00842377951904008,0.00932138608973906,"Hydra",26,8.1
"784",82,0.00769024028322767,0.00848564230842943,0.00939576390942065,"Hydra",26,8.2
"785",83,0.00774334933229605,0.00855001547662286,0.00947077959044183,"Hydra",26,8.3
"786",84,0.00780080198232022,0.00861556358018715,0.00954654060967751,"Hydra",26,8.4
"787",85,0.00786130346018449,0.0086826177709864,0.00962632267422084,"Hydra",26,8.5
"788",86,0.0079248868801647,0.00875073894304086,0.00970538777927815,"Hydra",26,8.6
"789",87,0.0079853567927383,0.00882091513457344,0.00978718039120732,"Hydra",26,8.7
"790",88,0.00804774988366189,0.0088925638917979,0.00987253619424824,"Hydra",26,8.8
"791",89,0.00811051314333717,0.00896747944338404,0.00996115660887194,"Hydra",26,8.9
"792",90,0.00817530222291136,0.00904457740208818,0.010051816521786,"Hydra",26,9
"793",91,0.00824170492959561,0.00912290147936342,0.0101456761987248,"Hydra",26,9.1
"794",92,0.00830899884000448,0.00920396202949577,0.0102421580110452,"Hydra",26,9.2
"795",93,0.00837885127252566,0.00928755512921412,0.0103403144665535,"Hydra",26,9.3
"796",94,0.00845419888713271,0.00937368085438514,0.0104378944777688,"Hydra",26,9.4
"797",95,0.00853008159081892,0.00946010890601228,0.010545289650867,"Hydra",26,9.5
"798",96,0.00860712350476855,0.00954679270968449,0.0106475892648632,"Hydra",26,9.6
"799",97,0.00868782296637097,0.00963847659729074,0.0107565909660514,"Hydra",26,9.7
"800",98,0.00876645788578254,0.00973274228754049,0.0108654726342054,"Hydra",26,9.8
"801",99,0.00885247210180738,0.0098280438475911,0.0109762721878156,"Hydra",26,9.9
"802",100,0.00893682574016385,0.00992646914532784,0.011093067540329,"Hydra",26,10
"803",101,0.00902252680320948,0.0100285091081196,0.011209955369787,"Hydra",26,10.1
"804",102,0.00911083892345994,0.0101328756459692,0.0113282205935064,"Hydra",26,10.2
"805",103,0.00920489044325189,0.0102395206280883,0.0114516120311064,"Hydra",26,10.3
"806",104,0.00930226887884063,0.0103490291310631,0.0115794901446308,"Hydra",26,10.4
"807",105,0.00940023372505248,0.0104603489966234,0.0117063566255326,"Hydra",26,10.5
"808",106,0.00950176867476728,0.0105742263490702,0.0118379521017346,"Hydra",26,10.6
"809",107,0.00960158636460083,0.0106909720048469,0.0119781549744693,"Hydra",26,10.7
"810",108,0.00970565892092302,0.0108100611770516,0.0121179413775806,"Hydra",26,10.8
"811",109,0.00981426539735204,0.010933754197778,0.0122603475322054,"Hydra",26,10.9
"812",110,0.00992789505282017,0.0110597221245046,0.0124058140156278,"Hydra",26,11
"813",111,0.0100364055938095,0.0111886537191729,0.0125607513660633,"Hydra",26,11.1
"814",112,0.0101505242445019,0.0113216126360949,0.0127127285105956,"Hydra",26,11.2
"815",113,0.0102723111236942,0.0114592629545682,0.0128691579996607,"Hydra",26,11.3
"816",114,0.0103946016929841,0.0115983201387228,0.013033684839946,"Hydra",26,11.4
"817",115,0.0105198475456349,0.0117427915107768,0.0132011791645222,"Hydra",26,11.5
"818",116,0.010643810639483,0.0118889747521824,0.0133706482805452,"Hydra",26,11.6
"819",117,0.0107757562173226,0.0120367023234836,0.013548421520526,"Hydra",26,11.7
"820",118,0.0109077125578797,0.0121892449469419,0.0137262402144726,"Hydra",26,11.8
"821",119,0.0110424311912687,0.0123446251694645,0.0139106195035027,"Hydra",26,11.9
"822",120,0.0111852278204406,0.0125059803168457,0.0141000946737562,"Hydra",26,12
"823",121,0.0113286054994515,0.0126692199585212,0.0142939446639975,"Hydra",26,12.1
"824",122,0.0114717999365948,0.0128370329878057,0.0144952653495665,"Hydra",26,12.2
"825",123,0.0116316282701187,0.0130068673568225,0.0146937422039054,"Hydra",26,12.3
"826",124,0.0117818030413656,0.0131863301438737,0.0149058573929073,"Hydra",26,12.4
"827",125,0.011941690916259,0.0133636728852007,0.0151138573148702,"Hydra",26,12.5
"828",126,0.0120997814253308,0.0135486795932459,0.015324666189836,"Hydra",26,12.6
"829",127,0.0122619356480111,0.0137359974960392,0.0155467253355647,"Hydra",26,12.7
"830",128,0.0124278094614152,0.0139274889537843,0.0157668587997883,"Hydra",26,12.8
"831",129,0.0125968460308926,0.0141238721103953,0.0159898306558089,"Hydra",26,12.9
"832",130,0.0127751683399782,0.0143225501826567,0.0162293958057904,"Hydra",26,13
"833",131,0.0129500413635268,0.0145263362476756,0.0164721411974478,"Hydra",26,13.1
"834",132,0.0131330895548839,0.0147368667203254,0.0167151041746259,"Hydra",26,13.2
"835",133,0.013318839282495,0.0149499812280361,0.0169647875025193,"Hydra",26,13.3
"836",134,0.0135114719864924,0.0151665910851913,0.0172186133370116,"Hydra",26,13.4
"837",135,0.0137123554724616,0.0153853816798223,0.0174831456288621,"Hydra",26,13.5
"838",136,0.0139070621582365,0.015610586738781,0.0177478358348297,"Hydra",26,13.6
"839",137,0.0141117942105999,0.0158411309652165,0.0180152774367045,"Hydra",26,13.7
"840",138,0.0143172054782198,0.0160768075120165,0.0182951537801454,"Hydra",26,13.8
"841",139,0.0145301083037688,0.0163135448838388,0.0185730390452674,"Hydra",26,13.9
"842",140,0.014737140211315,0.0165574289225577,0.0188556607003988,"Hydra",26,14
"843",141,0.0149460846563112,0.0168018715976498,0.0191433627586894,"Hydra",26,14.1
"844",142,0.0151643300243494,0.0170521747027218,0.0194402917334276,"Hydra",26,14.2
"845",143,0.0153810841589493,0.0173048836885716,0.0197383549014338,"Hydra",26,14.3
"846",144,0.0156142365285534,0.0175622293678064,0.0200541710166083,"Hydra",26,14.4
"847",145,0.0158506020691791,0.01782194937081,0.0203658634381904,"Hydra",26,14.5
"848",146,0.0160878241888813,0.0180843559150735,0.0206736405259647,"Hydra",26,14.6
"849",147,0.0163222156939123,0.0183535717024381,0.020997597347385,"Hydra",26,14.7
"850",148,0.0165586219792259,0.0186259359779785,0.0213104453585017,"Hydra",26,14.8
"851",149,0.0168000270932335,0.0189062051790186,0.0216350882495304,"Hydra",26,14.9
"852",150,0.0170417564118817,0.0191880088624249,0.0219699478743514,"Hydra",26,15
"853",151,0.0172904314763424,0.0194720247981335,0.0222996572127248,"Hydra",26,15.1
"854",152,0.0175423710919377,0.0197593047538506,0.0226313421888981,"Hydra",26,15.2
"855",153,0.0177861395280825,0.0200449239869493,0.0229663053748221,"Hydra",26,15.3
"856",154,0.0180398731093308,0.0203346076837235,0.0233038303592315,"Hydra",26,15.4
"857",155,0.0182918499017082,0.020629492354548,0.0236493600349073,"Hydra",26,15.5
"858",156,0.0185603600184439,0.0209291579003858,0.0239825685546842,"Hydra",26,15.6
"859",157,0.0188362600989718,0.0212237990232844,0.0243126750048942,"Hydra",26,15.7
"860",158,0.019091464804272,0.0215249286106146,0.0246486959536688,"Hydra",26,15.8
"861",159,0.0193648618225399,0.0218288615956478,0.0249886459439023,"Hydra",26,15.9
"862",160,0.019629594378708,0.0221325297402004,0.0253246884257218,"Hydra",26,16
"863",161,0.0198931792604088,0.0224408501052694,0.0256689315498437,"Hydra",26,16.1
"864",162,0.0201642399661669,0.0227526449896556,0.026006035966903,"Hydra",26,16.2
"865",163,0.0204409038112706,0.0230596129732289,0.0263511607951238,"Hydra",26,16.3
"866",164,0.0207255660643299,0.0233747525439892,0.0266842895281329,"Hydra",26,16.4
"867",165,0.0210060051306193,0.0236873865804861,0.0270417907171269,"Hydra",26,16.5
"868",166,0.0212888334561495,0.0239978637166367,0.0273959051247439,"Hydra",26,16.6
"869",167,0.0215710097927136,0.024308013096751,0.0277283662406906,"Hydra",26,16.7
"870",168,0.0218428411365981,0.0246249384307288,0.028058288583636,"Hydra",26,16.8
"871",169,0.022125832676312,0.0249362701547404,0.0283877629010407,"Hydra",26,16.9
"872",170,0.0223974334680289,0.0252467946514304,0.0287250440929231,"Hydra",26,17
"873",171,0.0226777600447268,0.0255556414768924,0.0290621050686141,"Hydra",26,17.1
"874",172,0.0229564161218483,0.0258688826721654,0.0294009002259025,"Hydra",26,17.2
"875",173,0.0232269539387398,0.0261775307069258,0.0297380457998973,"Hydra",26,17.3
"876",174,0.0235187653631673,0.0264860770422298,0.0300633961751704,"Hydra",26,17.4
"877",175,0.0237948013601835,0.026790150893799,0.0304020422969116,"Hydra",26,17.5
"878",176,0.0240689149222359,0.0270921377383619,0.0307376463023798,"Hydra",26,17.6
"879",177,0.0243316134926249,0.0273915687347493,0.0310530027747136,"Hydra",26,17.7
"880",178,0.0246029660615218,0.0276892368868593,0.0313358786540232,"Hydra",26,17.8
"881",179,0.0248694624952132,0.0279819682751197,0.0316346747657687,"Hydra",26,17.9
"882",180,0.0251403679272461,0.0282738594047738,0.0319209166450456,"Hydra",26,18
"883",181,0.025402933291404,0.0285588791646234,0.0322196123372483,"Hydra",26,18.1
"884",182,0.0256709509009053,0.0288408436666688,0.0325266603599472,"Hydra",26,18.2
"885",183,0.0259304327860222,0.0291199605976035,0.0328307167679745,"Hydra",26,18.3
"886",184,0.0261802831182759,0.0293853554247913,0.0331096818215236,"Hydra",26,18.4
"887",185,0.0264363875670936,0.0296556807721469,0.0333805515335736,"Hydra",26,18.5
"888",186,0.0266884740435704,0.0299140671203501,0.0336392982631902,"Hydra",26,18.6
"889",187,0.0269344288316613,0.030170921435568,0.0339069584056948,"Hydra",26,18.7
"890",188,0.0271674254657685,0.0304204462338982,0.0341780877554745,"Hydra",26,18.8
"891",189,0.027422316090524,0.0306711319268923,0.0344260499248618,"Hydra",26,18.9
"892",190,0.0276410996514933,0.0309054972237317,0.0346498692957402,"Hydra",26,19
"893",191,0.0278763258694579,0.0311372194689285,0.0348725867952608,"Hydra",26,19.1
"894",192,0.0280963124670904,0.0313661059585126,0.0350934535124916,"Hydra",26,19.2
"895",193,0.0283091334959766,0.0315892002733051,0.0353084195194765,"Hydra",26,19.3
"896",194,0.028522021254853,0.0318037074142281,0.0355151630494791,"Hydra",26,19.4
"897",195,0.0287248327750514,0.0320096800772833,0.0357273390540011,"Hydra",26,19.5
"898",196,0.0289274908809832,0.0322138944210901,0.0359114795616029,"Hydra",26,19.6
"899",197,0.0291176546607355,0.0324105060271294,0.0360868245287208,"Hydra",26,19.7
"900",198,0.0293049984858868,0.0325975740036834,0.0362823196133691,"Hydra",26,19.8
"901",199,0.0294783549394951,0.0327795508451934,0.036463005281676,"Hydra",26,19.9
"902",200,0.0296428551726903,0.0329555190780079,0.036653076385399,"Hydra",26,20
"903",201,0.0298138821839806,0.0331281228972888,0.0368044392557031,"Hydra",26,20.1
"904",202,0.0299877287202984,0.0332925153038444,0.0369598008715309,"Hydra",26,20.2
"905",203,0.0301442303340552,0.0334444633981477,0.0371124797458161,"Hydra",26,20.3
"906",204,0.030290206414173,0.0335944809995493,0.0372403898910413,"Hydra",26,20.4
"907",205,0.0304260222092988,0.0337375853119557,0.037375837514224,"Hydra",26,20.5
"908",206,0.0305562678793899,0.0338739162813907,0.0375051875577086,"Hydra",26,20.6
"909",207,0.0306811037726309,0.0339975297919637,0.0376263638210954,"Hydra",26,20.7
"910",208,0.030795562095909,0.0341216830780301,0.0377462769430702,"Hydra",26,20.8
"911",209,0.0308991251591845,0.0342317800073486,0.0378614325031767,"Hydra",26,20.9
"912",210,0.031005428180348,0.0343355987845476,0.0379698825609733,"Hydra",26,21
"913",211,0.0311125618199947,0.034438135534485,0.0380640370070672,"Hydra",26,21.1
"914",212,0.031199030542088,0.0345374031666528,0.0381554113934012,"Hydra",26,21.2
"915",213,0.0312958162635961,0.0346272040163669,0.0382393613034937,"Hydra",26,21.3
"916",214,0.0313754394513371,0.0347041495532614,0.0383245499413016,"Hydra",26,21.4
"917",215,0.0314626516010309,0.034779360971866,0.0383962663377096,"Hydra",26,21.5
"918",216,0.0315274775225759,0.0348517890730278,0.0384651086564537,"Hydra",26,21.6
"919",217,0.0315854020844501,0.0349087393385995,0.0385026886991157,"Hydra",26,21.7
"920",218,0.0316452605381934,0.034960408955763,0.0385565275468426,"Hydra",26,21.8
"921",219,0.0316912747911842,0.0350172186489286,0.0386025804335746,"Hydra",26,21.9
"922",220,0.0317338145370445,0.0350669593109396,0.0386449025590416,"Hydra",26,22
"923",221,0.0317779537170945,0.0351117916349734,0.0386902498691822,"Hydra",26,22.1
"924",222,0.0318045540548965,0.0351534663394298,0.038728082689978,"Hydra",26,22.2
"925",223,0.031817025281472,0.0351791563831941,0.0387566668738306,"Hydra",26,22.3
"926",224,0.0318309421829736,0.0352004938263583,0.0387665309769968,"Hydra",26,22.4
"927",225,0.0318474732513674,0.0352208467392773,0.0387834279002413,"Hydra",26,22.5
"928",226,0.0318699349284901,0.035233021491702,0.0387833623049877,"Hydra",26,22.6
"929",227,0.0318860667227032,0.0352348653620352,0.0387856497300746,"Hydra",26,22.7
"930",228,0.031886621445962,0.0352391937403842,0.0387879637150868,"Hydra",26,22.8
"931",229,0.0318873688680847,0.0352357962160114,0.0387756460522637,"Hydra",26,22.9
"932",230,0.0318849176033356,0.0352362715545972,0.0387551083523493,"Hydra",26,23
"933",231,0.0318818222450805,0.0352244250701298,0.0387423967025471,"Hydra",26,23.1
"934",232,0.0318750300559916,0.035209168739946,0.038718866680941,"Hydra",26,23.2
"935",233,0.0318618984203055,0.0351899713393166,0.0386968708015269,"Hydra",26,23.3
"936",234,0.0318484279056465,0.035170495289681,0.0386697848794899,"Hydra",26,23.4
"937",235,0.0318305334151667,0.0351444906766067,0.0386229249958492,"Hydra",26,23.5
"938",236,0.0318053196579609,0.0351151110063231,0.038588324688214,"Hydra",26,23.6
"939",237,0.0317853213654236,0.0350859992085038,0.0385447010922917,"Hydra",26,23.7
"940",238,0.0317599586964326,0.0350503148360081,0.0385086002315532,"Hydra",26,23.8
"941",239,0.0317225064177958,0.0350120930800433,0.0384450937854295,"Hydra",26,23.9
"942",240,0.031684021304823,0.0349703457381977,0.0383946545316309,"Hydra",26,24
"943",241,0.0316422478789382,0.0349254726466006,0.0383390467594313,"Hydra",26,24.1
"944",242,0.0316010030385247,0.034876528139784,0.0382837564142956,"Hydra",26,24.2
"945",243,0.0315641950809619,0.0348256218686237,0.038232521131476,"Hydra",26,24.3
"946",244,0.0315281231923892,0.0347753561539756,0.0381807578741491,"Hydra",26,24.4
"947",245,0.031478899655418,0.0347158870796761,0.0381189489801411,"Hydra",26,24.5
"948",246,0.0314366146016537,0.0346587241686095,0.0380449696667193,"Hydra",26,24.6
"949",247,0.031388849157703,0.0345981164326113,0.0379714389540408,"Hydra",26,24.7
"950",248,0.0313337040213077,0.0345319846317399,0.037897649533365,"Hydra",26,24.8
"951",249,0.0312827417340141,0.0344667919286925,0.0378205172959252,"Hydra",26,24.9
"952",250,0.0312194189870337,0.0344028560312467,0.037754921442179,"Hydra",26,25
"953",251,0.031156565077864,0.0343341924906308,0.0376726284309285,"Hydra",26,25.1
"954",252,0.0310972847952491,0.034260885235653,0.037590048518521,"Hydra",26,25.2
"955",253,0.031036346177086,0.0341842192197381,0.0375069546427326,"Hydra",26,25.3
"956",254,0.0309694456666735,0.0341041822736284,0.0374166639021309,"Hydra",26,25.4
"957",255,0.0309054223573936,0.0340292496523941,0.0373354814921982,"Hydra",26,25.5
"958",256,0.0308213497385308,0.0339499949332598,0.0372467072529973,"Hydra",26,25.6
"959",257,0.0307554259424858,0.0338699517000334,0.0371601208344736,"Hydra",26,25.7
"960",258,0.0306807533837201,0.0337898117348651,0.0370502160064937,"Hydra",26,25.8
"961",259,0.0306107717328147,0.0337079133123525,0.0369493089042655,"Hydra",26,25.9
"962",260,0.0305465066747576,0.0336218911110462,0.0368638637081531,"Hydra",26,26
"963",261,0.0304708210590362,0.033535079618689,0.0367766327637051,"Hydra",26,26.1
"964",262,0.0303901393354495,0.0334507972748188,0.036685786511109,"Hydra",26,26.2
"965",263,0.0303094949933863,0.0333634341699698,0.0365937813020684,"Hydra",26,26.3
"966",264,0.0302302501817458,0.0332783590702314,0.0365008466045066,"Hydra",26,26.4
"967",265,0.0301526726901181,0.0331919106122425,0.0363934988927291,"Hydra",26,26.5
"968",266,0.0300742698828086,0.0330992697378116,0.0362878816037312,"Hydra",26,26.6
"969",267,0.0299851900406536,0.0330054286294777,0.036183539540378,"Hydra",26,26.7
"970",268,0.0299071431637036,0.0329149724025169,0.0360832542278665,"Hydra",26,26.8
"971",269,0.0298187195627422,0.0328221122246112,0.0359767614249085,"Hydra",26,26.9
"972",270,0.0297290989026608,0.03272648814318,0.0358734252320856,"Hydra",26,27
"973",271,0.0296480170610631,0.0326301153473323,0.035759497679577,"Hydra",26,27.1
"974",272,0.0295579084601187,0.0325335263630743,0.0356547664360491,"Hydra",26,27.2
"975",273,0.0294685466585231,0.0324367035819173,0.0355540187011869,"Hydra",26,27.3
"976",274,0.0293826208461381,0.032340870681393,0.0354506042641544,"Hydra",26,27.4
"977",275,0.029299619990617,0.0322413442783952,0.0353434824097541,"Hydra",26,27.5
"978",276,0.0292096967831261,0.0321431691744308,0.0352180903052805,"Hydra",26,27.6
"979",277,0.0291162816587624,0.0320435403568261,0.0351113111915997,"Hydra",26,27.7
"980",278,0.0290256806117807,0.0319461190521228,0.0350028625029004,"Hydra",26,27.8
"981",279,0.0289315603785248,0.0318428638623559,0.0348991437792602,"Hydra",26,27.9
"982",280,0.0288366872589434,0.0317440040102458,0.0347899188931103,"Hydra",26,28
"983",281,0.0287430905627721,0.0316410774509128,0.0346918409815583,"Hydra",26,28.1
"984",282,0.0286360379141666,0.0315394859015525,0.034579196724784,"Hydra",26,28.2
"985",283,0.0285404889063659,0.0314353398874724,0.0344684916512561,"Hydra",26,28.3
"986",284,0.0284423205595146,0.0313331146043547,0.0343711064762463,"Hydra",26,28.4
"987",285,0.0283469743147495,0.0312311007994494,0.0342634732429304,"Hydra",26,28.5
"988",286,0.0282418605848142,0.0311288193341647,0.0341657623709781,"Hydra",26,28.6
"989",287,0.0281366856810653,0.0310259793865038,0.0340708022501713,"Hydra",26,28.7
"990",288,0.0280429457352857,0.0309209595726544,0.0339597051168977,"Hydra",26,28.8
"991",289,0.0279444117753186,0.030818492539932,0.0338491288023474,"Hydra",26,28.9
"992",290,0.0278434904127859,0.0307161844330078,0.0337443144842754,"Hydra",26,29
"993",291,0.0277427591338127,0.030611771932934,0.0336443678586696,"Hydra",26,29.1
"994",292,0.0276426331985833,0.030510097176802,0.0335475199773253,"Hydra",26,29.2
"995",293,0.0275294898943838,0.03040458395487,0.0334532671902181,"Hydra",26,29.3
"996",294,0.0274256566227865,0.0302954605423698,0.0333362351376528,"Hydra",26,29.4
"997",295,0.0273287411118343,0.0301886415363344,0.0332276670936313,"Hydra",26,29.5
"998",296,0.0272264268618222,0.0300851144255364,0.0331201118919921,"Hydra",26,29.6
"999",297,0.0271197376352548,0.0299773243817292,0.0330231886625117,"Hydra",26,29.7
"1000",298,0.0270207619188381,0.029873008872988,0.0329214180905942,"Hydra",26,29.8
"1001",299,0.0269228523726824,0.0297716717511564,0.0328125129591624,"Hydra",26,29.9
"1002",300,0.026815863729595,0.0296687027021834,0.032712103888882,"Hydra",26,30
"1003",301,0.0267152097926745,0.0295671426537092,0.0326125451844171,"Hydra",26,30.1
"1004",302,0.0266095902577281,0.0294609171965502,0.0325206506521723,"Hydra",26,30.2
"1005",303,0.0265050760674418,0.0293577751064547,0.0324194442118679,"Hydra",26,30.3
"1006",304,0.0264008527351603,0.0292518216854259,0.032323056903301,"Hydra",26,30.4
"1007",305,0.0263011087807481,0.0291459430642688,0.0322242735910662,"Hydra",26,30.5
"1008",306,0.0262012119713948,0.029044545752251,0.0321281432600242,"Hydra",26,30.6
"1009",307,0.0260955518573566,0.0289397675733325,0.0320239521194311,"Hydra",26,30.7
"1010",308,0.025979925786144,0.0288337376733191,0.0319299796727166,"Hydra",26,30.8
"1011",309,0.0258689578815694,0.0287283975463733,0.0318366188754453,"Hydra",26,30.9
"1012",310,0.0257618976242474,0.0286272002573135,0.0317411446132998,"Hydra",26,31
"1013",311,0.0256532137020132,0.0285242479774912,0.0316489886369112,"Hydra",26,31.1
"1014",312,0.0255420768616718,0.0284206245972739,0.0315507744857921,"Hydra",26,31.2
"1015",313,0.0254237697463121,0.028317498698526,0.0314414695319884,"Hydra",26,31.3
"1016",314,0.0253151230744235,0.0282151328836186,0.0313515289781333,"Hydra",26,31.4
"1017",315,0.025204614967323,0.0281091560049091,0.0312644842023839,"Hydra",26,31.5
"1018",316,0.025094180373747,0.0280057529094673,0.0311747133870237,"Hydra",26,31.6
"1019",317,0.0249897306451925,0.0279066110392567,0.0310847092493298,"Hydra",26,31.7
"1020",318,0.024886778016752,0.0278004853212517,0.0309969039444232,"Hydra",26,31.8
"1021",319,0.0247882246757929,0.0276971621552137,0.0309069053277457,"Hydra",26,31.9
"1022",320,0.0246831213653124,0.0275968084447839,0.030818133382027,"Hydra",26,32
"1023",321,0.0245741990563753,0.0274955736415695,0.0307286827481154,"Hydra",26,32.1
"1024",322,0.0244637140078049,0.0273934007457327,0.0306386900658657,"Hydra",26,32.2
"1025",323,0.0243567624808341,0.0272896034185674,0.0305466348322903,"Hydra",26,32.3
"1026",324,0.0242612200358655,0.0271907264968215,0.0304691404483397,"Hydra",26,32.4
"1027",325,0.0241435143605144,0.0270919805442724,0.030385032927179,"Hydra",26,32.5
"1028",326,0.0240294128332649,0.0269894908722145,0.0302963426991675,"Hydra",26,32.6
"1029",327,0.0239224224855909,0.0268923219608655,0.0302018156212045,"Hydra",26,32.7
"1030",328,0.0238177730417987,0.02679379854257,0.0301114482631177,"Hydra",26,32.8
"1031",329,0.0237028167421469,0.0266945038655326,0.0300232526118871,"Hydra",26,32.9
"1032",330,0.0235928508251789,0.0265959724818809,0.0299403365911767,"Hydra",26,33
"1033",331,0.023482585516178,0.0264969981444226,0.0298586268192646,"Hydra",26,33.1
"1034",332,0.0233746546593496,0.0263943876060696,0.0297757469071458,"Hydra",26,33.2
"1035",333,0.0232686333070564,0.0262919538366383,0.0296898252131296,"Hydra",26,33.3
"1036",334,0.0231578307923256,0.026192875988241,0.0296003390228413,"Hydra",26,33.4
"1037",335,0.0230525133966887,0.0260944048840569,0.0295182820906567,"Hydra",26,33.5
"1038",336,0.0229376859119413,0.0259936903215482,0.0294302318253453,"Hydra",26,33.6
"1039",337,0.0228242018211275,0.0258942888615064,0.029344698737609,"Hydra",26,33.7
"1040",338,0.0227083570214673,0.0257976710680142,0.029263685603141,"Hydra",26,33.8
"1041",339,0.0226086369198828,0.0256981477936309,0.0291739599252038,"Hydra",26,33.9
"1042",340,0.0224971272994964,0.02560336357143,0.0290954979125687,"Hydra",26,34
"1043",341,0.0223887422204086,0.0255071970821532,0.0290130262908245,"Hydra",26,34.1
"1044",342,0.0222859629064049,0.0254116858470313,0.0289305450841054,"Hydra",26,34.2
"1045",343,0.0221692622989831,0.0253157028083983,0.0288527600245609,"Hydra",26,34.3
"1046",344,0.0220663361403155,0.0252152545248825,0.0287753176274544,"Hydra",26,34.4
"1047",345,0.0219678638221421,0.025118699843534,0.0286932573383959,"Hydra",26,34.5
"1048",346,0.0218683594866777,0.0250282075543285,0.0286094512664647,"Hydra",26,34.6
"1049",347,0.0217626806375899,0.0249316677967168,0.0285207038163274,"Hydra",26,34.7
"1050",348,0.0216559623441147,0.024834583385804,0.0284471925586115,"Hydra",26,34.8
"1051",349,0.0215502803082487,0.0247393334219396,0.0283720484431776,"Hydra",26,34.9
"1052",350,0.0214449212859425,0.0246446034269431,0.028298452114901,"Hydra",26,35
"1053",351,0.0213451881666402,0.0245476380938601,0.0282315824480987,"Hydra",26,35.1
"1054",1,239295.470989949,269980.644608451,302532.606477236,"Alg",23,0.1
"1055",2,241044.358657748,272180.106236142,304941.250677005,"Alg",23,0.2
"1056",3,242901.474777544,274396.556128383,307510.919919448,"Alg",23,0.3
"1057",4,244772.540055446,276632.354272092,310116.984045863,"Alg",23,0.4
"1058",5,246557.668109002,278935.104196883,312674.865062337,"Alg",23,0.5
"1059",6,248428.148196842,281318.189033975,315380.804015874,"Alg",23,0.6
"1060",7,250363.130100131,283639.810894571,318098.021912768,"Alg",23,0.7
"1061",8,252252.480508217,286059.315836436,320728.467111149,"Alg",23,0.8
"1062",9,254242.427877084,288486.883188834,323472.864886047,"Alg",23,0.9
"1063",10,256241.234174279,290976.824671802,326279.422126758,"Alg",23,1
"1064",11,258229.863215504,293439.05844181,329145.872313203,"Alg",23,1.1
"1065",12,260440.95900525,295948.743875353,331975.150931027,"Alg",23,1.2
"1066",13,262412.627859434,298430.567918039,334882.174235869,"Alg",23,1.3
"1067",14,264525.345486565,301005.047173131,337855.099060069,"Alg",23,1.4
"1068",15,266565.046450409,303559.426909622,340808.918751119,"Alg",23,1.5
"1069",16,268727.602128218,306233.197303929,343784.062335135,"Alg",23,1.6
"1070",17,270880.454083604,308920.928418635,346823.812578644,"Alg",23,1.7
"1071",18,273174.986093334,311564.792091869,349941.188063366,"Alg",23,1.8
"1072",19,275314.922706822,314286.902168287,353081.990874234,"Alg",23,1.9
"1073",20,277404.974085031,317043.031177837,356218.572058945,"Alg",23,2
"1074",21,279653.805289467,319852.892840228,359339.426684336,"Alg",23,2.1
"1075",22,281808.718504511,322666.365335647,362522.098225732,"Alg",23,2.2
"1076",23,284192.337480715,325543.373277895,365822.033195209,"Alg",23,2.3
"1077",24,286467.008925622,328363.643709901,369072.469285044,"Alg",23,2.4
"1078",25,288908.21007394,331284.295419976,372287.44093847,"Alg",23,2.5
"1079",26,291294.810758827,334211.662049124,375683.79751425,"Alg",23,2.6
"1080",27,293773.882186934,337138.365906294,379070.714633433,"Alg",23,2.7
"1081",28,296286.364368967,340115.469533908,382450.566673722,"Alg",23,2.8
"1082",29,298731.854338717,343110.041693384,386007.305449065,"Alg",23,2.9
"1083",30,301276.766025847,346189.378588568,389546.514997428,"Alg",23,3
"1084",31,303826.863799218,349250.391722018,393004.150606797,"Alg",23,3.1
"1085",32,306393.140487669,352280.605915183,396576.131509804,"Alg",23,3.2
"1086",33,309018.393545435,355419.52430452,400244.585471976,"Alg",23,3.3
"1087",34,311723.399562881,358575.436110489,403786.544356734,"Alg",23,3.4
"1088",35,314412.588300319,361751.14697237,407450.413247089,"Alg",23,3.5
"1089",36,317149.043125947,364931.320115651,411078.739064072,"Alg",23,3.6
"1090",37,319770.760648688,368186.812683443,414791.452864795,"Alg",23,3.7
"1091",38,322597.628424542,371506.99746375,418463.283549952,"Alg",23,3.8
"1092",39,325244.364430311,374806.296026648,422235.928000842,"Alg",23,3.9
"1093",40,327958.638518491,378166.969121133,425942.086915127,"Alg",23,4
"1094",41,330676.175382462,381508.744213798,429614.18994281,"Alg",23,4.1
"1095",42,333481.061728614,384807.7755283,433484.965983788,"Alg",23,4.2
"1096",43,336269.268248005,388274.204086131,437286.089749017,"Alg",23,4.3
"1097",44,339083.408404885,391713.722181885,441355.248806765,"Alg",23,4.4
"1098",45,342025.69713756,395110.07514782,445325.466565247,"Alg",23,4.5
"1099",46,345003.263716997,398595.25250746,449445.673756149,"Alg",23,4.6
"1100",47,347958.380352542,402073.045210493,453268.360382524,"Alg",23,4.7
"1101",48,350926.713175335,405624.00210391,457339.678844699,"Alg",23,4.8
"1102",49,353887.839283626,409101.341922511,461537.487745356,"Alg",23,4.9
"1103",50,356915.951004606,412715.516891594,465660.96497729,"Alg",23,5
"1104",51,359835.633172782,416394.748067335,469832.955367194,"Alg",23,5.1
"1105",52,362880.527653359,419986.249104681,474075.096523156,"Alg",23,5.2
"1106",53,366046.383696468,423605.255151471,478214.95378544,"Alg",23,5.3
"1107",54,369133.780464998,427203.515407692,482520.852018303,"Alg",23,5.4
"1108",55,372285.446072931,430917.271245358,486656.786896917,"Alg",23,5.5
"1109",56,375513.662254296,434696.553639757,490990.907869371,"Alg",23,5.6
"1110",57,378769.011080838,438491.674131047,495513.463595106,"Alg",23,5.7
"1111",58,381820.739241438,442284.246238091,499900.366934738,"Alg",23,5.8
"1112",59,384925.475753995,446013.164218971,504248.639496607,"Alg",23,5.9
"1113",60,388211.901706302,449779.989336402,508589.544454423,"Alg",23,6
"1114",61,391654.997249853,453610.090381068,513169.450954859,"Alg",23,6.1
"1115",62,394988.132076926,457411.109160397,517470.587434476,"Alg",23,6.2
"1116",63,398286.699857226,461214.370511809,521987.136688467,"Alg",23,6.3
"1117",64,401743.948133794,465048.06360987,526514.172082222,"Alg",23,6.4
"1118",65,405131.48321954,468981.990760416,530949.450537813,"Alg",23,6.5
"1119",66,408521.589566525,472858.517592408,535725.578849407,"Alg",23,6.6
"1120",67,411736.315947862,476764.585197888,540292.507115373,"Alg",23,6.7
"1121",68,414929.024988876,480673.402950492,544978.203100743,"Alg",23,6.8
"1122",69,418215.867915515,484606.400827929,549505.642085136,"Alg",23,6.9
"1123",70,421545.042466865,488566.24485224,554088.928909994,"Alg",23,7
"1124",71,424800.144693141,492508.720148237,558749.572286688,"Alg",23,7.1
"1125",72,428009.705855974,496588.362369723,563356.328630987,"Alg",23,7.2
"1126",73,431272.543230139,500634.506139491,568119.595698249,"Alg",23,7.3
"1127",74,434598.114807605,504654.277469805,572833.061793921,"Alg",23,7.4
"1128",75,437860.296264071,508717.60135767,577628.271396519,"Alg",23,7.5
"1129",76,440994.959674349,512804.000909394,582609.30144463,"Alg",23,7.6
"1130",77,444337.8666126,516863.690858801,587404.509302484,"Alg",23,7.7
"1131",78,447631.585099731,520969.949621282,592144.255644541,"Alg",23,7.8
"1132",79,451090.459210532,524988.837401595,596814.66853789,"Alg",23,7.9
"1133",80,454501.838023565,529089.290973677,601434.949877188,"Alg",23,8
"1134",81,458025.435418043,533286.099986986,606221.468569561,"Alg",23,8.1
"1135",82,461321.763835797,537369.263707145,611144.851671039,"Alg",23,8.2
"1136",83,464739.022573088,541501.390266151,616228.381656392,"Alg",23,8.3
"1137",84,467975.125784511,545636.160617121,620969.610600035,"Alg",23,8.4
"1138",85,471171.205534197,549799.860832266,625742.697465184,"Alg",23,8.5
"1139",86,474487.434038362,553908.540821642,630620.123676316,"Alg",23,8.6
"1140",87,477730.69592578,558015.874605833,635402.027318072,"Alg",23,8.7
"1141",88,481205.134329055,562188.303286557,640284.818625135,"Alg",23,8.8
"1142",89,484482.294897627,566402.394821762,645327.409687558,"Alg",23,8.9
"1143",90,487875.097151872,570564.072327061,650109.474864207,"Alg",23,9
"1144",91,491150.318068883,574711.891263291,654911.761122407,"Alg",23,9.1
"1145",92,494603.5762154,578869.841669581,659910.913845792,"Alg",23,9.2
"1146",93,497948.543453497,583029.966322764,664889.576213768,"Alg",23,9.3
"1147",94,501295.697973557,587146.644355752,669785.594276124,"Alg",23,9.4
"1148",95,504910.857908791,591293.119470368,674474.449049273,"Alg",23,9.5
"1149",96,508216.236497061,595475.221630067,679493.149835896,"Alg",23,9.6
"1150",97,511762.061484324,599542.611141496,684261.815467765,"Alg",23,9.7
"1151",98,515225.805748137,603759.659568763,689081.857347537,"Alg",23,9.8
"1152",99,518038.374618832,607835.876200728,693883.875739064,"Alg",23,9.9
"1153",100,521444.538554426,611923.351518382,698558.110440168,"Alg",23,10
"1154",101,524441.422468348,616018.363893355,703247.141556661,"Alg",23,10.1
"1155",102,527860.926316615,620148.986884463,708012.366301701,"Alg",23,10.2
"1156",103,531343.753925568,624192.206867115,712798.49243779,"Alg",23,10.3
"1157",104,534519.332348056,628259.096166904,717552.854376861,"Alg",23,10.4
"1158",105,537702.853241453,632273.565615593,722326.100245512,"Alg",23,10.5
"1159",106,541105.690188557,636368.13073079,727121.136932656,"Alg",23,10.6
"1160",107,543947.547442675,640514.628259165,731748.610430615,"Alg",23,10.7
"1161",108,547209.823264721,644551.56634263,736602.702834437,"Alg",23,10.8
"1162",109,550180.184055274,648636.805781674,741259.102000602,"Alg",23,10.9
"1163",110,553535.355104402,652652.191077228,745781.760728712,"Alg",23,11
"1164",111,556640.964565703,656526.703867821,750367.020468081,"Alg",23,11.1
"1165",112,559954.167901294,660477.490077444,754885.855267075,"Alg",23,11.2
"1166",113,562922.900675682,664375.458281812,759325.283465699,"Alg",23,11.3
"1167",114,565978.293972667,668246.291704416,763648.137577418,"Alg",23,11.4
"1168",115,569100.259545698,672071.029368374,768127.821193939,"Alg",23,11.5
"1169",116,572276.592480354,675992.79003971,772625.67998572,"Alg",23,11.6
"1170",117,575280.033360658,679772.177274451,777052.783357106,"Alg",23,11.7
"1171",118,578286.31554991,683595.236373855,781381.761329128,"Alg",23,11.8
"1172",119,581399.189381607,687430.355690011,785700.772627427,"Alg",23,11.9
"1173",120,584681.246328562,691146.675417991,790219.384734187,"Alg",23,12
"1174",121,587937.096497193,694794.392713783,794499.494607379,"Alg",23,12.1
"1175",122,590325.130957559,698433.223225779,798790.096851601,"Alg",23,12.2
"1176",123,593498.639316164,702186.906305376,802753.400705725,"Alg",23,12.3
"1177",124,596342.252430561,705882.090330919,806993.182262453,"Alg",23,12.4
"1178",125,599033.966989038,709540.994002077,810954.502116099,"Alg",23,12.5
"1179",126,602029.436888261,713079.83423197,814878.261694305,"Alg",23,12.6
"1180",127,605013.055182225,716570.617870937,818897.740406966,"Alg",23,12.7
"1181",128,607904.629911319,720092.84355224,822899.127105625,"Alg",23,12.8
"1182",129,610879.121524504,723726.939913295,826621.914044263,"Alg",23,12.9
"1183",130,613818.550843124,727174.370670931,830310.012933764,"Alg",23,13
"1184",131,616438.444852188,730650.507057377,834057.220058824,"Alg",23,13.1
"1185",132,619216.682139058,734108.797792425,837802.114447852,"Alg",23,13.2
"1186",133,621959.693640661,737435.67448606,841431.28862641,"Alg",23,13.3
"1187",134,624902.750264319,740775.628232407,845275.925839198,"Alg",23,13.4
"1188",135,627745.382273745,744020.399244262,848635.592457574,"Alg",23,13.5
"1189",136,630690.002649315,747364.533731945,851868.788873818,"Alg",23,13.6
"1190",137,633699.515271665,750569.109222008,855468.485299876,"Alg",23,13.7
"1191",138,636324.887101712,753712.663389323,858794.6659438,"Alg",23,13.8
"1192",139,638954.608405546,756867.876537189,861931.556139719,"Alg",23,13.9
"1193",140,641556.116142091,760024.766982643,865218.268004142,"Alg",23,14
"1194",141,644216.491744675,763048.246778875,868067.001460547,"Alg",23,14.1
"1195",142,647049.265687079,766076.045628462,870949.167623899,"Alg",23,14.2
"1196",143,650001.295962948,768976.221623686,874023.948240434,"Alg",23,14.3
"1197",144,652640.519322643,771831.622421611,876990.464774995,"Alg",23,14.4
"1198",145,655126.116269111,774832.533381674,880092.907545747,"Alg",23,14.5
"1199",146,657944.353737485,777654.115442002,883348.240092683,"Alg",23,14.6
"1200",147,660580.914384606,780597.298561119,886294.440350023,"Alg",23,14.7
"1201",148,663254.361105569,783421.042890962,888999.739891311,"Alg",23,14.8
"1202",149,665776.859749934,786095.665511956,891499.150737089,"Alg",23,14.9
"1203",150,668240.788966561,788873.695802901,894518.966835613,"Alg",23,15
"1204",151,670490.811572612,791607.527253986,896807.801374853,"Alg",23,15.1
"1205",152,673366.347249456,794319.668474982,899530.151647886,"Alg",23,15.2
"1206",153,676003.452057287,796896.515900282,902181.389022295,"Alg",23,15.3
"1207",154,678540.28865349,799447.250637968,904677.825849649,"Alg",23,15.4
"1208",155,680952.948835251,801973.47360704,906827.051824483,"Alg",23,15.5
"1209",156,683348.696707743,804330.905887294,909435.064699803,"Alg",23,15.6
"1210",157,685785.107655095,806772.061632533,911513.380828855,"Alg",23,15.7
"1211",158,688273.020071726,809222.678953215,913939.54144718,"Alg",23,15.8
"1212",159,690636.479924538,811491.00886699,916064.320673149,"Alg",23,15.9
"1213",160,693099.810991276,813719.504226986,918513.354906725,"Alg",23,16
"1214",161,695695.844970788,815965.760202716,920502.102466013,"Alg",23,16.1
"1215",162,697854.783370438,818267.822812344,922622.248046377,"Alg",23,16.2
"1216",163,700231.414894119,820400.230380183,924613.146769667,"Alg",23,16.3
"1217",164,702651.354174461,822540.374592262,926449.133033492,"Alg",23,16.4
"1218",165,705073.370502566,824671.173078915,928383.6035769,"Alg",23,16.5
"1219",166,707242.738290126,826734.507525419,930194.186539299,"Alg",23,16.6
"1220",167,709893.263602551,828806.266115273,931686.582831052,"Alg",23,16.7
"1221",168,712268.801784842,830818.10672114,933513.532536461,"Alg",23,16.8
"1222",169,714412.727081714,832677.61026158,935197.489454513,"Alg",23,16.9
"1223",170,716839.998954948,834504.443177055,937067.772717454,"Alg",23,17
"1224",171,718696.538719503,836261.47011336,938599.509192071,"Alg",23,17.1
"1225",172,720987.864191393,838166.38737694,940255.023102081,"Alg",23,17.2
"1226",173,723443.716902417,839902.428305187,941244.91000235,"Alg",23,17.3
"1227",174,725600.59996652,841604.305850696,942797.635337175,"Alg",23,17.4
"1228",175,727641.561306214,843309.572606358,943820.180269328,"Alg",23,17.5
"1229",176,729791.835238237,844986.696214054,944939.898027838,"Alg",23,17.6
"1230",177,731729.682272988,846653.884250139,945984.219314434,"Alg",23,17.7
"1231",178,733771.781746361,848114.469834677,946960.681342688,"Alg",23,17.8
"1232",179,735792.301543234,849783.950092314,948059.928631235,"Alg",23,17.9
"1233",180,737977.225705093,851214.505031183,949027.392190511,"Alg",23,18
"1234",181,740053.28672721,852728.533482545,950175.727588779,"Alg",23,18.1
"1235",182,742081.762006089,853996.436874096,951110.06849996,"Alg",23,18.2
"1236",183,743986.128091717,855358.528088015,951927.857841322,"Alg",23,18.3
"1237",184,745995.305416944,856795.942774092,952661.385310811,"Alg",23,18.4
"1238",185,748029.813413286,858116.482708347,953493.585656057,"Alg",23,18.5
"1239",186,750108.730079688,859273.146780654,954291.827012844,"Alg",23,18.6
"1240",187,752270.001709006,860395.677583187,955043.852274953,"Alg",23,18.7
"1241",188,753963.596450431,861589.245151118,955834.450917457,"Alg",23,18.8
"1242",189,755782.518064032,862657.228921108,956114.817665959,"Alg",23,18.9
"1243",190,757437.858751366,863771.363405892,956681.465929552,"Alg",23,19
"1244",191,759238.718657955,864803.723636116,957379.986387467,"Alg",23,19.1
"1245",192,761135.196097409,865781.017280421,957882.10194726,"Alg",23,19.2
"1246",193,762334.363139065,866689.729650426,958627.949173573,"Alg",23,19.3
"1247",194,763976.783378264,867592.855197635,958805.224776555,"Alg",23,19.4
"1248",195,765285.390186141,868383.834469871,959060.914949573,"Alg",23,19.5
"1249",196,766913.88400353,869170.84078241,959398.129303745,"Alg",23,19.6
"1250",197,768614.331344066,869952.703643244,960009.713012319,"Alg",23,19.7
"1251",198,769538.424527673,870672.011967325,960622.649542291,"Alg",23,19.8
"1252",199,771265.953325895,871274.488578724,960918.401627383,"Alg",23,19.9
"1253",200,772802.168271562,871877.144592828,961009.341179093,"Alg",23,20
"1254",201,774135.26900031,872533.531977997,961489.694158853,"Alg",23,20.1
"1255",202,775059.816380036,872903.40237682,961802.433141032,"Alg",23,20.2
"1256",203,775851.347601535,873301.363926572,962194.982395311,"Alg",23,20.3
"1257",204,776779.397783369,873692.717622251,962457.85670196,"Alg",23,20.4
"1258",205,778026.005401594,874105.795139829,962584.374029695,"Alg",23,20.5
"1259",206,778675.407544543,874615.2063984,962696.795802186,"Alg",23,20.6
"1260",207,779715.433113928,874916.133944056,962768.60178926,"Alg",23,20.7
"1261",208,780142.847658057,875241.516472768,962723.478742237,"Alg",23,20.8
"1262",209,780799.05805548,875510.156194051,962530.305570144,"Alg",23,20.9
"1263",210,781749.352936631,875719.201010013,962629.471906061,"Alg",23,21
"1264",211,782069.202167826,875817.363738396,962399.731504468,"Alg",23,21.1
"1265",212,782814.224488826,875808.913421113,962113.228534066,"Alg",23,21.2
"1266",213,783213.226657787,875778.092513004,961811.24245845,"Alg",23,21.3
"1267",214,783711.58741637,875653.388246545,961529.3297432,"Alg",23,21.4
"1268",215,784107.701017634,875611.732674261,961331.201390162,"Alg",23,21.5
"1269",216,784204.152856744,875346.852129814,961526.491353317,"Alg",23,21.6
"1270",217,784526.818104773,875002.244726555,961127.760269756,"Alg",23,21.7
"1271",218,784518.295995615,874629.682387167,960674.10522975,"Alg",23,21.8
"1272",219,784324.028479954,874282.542001977,960030.548890237,"Alg",23,21.9
"1273",220,784283.633634767,873889.407375833,959489.509483242,"Alg",23,22
"1274",221,783988.391859172,873407.200538748,958769.576001514,"Alg",23,22.1
"1275",222,783681.34909515,872853.406128151,958541.803302062,"Alg",23,22.2
"1276",223,783439.530116651,872288.126414759,958001.299636392,"Alg",23,22.3
"1277",224,782668.821189665,871638.211296533,957231.911196126,"Alg",23,22.4
"1278",225,782023.652649921,870948.387529321,956684.119941147,"Alg",23,22.5
"1279",226,781307.274826757,870122.164521056,956027.4928795,"Alg",23,22.6
"1280",227,780616.017981045,869262.491097359,955426.279281244,"Alg",23,22.7
"1281",228,780007.351679499,868435.427097705,954548.12940833,"Alg",23,22.8
"1282",229,779094.867978486,867452.802659583,953612.457264715,"Alg",23,22.9
"1283",230,777993.381717983,866424.71801961,952537.478097403,"Alg",23,23
"1284",231,776869.234858126,865406.16816092,951411.640424426,"Alg",23,23.1
"1285",232,775610.6139068,864247.214712989,950264.356657284,"Alg",23,23.2
"1286",233,774579.542854863,863114.662850563,949358.652369532,"Alg",23,23.3
"1287",234,773244.814406073,861753.119229775,948237.76683907,"Alg",23,23.4
"1288",235,771801.606963443,860349.158608598,946839.495705764,"Alg",23,23.5
"1289",236,770543.2801126,858922.201783856,945617.594035488,"Alg",23,23.6
"1290",237,768823.002938388,857419.163510659,944211.361923181,"Alg",23,23.7
"1291",238,767213.168410576,855707.548607038,942513.657440946,"Alg",23,23.8
"1292",239,765579.156054422,854012.026458688,941089.045965984,"Alg",23,23.9
"1293",240,763926.954749486,852298.998688887,939414.194984263,"Alg",23,24
"1294",241,762009.865154651,850615.173242463,937836.422001732,"Alg",23,24.1
"1295",242,760009.425526612,848783.370217331,936187.591226592,"Alg",23,24.2
"1296",243,758044.834218179,846890.844793877,934387.11392078,"Alg",23,24.3
"1297",244,756274.723555673,844929.178616951,932849.789735987,"Alg",23,24.4
"1298",245,753949.907012643,842852.087681268,931026.068432411,"Alg",23,24.5
"1299",246,751823.729534699,840825.999168401,929117.897970264,"Alg",23,24.6
"1300",247,749558.7856669,838655.35184917,927148.446436577,"Alg",23,24.7
"1301",248,747415.86666006,836409.58147494,925006.202242553,"Alg",23,24.8
"1302",249,745160.130039928,834158.704838968,923325.692012499,"Alg",23,24.9
"1303",250,743061.130412005,831924.065489323,921124.812585025,"Alg",23,25
"1304",251,740557.255151454,829418.971585188,919083.838553519,"Alg",23,25.1
"1305",252,738060.10830778,826891.702551344,917064.477406852,"Alg",23,25.2
"1306",253,735585.355638749,824498.913070181,914686.417552834,"Alg",23,25.3
"1307",254,732753.951132611,821983.51718807,912513.621489213,"Alg",23,25.4
"1308",255,729856.778248987,819487.065668825,910189.827117236,"Alg",23,25.5
"1309",256,727090.638668476,816863.797726492,907741.929834761,"Alg",23,25.6
"1310",257,724405.790005339,814134.58571973,905357.853276751,"Alg",23,25.7
"1311",258,721365.314000545,811406.046754432,902966.91622125,"Alg",23,25.8
"1312",259,718474.831562038,808559.114719302,900414.453896467,"Alg",23,25.9
"1313",260,715669.065549281,805807.904594532,897559.005694992,"Alg",23,26
"1314",261,712768.006678185,802902.941809042,895097.053139823,"Alg",23,26.1
"1315",262,709647.511490558,800010.011691899,892257.183251155,"Alg",23,26.2
"1316",263,706599.087003541,796943.96756222,889504.752996339,"Alg",23,26.3
"1317",264,703617.229780253,793886.594747025,886802.634092265,"Alg",23,26.4
"1318",265,700516.588901535,790862.439540765,884217.005000271,"Alg",23,26.5
"1319",266,697351.96124718,787851.825723602,881505.24500349,"Alg",23,26.6
"1320",267,694139.735525403,784754.999039859,878764.829578631,"Alg",23,26.7
"1321",268,690899.745440455,781500.966795252,875868.060392329,"Alg",23,26.8
"1322",269,687636.73363645,778404.48895373,872740.742794546,"Alg",23,26.9
"1323",270,684353.242715998,775157.58623911,870124.527169518,"Alg",23,27
"1324",271,681000.772059453,771891.428595121,867187.122705976,"Alg",23,27.1
"1325",272,677561.931433875,768660.588303006,864079.983521894,"Alg",23,27.2
"1326",273,674398.602355231,765304.39246044,861010.846667605,"Alg",23,27.3
"1327",274,671132.915763937,761991.206257918,857838.503792304,"Alg",23,27.4
"1328",275,667689.252534161,758589.120243252,854627.130800746,"Alg",23,27.5
"1329",276,664232.417110256,755140.015986642,851162.399460132,"Alg",23,27.6
"1330",277,660959.347881324,751665.814600087,847638.544284027,"Alg",23,27.7
"1331",278,657484.738356864,748220.534910447,844672.102233856,"Alg",23,27.8
"1332",279,653953.466545147,744755.224544598,841328.119736425,"Alg",23,27.9
"1333",280,650357.319211572,741284.449581983,837804.044977768,"Alg",23,28
"1334",281,646769.591048313,737710.337775072,834345.890898278,"Alg",23,28.1
"1335",282,643268.114000727,734093.133320066,831028.750147189,"Alg",23,28.2
"1336",283,639654.96296886,730495.928294157,827549.29381076,"Alg",23,28.3
"1337",284,636041.403070007,726795.134069383,824050.036788946,"Alg",23,28.4
"1338",285,632485.613698286,723162.706088777,820765.988058725,"Alg",23,28.5
"1339",286,628916.098470896,719481.60555212,817414.544392315,"Alg",23,28.6
"1340",287,625384.257436114,715738.993621605,813710.935186341,"Alg",23,28.7
"1341",288,621680.795957029,712039.634088496,810183.94550933,"Alg",23,28.8
"1342",289,617972.991180506,708266.335042377,806569.30616918,"Alg",23,28.9
"1343",290,614494.118827031,704493.921697143,803179.213859074,"Alg",23,29
"1344",291,610986.047256296,700783.300907607,799421.56409743,"Alg",23,29.1
"1345",292,607405.315577287,696995.737718959,795731.026005067,"Alg",23,29.2
"1346",293,603913.928808323,693238.340599923,791985.252727533,"Alg",23,29.3
"1347",294,600200.534544634,689476.946603529,788294.9497135,"Alg",23,29.4
"1348",295,596562.741697469,685684.704368304,784583.418909252,"Alg",23,29.5
"1349",296,593032.969513007,681839.643204893,780836.8668372,"Alg",23,29.6
"1350",297,589441.050230008,678038.428554429,776839.158901301,"Alg",23,29.7
"1351",298,585762.078710061,674202.277383558,772993.99886783,"Alg",23,29.8
"1352",299,581975.971825633,670302.223706651,769180.214857473,"Alg",23,29.9
"1353",300,578308.87634172,666411.495330126,765309.213991776,"Alg",23,30
"1354",301,574680.398311536,662572.585267486,761367.296449943,"Alg",23,30.1
"1355",302,570992.220346917,658711.673237896,757671.384410043,"Alg",23,30.2
"1356",303,567318.90101769,654853.624510004,753659.039272671,"Alg",23,30.3
"1357",304,563590.663243343,650977.693829558,749863.720588367,"Alg",23,30.4
"1358",305,559819.190096207,647099.451632938,746059.346717087,"Alg",23,30.5
"1359",306,556360.909390777,643204.279597218,742142.218622147,"Alg",23,30.6
"1360",307,552684.998382337,639343.45223533,738273.178500935,"Alg",23,30.7
"1361",308,549168.54065292,635540.033005654,734397.290871145,"Alg",23,30.8
"1362",309,545542.278379621,631655.55097963,730433.729977696,"Alg",23,30.9
"1363",310,541915.598504465,627778.155112896,726607.111084735,"Alg",23,31
"1364",311,538307.910752984,623966.319677914,722673.013931074,"Alg",23,31.1
"1365",312,534745.03344511,620112.125301723,718798.368803828,"Alg",23,31.2
"1366",313,531240.290971644,616223.475682907,714931.228342117,"Alg",23,31.3
"1367",314,527778.42125468,612366.928275042,711015.230289766,"Alg",23,31.4
"1368",315,524222.891751621,608560.694987672,707010.816845868,"Alg",23,31.5
"1369",316,520723.281248635,604755.795552539,702947.416652846,"Alg",23,31.6
"1370",317,517169.211852831,600931.743216961,698878.289715222,"Alg",23,31.7
"1371",318,513688.614925574,597111.911131672,695043.772339822,"Alg",23,31.8
"1372",319,510287.395871077,593272.378991173,691303.492445454,"Alg",23,31.9
"1373",320,506956.21161482,589459.917386172,687311.30362052,"Alg",23,32
"1374",321,503506.975138279,585631.866880281,683365.693110114,"Alg",23,32.1
"1375",322,499961.932486661,581884.152274365,679291.893146474,"Alg",23,32.2
"1376",323,496548.922940674,578100.805671692,675203.665720039,"Alg",23,32.3
"1377",324,493064.038706253,574413.792846193,671117.558212717,"Alg",23,32.4
"1378",325,489569.900283794,570679.628143368,667071.515134446,"Alg",23,32.5
"1379",326,486189.580977549,566905.025962435,663094.610458891,"Alg",23,32.6
"1380",327,482869.457453251,563144.241804285,659193.679915802,"Alg",23,32.7
"1381",328,479564.372066764,559422.721864033,655141.264826415,"Alg",23,32.8
"1382",329,476199.611201504,555722.703039878,651240.780661276,"Alg",23,32.9
"1383",330,472893.575894024,552017.519538213,647342.190614695,"Alg",23,33
"1384",331,469549.666539895,548313.813842357,643445.631665514,"Alg",23,33.1
"1385",332,466221.519915343,544631.07245597,639517.796909081,"Alg",23,33.2
"1386",333,462945.169358033,540964.353426063,635499.3300468,"Alg",23,33.3
"1387",334,459765.097281286,537366.243553684,631466.283385868,"Alg",23,33.4
"1388",335,456576.061538136,533653.700786372,627578.654293776,"Alg",23,33.5
"1389",336,453339.811118674,530058.641695871,623521.794767881,"Alg",23,33.6
"1390",337,450157.327888856,526426.52223041,619719.216343747,"Alg",23,33.7
"1391",338,446966.642510128,522852.463499494,615988.556602455,"Alg",23,33.8
"1392",339,443797.129839221,519287.445353088,612142.406527854,"Alg",23,33.9
"1393",340,440656.450164366,515755.149243813,608310.12326079,"Alg",23,34
"1394",341,437542.021609991,512191.061236336,604530.219213829,"Alg",23,34.1
"1395",342,434421.618456191,508655.086886345,600690.523661569,"Alg",23,34.2
"1396",343,431285.869933157,505114.546606546,596793.069652339,"Alg",23,34.3
"1397",344,428121.580828574,501606.695135795,592899.441237947,"Alg",23,34.4
"1398",345,425044.161728889,498076.402435137,589016.815149862,"Alg",23,34.5
"1399",346,421994.520580447,494564.139268817,585142.183913995,"Alg",23,34.6
"1400",347,418982.251204983,491064.620119894,581305.914051482,"Alg",23,34.7
"1401",348,415906.377886954,487623.729865935,577518.58206853,"Alg",23,34.8
"1402",349,412848.923272822,484216.638859823,573639.414731815,"Alg",23,34.9
"1403",350,409852.862421676,480832.385691108,569892.574295198,"Alg",23,35
"1404",351,406942.324788937,477456.866178103,566139.396177907,"Alg",23,35.1
"1405",1,0.0505840906285665,0.0905606581887869,0.146196583297423,"Daph",23,0.1
"1406",2,0.050673727446307,0.0903662248210782,0.145063676092233,"Daph",23,0.2
"1407",3,0.0508237698328813,0.0901409753810146,0.144136902011015,"Daph",23,0.3
"1408",4,0.0510193769456714,0.0900192148570414,0.143012683109526,"Daph",23,0.4
"1409",5,0.051200814109641,0.0898445360375872,0.142071189451728,"Daph",23,0.5
"1410",6,0.0513024668347515,0.0896722179539821,0.140974104070287,"Daph",23,0.6
"1411",7,0.0514713105653939,0.0895510091409672,0.140215105004957,"Daph",23,0.7
"1412",8,0.0516075580299833,0.0894199262340612,0.139327895732788,"Daph",23,0.8
"1413",9,0.0516799514675695,0.0893055554521135,0.138705140764641,"Daph",23,0.9
"1414",10,0.0517835693680735,0.0892219749066798,0.137996725636991,"Daph",23,1
"1415",11,0.0519031190962431,0.0891804283251777,0.137513278309744,"Daph",23,1.1
"1416",12,0.0519678083834636,0.0891852214895387,0.136980393401313,"Daph",23,1.2
"1417",13,0.0521648768118804,0.0891669016015927,0.136380895634383,"Daph",23,1.3
"1418",14,0.0524373186693846,0.0891691680105143,0.135653846262912,"Daph",23,1.4
"1419",15,0.0526252062453751,0.0891003106831786,0.135232753754566,"Daph",23,1.5
"1420",16,0.052918116278054,0.0891341159375482,0.134790434049872,"Daph",23,1.6
"1421",17,0.053097719604386,0.089228229925467,0.134481284206328,"Daph",23,1.7
"1422",18,0.0533027893070247,0.0893359088482737,0.134073427111619,"Daph",23,1.8
"1423",19,0.0534807568167824,0.0894375328018698,0.133661456982352,"Daph",23,1.9
"1424",20,0.0537706455443834,0.0894997663205463,0.133511719726625,"Daph",23,2
"1425",21,0.0540575100240539,0.0896129587693662,0.133254714991113,"Daph",23,2.1
"1426",22,0.0543567198196515,0.0897216524258683,0.133085710588778,"Daph",23,2.2
"1427",23,0.0546052900158313,0.0898564805544623,0.132836821306055,"Daph",23,2.3
"1428",24,0.054764953304019,0.090036919344486,0.132626698931342,"Daph",23,2.4
"1429",25,0.0550542822176054,0.0901638370106736,0.132568389315672,"Daph",23,2.5
"1430",26,0.0551995824286309,0.090326890775384,0.132470375245703,"Daph",23,2.6
"1431",27,0.0554139397250677,0.090522222343625,0.132394105386165,"Daph",23,2.7
"1432",28,0.0556504170973715,0.090723656101068,0.132429513622355,"Daph",23,2.8
"1433",29,0.0559033431534456,0.0909625045243529,0.132425144431287,"Daph",23,2.9
"1434",30,0.0562280891274657,0.0912012367703809,0.132473200070268,"Daph",23,3
"1435",31,0.0563849123838684,0.0914494756418755,0.132457333223896,"Daph",23,3.1
"1436",32,0.0566587253302214,0.0916818218816441,0.132617026700768,"Daph",23,3.2
"1437",33,0.0570103792561241,0.091933238639484,0.132720457040716,"Daph",23,3.3
"1438",34,0.0572056193600095,0.092201131677355,0.132923510449957,"Daph",23,3.4
"1439",35,0.0574851530429439,0.0925014294030797,0.132931042436957,"Daph",23,3.5
"1440",36,0.0578352865604185,0.0928177222573685,0.133028615799499,"Daph",23,3.6
"1441",37,0.0581712492449804,0.0931138689134217,0.133323119316295,"Daph",23,3.7
"1442",38,0.0584720376335554,0.0934297631125124,0.133640099155941,"Daph",23,3.8
"1443",39,0.0587523074513235,0.0937477412456355,0.133734760749476,"Daph",23,3.9
"1444",40,0.0590005183230655,0.0941413146662584,0.134159230188118,"Daph",23,4
"1445",41,0.0593715280692298,0.0944768400537221,0.134542928313915,"Daph",23,4.1
"1446",42,0.0596991001690641,0.094810149308893,0.134927435525371,"Daph",23,4.2
"1447",43,0.0599700641527813,0.0952056609297657,0.135338954189555,"Daph",23,4.3
"1448",44,0.0603794746407669,0.0956455824984647,0.135639734845821,"Daph",23,4.4
"1449",45,0.0606940151910251,0.0960929419868871,0.135982602040014,"Daph",23,4.5
"1450",46,0.0610763890153109,0.0965640359836026,0.136365686001182,"Daph",23,4.6
"1451",47,0.0614958116264148,0.0970211648330133,0.136807952556411,"Daph",23,4.7
"1452",48,0.0618934242909353,0.0974552188133912,0.137317155236995,"Daph",23,4.8
"1453",49,0.0623187315163911,0.0979183279763756,0.137693305398334,"Daph",23,4.9
"1454",50,0.062737691690457,0.0984056776160391,0.138143851187561,"Daph",23,5
"1455",51,0.0631525450006734,0.0988886941673845,0.138775463392016,"Daph",23,5.1
"1456",52,0.0635273742395724,0.099419290413461,0.139380731634136,"Daph",23,5.2
"1457",53,0.0639468901861197,0.0998991241886479,0.139935719331657,"Daph",23,5.3
"1458",54,0.0643121160686606,0.100456761649211,0.140498283861784,"Daph",23,5.4
"1459",55,0.0646922066014284,0.10096057592988,0.141209904765596,"Daph",23,5.5
"1460",56,0.0651300410123542,0.101496992294768,0.141836183538391,"Daph",23,5.6
"1461",57,0.065520881441878,0.102029616789947,0.142337898803652,"Daph",23,5.7
"1462",58,0.065958526680206,0.102577314553271,0.14296331149302,"Daph",23,5.8
"1463",59,0.0663485925087835,0.103146052968445,0.143601361732547,"Daph",23,5.9
"1464",60,0.0667793694809506,0.103738038228803,0.144248035443724,"Daph",23,6
"1465",61,0.0673010500498893,0.104292013025118,0.144917552133521,"Daph",23,6.1
"1466",62,0.0677914269316518,0.104892754139898,0.14547064997275,"Daph",23,6.2
"1467",63,0.0683101499693709,0.10551236518297,0.146173815384093,"Daph",23,6.3
"1468",64,0.0687564039464927,0.106157464119202,0.146926715176691,"Daph",23,6.4
"1469",65,0.069252782590388,0.10682392886608,0.147550582425663,"Daph",23,6.5
"1470",66,0.0698261255290899,0.10746617956994,0.148265235691522,"Daph",23,6.6
"1471",67,0.0703508567831794,0.108168828900878,0.148986462291248,"Daph",23,6.7
"1472",68,0.0708722225492995,0.108859064601851,0.149699380819096,"Daph",23,6.8
"1473",69,0.0714063055689874,0.109525750055626,0.150536516032774,"Daph",23,6.9
"1474",70,0.0719749898437168,0.110210176150441,0.151335487989057,"Daph",23,7
"1475",71,0.072549459835111,0.110925530421687,0.152166814895034,"Daph",23,7.1
"1476",72,0.0729830024858847,0.111599475940463,0.152920175251427,"Daph",23,7.2
"1477",73,0.0734998887160569,0.112337114602326,0.153764163488718,"Daph",23,7.3
"1478",74,0.0740574681986384,0.113047503970448,0.154617320155667,"Daph",23,7.4
"1479",75,0.0746291090741476,0.113750338658976,0.155378367669284,"Daph",23,7.5
"1480",76,0.0752106835688964,0.114500822439957,0.156282954388049,"Daph",23,7.6
"1481",77,0.0757683915779634,0.115245195729296,0.157011206055815,"Daph",23,7.7
"1482",78,0.0763138116917201,0.115975364873557,0.158050672136654,"Daph",23,7.8
"1483",79,0.076942841108077,0.116721679465168,0.158814719216457,"Daph",23,7.9
"1484",80,0.0774876046603777,0.117531693655516,0.159603695001854,"Daph",23,8
"1485",81,0.0781142660289653,0.118311407812596,0.160575078927522,"Daph",23,8.1
"1486",82,0.0787367586786576,0.119084585954389,0.161457050007253,"Daph",23,8.2
"1487",83,0.0793819122046519,0.11991175809821,0.16241473199037,"Daph",23,8.3
"1488",84,0.0799033349958044,0.120734585316348,0.163257882425217,"Daph",23,8.4
"1489",85,0.0804653655346367,0.121518118239001,0.164204789195671,"Daph",23,8.5
"1490",86,0.081021114280019,0.122322791994743,0.165102863317527,"Daph",23,8.6
"1491",87,0.0815429809256175,0.123140344520056,0.166116327782762,"Daph",23,8.7
"1492",88,0.082109863831812,0.123938034355767,0.167104615132011,"Daph",23,8.8
"1493",89,0.0827251695967462,0.124741804510898,0.167999020767461,"Daph",23,8.9
"1494",90,0.0833650440770187,0.125536468591859,0.16894870483019,"Daph",23,9
"1495",91,0.0839391653086381,0.126330276256618,0.169993969974829,"Daph",23,9.1
"1496",92,0.084551622530343,0.127134567281729,0.171023539625645,"Daph",23,9.2
"1497",93,0.0851089227215247,0.127903485581192,0.172065489545282,"Daph",23,9.3
"1498",94,0.0857901020214341,0.128735306044305,0.172995433637633,"Daph",23,9.4
"1499",95,0.0864125148432026,0.129510231016833,0.174029008160241,"Daph",23,9.5
"1500",96,0.0870108671537513,0.130298800924462,0.175006338838496,"Daph",23,9.6
"1501",97,0.0876077107942483,0.131095530981602,0.175924294817609,"Daph",23,9.7
"1502",98,0.0881352088701019,0.131887729620179,0.17692861339814,"Daph",23,9.8
"1503",99,0.0887111668888814,0.132671547221943,0.177812169786284,"Daph",23,9.9
"1504",100,0.0893050933409754,0.133471287762859,0.178735961505692,"Daph",23,10
"1505",101,0.0900081965711297,0.134241463448139,0.179610417016054,"Daph",23,10.1
"1506",102,0.0906206509892505,0.134974274349662,0.180470414307348,"Daph",23,10.2
"1507",103,0.0912236457132977,0.135775383132092,0.181292532091528,"Daph",23,10.3
"1508",104,0.0917855357134923,0.136543975173546,0.182156561883287,"Daph",23,10.4
"1509",105,0.0924589378848514,0.137265213027966,0.183027901136651,"Daph",23,10.5
"1510",106,0.0930704524255079,0.13797656141183,0.184027943647586,"Daph",23,10.6
"1511",107,0.0936993277162921,0.13866977896349,0.18486724104177,"Daph",23,10.7
"1512",108,0.0944222972236059,0.13939448691198,0.185762546446634,"Daph",23,10.8
"1513",109,0.0950633149156187,0.140135010225022,0.186610441839146,"Daph",23,10.9
"1514",110,0.0957142532960028,0.140838723071815,0.187389907974921,"Daph",23,11
"1515",111,0.0962780834717629,0.141559418599217,0.188041574140111,"Daph",23,11.1
"1516",112,0.0968907950559297,0.142290956512449,0.188821264985635,"Daph",23,11.2
"1517",113,0.097430145605677,0.142955112983816,0.189765836399907,"Daph",23,11.3
"1518",114,0.0980267249936241,0.14365343664853,0.190496640066546,"Daph",23,11.4
"1519",115,0.098589679929604,0.144283392618879,0.191168350174775,"Daph",23,11.5
"1520",116,0.0991357089051221,0.144969197048633,0.191984556657617,"Daph",23,11.6
"1521",117,0.0995807620568834,0.145601738840724,0.192632797014613,"Daph",23,11.7
"1522",118,0.100175002537912,0.146157353123169,0.193369067633223,"Daph",23,11.8
"1523",119,0.10070279565819,0.146794634942894,0.193954561125768,"Daph",23,11.9
"1524",120,0.101268684551132,0.147283850843324,0.194685842526083,"Daph",23,12
"1525",121,0.10178250920446,0.147827948939707,0.195222448384032,"Daph",23,12.1
"1526",122,0.102339254694142,0.148364197556546,0.195842422009939,"Daph",23,12.2
"1527",123,0.102760131510301,0.14886179068601,0.196390098381607,"Daph",23,12.3
"1528",124,0.103144892934943,0.149287037123093,0.196974804015927,"Daph",23,12.4
"1529",125,0.103539363109562,0.149746533771434,0.197345116241403,"Daph",23,12.5
"1530",126,0.103886669208601,0.150203493068837,0.197742822655939,"Daph",23,12.6
"1531",127,0.104263966083988,0.150664054746846,0.198079983925431,"Daph",23,12.7
"1532",128,0.104578034645814,0.15101281488005,0.198605567600101,"Daph",23,12.8
"1533",129,0.104975748673705,0.151394765227713,0.198997052744811,"Daph",23,12.9
"1534",130,0.105155082592458,0.151690295743969,0.19930445681944,"Daph",23,13
"1535",131,0.105355516011932,0.152047281374242,0.199685002929125,"Daph",23,13.1
"1536",132,0.105638232376452,0.152330976002106,0.200003021289801,"Daph",23,13.2
"1537",133,0.105802421028208,0.152616739629329,0.200315637457332,"Daph",23,13.3
"1538",134,0.106034309905014,0.152808350475048,0.200474853873486,"Daph",23,13.4
"1539",135,0.106184923802119,0.153000844741209,0.200723372270861,"Daph",23,13.5
"1540",136,0.10626787916053,0.153085169504711,0.200859639911681,"Daph",23,13.6
"1541",137,0.106345725177107,0.15318296722764,0.201015956244647,"Daph",23,13.7
"1542",138,0.106511007870089,0.153223685888478,0.201066500431665,"Daph",23,13.8
"1543",139,0.106629412833783,0.153241983132147,0.201128305737317,"Daph",23,13.9
"1544",140,0.106644791393093,0.153274456223695,0.201113659588868,"Daph",23,14
"1545",141,0.106669497958112,0.153273248028625,0.200869882161271,"Daph",23,14.1
"1546",142,0.10668435171459,0.153197042286522,0.200718330892214,"Daph",23,14.2
"1547",143,0.106622840280804,0.153110266379075,0.20035644077414,"Daph",23,14.3
"1548",144,0.106465257324438,0.152954336861806,0.200082531423436,"Daph",23,14.4
"1549",145,0.106251407480765,0.15275956713961,0.19973731791994,"Daph",23,14.5
"1550",146,0.105909476066541,0.15251429787547,0.199442064861838,"Daph",23,14.6
"1551",147,0.105673117631559,0.152199600757569,0.199209726719932,"Daph",23,14.7
"1552",148,0.105261051148352,0.151905547598915,0.198889177188556,"Daph",23,14.8
"1553",149,0.104815245972796,0.151594519993524,0.198444878024577,"Daph",23,14.9
"1554",150,0.104419322052676,0.15114407817251,0.198069004798925,"Daph",23,15
"1555",151,0.103951616522508,0.150686622132837,0.197577479778419,"Daph",23,15.1
"1556",152,0.103428299713596,0.150181628040075,0.197037234941404,"Daph",23,15.2
"1557",153,0.103033585790571,0.149602127485949,0.196425744001091,"Daph",23,15.3
"1558",154,0.102457989125716,0.14888358772508,0.195858931898007,"Daph",23,15.4
"1559",155,0.102036382109201,0.148263822443697,0.19521317942944,"Daph",23,15.5
"1560",156,0.101341285791479,0.147528067778487,0.194309195808101,"Daph",23,15.6
"1561",157,0.100668566405656,0.146749452494903,0.193481352180182,"Daph",23,15.7
"1562",158,0.0998815832201862,0.145952127527586,0.19241288867258,"Daph",23,15.8
"1563",159,0.0993105283320458,0.14510579031592,0.191167711738536,"Daph",23,15.9
"1564",160,0.0985548555636146,0.144213384095283,0.190298322638682,"Daph",23,16
"1565",161,0.0977548016687837,0.143245756550918,0.189109628301474,"Daph",23,16.1
"1566",162,0.0969014820908467,0.142246181467826,0.187959808858599,"Daph",23,16.2
"1567",163,0.0960033791834401,0.141240133905009,0.186943743004217,"Daph",23,16.3
"1568",164,0.0948970000983198,0.140189464275231,0.185738492210645,"Daph",23,16.4
"1569",165,0.0937230726619185,0.139023390990928,0.184435373642783,"Daph",23,16.5
"1570",166,0.0925550902199578,0.137816940351716,0.183026708867509,"Daph",23,16.6
"1571",167,0.0912575715095846,0.136564937789375,0.181735600804403,"Daph",23,16.7
"1572",168,0.0900753497586043,0.135250601089805,0.180523656907139,"Daph",23,16.8
"1573",169,0.08861950104238,0.133929036663408,0.1791192607006,"Daph",23,16.9
"1574",170,0.0871836465459528,0.132518451752688,0.17772317553754,"Daph",23,17
"1575",171,0.0857853668314906,0.131046072507185,0.176205009206855,"Daph",23,17.1
"1576",172,0.08412533426979,0.129578329307993,0.174475747504435,"Daph",23,17.2
"1577",173,0.0824989941524769,0.1280134898279,0.172718137459247,"Daph",23,17.3
"1578",174,0.0809981287121992,0.126467876619172,0.170920429003899,"Daph",23,17.4
"1579",175,0.0792562753501805,0.124868834145107,0.169300093560999,"Daph",23,17.5
"1580",176,0.0775926614750937,0.123221651383748,0.167415926424672,"Daph",23,17.6
"1581",177,0.07596345216533,0.121465995401659,0.165755180606848,"Daph",23,17.7
"1582",178,0.0742467153642581,0.119769346748141,0.163998156232779,"Daph",23,17.8
"1583",179,0.0724343225470499,0.118021363066221,0.162272891883013,"Daph",23,17.9
"1584",180,0.0704956424300225,0.116184778043649,0.160503985695189,"Daph",23,18
"1585",181,0.0687110740871609,0.114316884760105,0.15856365998741,"Daph",23,18.1
"1586",182,0.066929533535358,0.112496927655844,0.156765159227432,"Daph",23,18.2
"1587",183,0.0652286361592115,0.110680513417429,0.154891003665899,"Daph",23,18.3
"1588",184,0.0633176214533227,0.108715902001901,0.152995850084831,"Daph",23,18.4
"1589",185,0.0613959987076443,0.106728043252004,0.150993323562698,"Daph",23,18.5
"1590",186,0.0595232225653752,0.104711948574162,0.149042116633686,"Daph",23,18.6
"1591",187,0.057570456756362,0.102747985114922,0.147056435538009,"Daph",23,18.7
"1592",188,0.0554707964942106,0.10072261193834,0.144878770024485,"Daph",23,18.8
"1593",189,0.0534098844943882,0.0986353727047046,0.142864389983913,"Daph",23,18.9
"1594",190,0.0514454392528504,0.0964553241315741,0.140939659687111,"Daph",23,19
"1595",191,0.0496827768493946,0.09436375209982,0.138847596866296,"Daph",23,19.1
"1596",192,0.0476472836931147,0.0922741811846496,0.136844439493605,"Daph",23,19.2
"1597",193,0.0456734051164418,0.0901868962316028,0.134762626166078,"Daph",23,19.3
"1598",194,0.0437778000975676,0.0880590672522856,0.132655376300697,"Daph",23,19.4
"1599",195,0.0417475890580048,0.0859101534198686,0.130498704390516,"Daph",23,19.5
"1600",196,0.0398116164276704,0.0838120440950449,0.128188136160466,"Daph",23,19.6
"1601",197,0.0379446788715231,0.0817293038671278,0.126012611810425,"Daph",23,19.7
"1602",198,0.0362689733964986,0.0795933062066764,0.123865231544284,"Daph",23,19.8
"1603",199,0.0345036787179268,0.0775054786734607,0.121764994923694,"Daph",23,19.9
"1604",200,0.0328793689900395,0.0753960868516291,0.119579656547427,"Daph",23,20
"1605",201,0.0311870830415932,0.0733229527879327,0.117507945040257,"Daph",23,20.1
"1606",202,0.0295813073337747,0.0712373287925935,0.115399402535595,"Daph",23,20.2
"1607",203,0.0278988203809817,0.0691395250324741,0.11332958149019,"Daph",23,20.3
"1608",204,0.026388594469828,0.0670796459586303,0.111281430337152,"Daph",23,20.4
"1609",205,0.0248189348220899,0.0650508806591224,0.109262158320787,"Daph",23,20.5
"1610",206,0.02358855012407,0.0630167691890489,0.10726686251115,"Daph",23,20.6
"1611",207,0.022114912568774,0.0610668609665054,0.10525311034018,"Daph",23,20.7
"1612",208,0.0207807596443273,0.059112371395216,0.103228047024988,"Daph",23,20.8
"1613",209,0.0194588652129266,0.0571975840305964,0.101253539836871,"Daph",23,20.9
"1614",210,0.0182958254755742,0.0552792982056445,0.0992389005299258,"Daph",23,21
"1615",211,0.0171801556815162,0.0534313151745819,0.0972748294349424,"Daph",23,21.1
"1616",212,0.016069276650961,0.051637602361132,0.0953770910624342,"Daph",23,21.2
"1617",213,0.0150436117454508,0.0498191554099578,0.0934014141822079,"Daph",23,21.3
"1618",214,0.0140497431418376,0.0480512925116668,0.091520419794828,"Daph",23,21.4
"1619",215,0.0131792282960571,0.046303716986816,0.0896683051591964,"Daph",23,21.5
"1620",216,0.0122646142815837,0.0445957115823733,0.0878743321501921,"Daph",23,21.6
"1621",217,0.0113859332744232,0.0429821469576935,0.0858998971646356,"Daph",23,21.7
"1622",218,0.0106110290767695,0.0413473204168996,0.0838824877923756,"Daph",23,21.8
"1623",219,0.00983319978230963,0.0397072252084449,0.0821025520952439,"Daph",23,21.9
"1624",220,0.00910174169100299,0.0381511907741258,0.0802699383355754,"Daph",23,22
"1625",221,0.00845200751093945,0.0366438032819566,0.0784845886652305,"Daph",23,22.1
"1626",222,0.00782463535301594,0.0351746837316768,0.0768434722024386,"Daph",23,22.2
"1627",223,0.00724583393791811,0.0337464962974231,0.0751749862949487,"Daph",23,22.3
"1628",224,0.00667507005938275,0.0323675953845702,0.0733083834414864,"Daph",23,22.4
"1629",225,0.0061647499481202,0.0310437845997594,0.0716550063455238,"Daph",23,22.5
"1630",226,0.0056853759406128,0.0297101369660024,0.0699462059906987,"Daph",23,22.6
"1631",227,0.00526968052359889,0.028460369829688,0.068190987831216,"Daph",23,22.7
"1632",228,0.0048734150501568,0.0272636896729604,0.0666765139443472,"Daph",23,22.8
"1633",229,0.00451103725335299,0.0260741654176253,0.0650046488794858,"Daph",23,22.9
"1634",230,0.0041625551930614,0.0249218842153698,0.0633542136167366,"Daph",23,23
"1635",231,0.00382669986181705,0.0238036502870078,0.0616581051686032,"Daph",23,23.1
"1636",232,0.00352813599514286,0.0227679318471327,0.0602417522461805,"Daph",23,23.2
"1637",233,0.0032425717603725,0.0217288794405364,0.0587756261932142,"Daph",23,23.3
"1638",234,0.00297086865751271,0.0207788102214069,0.0573069228473865,"Daph",23,23.4
"1639",235,0.00272474338941689,0.0198332208256676,0.0560026816377742,"Daph",23,23.5
"1640",236,0.00250486161803143,0.018943016081998,0.0545427202383972,"Daph",23,23.6
"1641",237,0.00231214496857592,0.0180636844486129,0.0530295235076358,"Daph",23,23.7
"1642",238,0.00212886309592744,0.0172240076818331,0.0516459956564563,"Daph",23,23.8
"1643",239,0.00195758958101353,0.0164085313695252,0.0501984339692948,"Daph",23,23.9
"1644",240,0.00180384987432849,0.0156454672207595,0.0487351859079489,"Daph",23,24
"1645",241,0.00165618470789145,0.0149108135280796,0.0475929764035006,"Daph",23,24.1
"1646",242,0.00152205175395141,0.0142208196266738,0.0463187456702851,"Daph",23,24.2
"1647",243,0.00140124250327902,0.0135495754563025,0.0450835581446976,"Daph",23,24.3
"1648",244,0.00128867547929191,0.0129250831506983,0.0439142031177542,"Daph",23,24.4
"1649",245,0.00118148244423638,0.0122916937904647,0.0426675026658598,"Daph",23,24.5
"1650",246,0.0010856228347794,0.0117110283814571,0.0415697341088265,"Daph",23,24.6
"1651",247,0.00100056846818453,0.011158966980335,0.0404453645540525,"Daph",23,24.7
"1652",248,0.000919851710569673,0.0106232436851244,0.0393335384914303,"Daph",23,24.8
"1653",249,0.000847151610164474,0.0100979858044029,0.0382575764357505,"Daph",23,24.9
"1654",250,0.000782010693420615,0.00961224229361108,0.0371800035561067,"Daph",23,25
"1655",251,0.000719430068335866,0.00915835309653494,0.0362001590887767,"Daph",23,25.1
"1656",252,0.000661130719194783,0.00871335480852374,0.0351987284488492,"Daph",23,25.2
"1657",253,0.000605048585629613,0.00829189838392106,0.0342158155668628,"Daph",23,25.3
"1658",254,0.000554203807484853,0.00788730417196414,0.0333038345423974,"Daph",23,25.4
"1659",255,0.000510417151736199,0.00749996180118704,0.0323168624432565,"Daph",23,25.5
"1660",256,0.000468769334308122,0.00712866899666053,0.0313871345307882,"Daph",23,25.6
"1661",257,0.000431659338572641,0.00677030759548246,0.0305022619750687,"Daph",23,25.7
"1662",258,0.000395352740458222,0.00643292059080243,0.0296254694028103,"Daph",23,25.8
"1663",259,0.000362357867536979,0.0061112899016606,0.0287658918688255,"Daph",23,25.9
"1664",260,0.000334836819704828,0.00580554486918127,0.0279430210681599,"Daph",23,26
"1665",261,0.000308611887185275,0.00552059698295691,0.0271668470064572,"Daph",23,26.1
"1666",262,0.000283292159003251,0.00524746132764833,0.0263696106307088,"Daph",23,26.2
"1667",263,0.000260560167267333,0.00498696669558477,0.0256347834202208,"Daph",23,26.3
"1668",264,0.000239247685150441,0.00474024862087382,0.02489332028114,"Daph",23,26.4
"1669",265,0.000219796537387035,0.00450783273882605,0.0241739772958352,"Daph",23,26.5
"1670",266,0.000201937429701757,0.00428079223163123,0.0234438748653214,"Daph",23,26.6
"1671",267,0.000185431044801474,0.00406260408336242,0.0227473066122668,"Daph",23,26.7
"1672",268,0.00017115665086383,0.00386162405540255,0.0220279807853418,"Daph",23,26.8
"1673",269,0.000158501505189733,0.00366786463033686,0.0213608019241843,"Daph",23,26.9
"1674",270,0.000146674752993012,0.0034885200468265,0.0207039442496066,"Daph",23,27
"1675",271,0.000134726553721531,0.0033199633539051,0.0201716907748764,"Daph",23,27.1
"1676",272,0.000123450918611416,0.00315731431719811,0.0195720111833601,"Daph",23,27.2
"1677",273,0.000113637360443046,0.00299679611700333,0.0190033004070993,"Daph",23,27.3
"1678",274,0.000103921058580598,0.00285177149824853,0.0184317220040386,"Daph",23,27.4
"1679",275,9.50883109264147e-05,0.00271145797608754,0.0179009221513774,"Daph",23,27.5
"1680",276,8.77778929469887e-05,0.00257690564936674,0.0173864981936884,"Daph",23,27.6
"1681",277,8.10573936975818e-05,0.00245326938212894,0.0168865030868744,"Daph",23,27.7
"1682",278,7.47126952836291e-05,0.00233351161090376,0.016355654519391,"Daph",23,27.8
"1683",279,6.86897775089361e-05,0.00221812402164103,0.0158930166407201,"Daph",23,27.9
"1684",280,6.30539168756306e-05,0.00210808496634586,0.0154080963756757,"Daph",23,28
"1685",281,5.81464120954554e-05,0.0020013579293432,0.0149261739773299,"Daph",23,28.1
"1686",282,5.3354598586354e-05,0.00190057027186826,0.0144885507388637,"Daph",23,28.2
"1687",283,4.96724873442182e-05,0.00180599118418817,0.0140635483620507,"Daph",23,28.3
"1688",284,4.5446871729273e-05,0.00171619136597275,0.0136706638561366,"Daph",23,28.4
"1689",285,4.15862931305125e-05,0.0016320036876158,0.0132891904861498,"Daph",23,28.5
"1690",286,3.83969367866111e-05,0.00155179088061325,0.01283276131484,"Daph",23,28.6
"1691",287,3.53911414536142e-05,0.00147327354728039,0.0124596538778001,"Daph",23,28.7
"1692",288,3.25526572917579e-05,0.00139953583461482,0.0120872056992338,"Daph",23,28.8
"1693",289,2.9912062118753e-05,0.00132961783211345,0.0117440461402536,"Daph",23,28.9
"1694",290,2.73689465624551e-05,0.0012653224849652,0.011430161782282,"Daph",23,29
"1695",291,2.49845614908111e-05,0.00120196120261758,0.011085332938278,"Daph",23,29.1
"1696",292,2.29002964514706e-05,0.00114192863778578,0.0107515756219247,"Daph",23,29.2
"1697",293,2.10980013944857e-05,0.00108450352075064,0.0104138552776737,"Daph",23,29.3
"1698",294,1.94273113905151e-05,0.00103026462312854,0.0100996612285529,"Daph",23,29.4
"1699",295,1.77952102359008e-05,0.000979818501901256,0.00979603309635227,"Daph",23,29.5
"1700",296,1.6452208173871e-05,0.000930979477555087,0.00949758273122248,"Daph",23,29.6
"1701",297,1.50251313144313e-05,0.000885670312998104,0.00922954047087886,"Daph",23,29.7
"1702",298,1.37213617085145e-05,0.000842304776193653,0.00896600392479806,"Daph",23,29.8
"1703",299,1.26338483181665e-05,0.000801385574122983,0.00868438572742395,"Daph",23,29.9
"1704",300,1.16105698718195e-05,0.000762597335891199,0.00843993348724821,"Daph",23,30
"1705",301,1.07230868748439e-05,0.000725847116512938,0.00820339103672926,"Daph",23,30.1
"1706",302,9.92445650670786e-06,0.000689997650303925,0.00797007367019667,"Daph",23,30.2
"1707",303,9.13522127138179e-06,0.000655548801137768,0.00772146775450894,"Daph",23,30.3
"1708",304,8.37119340158078e-06,0.000622803931830353,0.00749664028164338,"Daph",23,30.4
"1709",305,7.6721310715317e-06,0.000592456910667642,0.00724370934420266,"Daph",23,30.5
"1710",306,7.07271508567431e-06,0.000562027457807706,0.00701852177374826,"Daph",23,30.6
"1711",307,6.52944580303827e-06,0.000534809520510412,0.00679636747783943,"Daph",23,30.7
"1712",308,6.03895096162687e-06,0.000508577358153769,0.00658809983842839,"Daph",23,30.8
"1713",309,5.5543211105094e-06,0.000483807363905415,0.00638465833665681,"Daph",23,30.9
"1714",310,5.09168783031724e-06,0.000460397855022052,0.00619459202058271,"Daph",23,31
"1715",311,4.67008833510043e-06,0.000437968544103468,0.00599598123017877,"Daph",23,31.1
"1716",312,4.30761723955917e-06,0.000416720307716904,0.00581938138094093,"Daph",23,31.2
"1717",313,3.97285091212907e-06,0.000396244583647622,0.0056467041894325,"Daph",23,31.3
"1718",314,3.6414479122879e-06,0.000376904813170455,0.00547850395872895,"Daph",23,31.4
"1719",315,3.36475869727313e-06,0.000358620893332202,0.00531776828225642,"Daph",23,31.5
"1720",316,3.09076829879754e-06,0.000340982695376007,0.00515259147108714,"Daph",23,31.6
"1721",317,2.85820816346324e-06,0.000324425564856184,0.00499258482769692,"Daph",23,31.7
"1722",318,2.64396628366627e-06,0.000309255069924362,0.00483733495465096,"Daph",23,31.8
"1723",319,2.43419853895335e-06,0.000294514369143675,0.00468707550132552,"Daph",23,31.9
"1724",320,2.25245473036044e-06,0.000280151962595957,0.00455692957480714,"Daph",23,32
"1725",321,2.07149567204836e-06,0.000266492902424987,0.00441249945627372,"Daph",23,32.1
"1726",322,1.89978764010906e-06,0.000253347732910041,0.00428639621421737,"Daph",23,32.2
"1727",323,1.75499407112151e-06,0.000241209423020068,0.00415626276430199,"Daph",23,32.3
"1728",324,1.61717393171901e-06,0.000229410740385027,0.00403261608231871,"Daph",23,32.4
"1729",325,1.49050208319899e-06,0.000218468617858004,0.00390157026219698,"Daph",23,32.5
"1730",326,1.36813874483811e-06,0.000207721171787061,0.00378357964326538,"Daph",23,32.6
"1731",327,1.2566560059189e-06,0.000197780469726799,0.00367274736606724,"Daph",23,32.7
"1732",328,1.16010156200522e-06,0.000188279945796081,0.0035568804600921,"Daph",23,32.8
"1733",329,1.05860367668952e-06,0.000178918055977716,0.00345006883586788,"Daph",23,32.9
"1734",330,9.72260499715985e-07,0.000169853971567695,0.003343307269566,"Daph",23,33
"1735",331,8.90292339263194e-07,0.000161550745089792,0.0032382231831736,"Daph",23,33.1
"1736",332,8.13841837987348e-07,0.000153567368208375,0.00314056672423603,"Daph",23,33.2
"1737",333,7.50899842483398e-07,0.000146076730527139,0.00304386029788722,"Daph",23,33.3
"1738",334,6.91111710776608e-07,0.000139105983555885,0.00294750505808286,"Daph",23,33.4
"1739",335,6.34297998786975e-07,0.000132237910811322,0.00286225149720905,"Daph",23,33.5
"1740",336,5.84709803188742e-07,0.000125827180779397,0.00277136090374138,"Daph",23,33.6
"1741",337,5.37938359848647e-07,0.000119766400161678,0.00268327861177445,"Daph",23,33.7
"1742",338,4.93063254886212e-07,0.000113955947260341,0.00260294010564602,"Daph",23,33.8
"1743",339,4.54636334237142e-07,0.000108497091778201,0.00252187588695664,"Daph",23,33.9
"1744",340,4.1659064545661e-07,0.000103261928710442,0.00244100991880729,"Daph",23,34
"1745",341,3.83886437349773e-07,9.83092331585811e-05,0.00236157333675856,"Daph",23,34.1
"1746",342,3.53374028546806e-07,9.36135375113096e-05,0.00228474021364898,"Daph",23,34.2
"1747",343,3.24364407049176e-07,8.91482179477287e-05,0.00221706019166862,"Daph",23,34.3
"1748",344,2.98126394811258e-07,8.47343688579413e-05,0.00214765869979519,"Daph",23,34.4
"1749",345,2.74236161695157e-07,8.06482148803468e-05,0.00207589684508505,"Daph",23,34.5
"1750",346,2.52442547188877e-07,7.67294478658058e-05,0.00200869295801448,"Daph",23,34.6
"1751",347,2.32106349770891e-07,7.30005882930691e-05,0.00194486502591471,"Daph",23,34.7
"1752",348,2.15493529827872e-07,6.9519729141221e-05,0.00188241406870785,"Daph",23,34.8
"1753",349,2.00696937394966e-07,6.61459204918346e-05,0.00182234168134512,"Daph",23,34.9
"1754",350,1.84520291015205e-07,6.29404999448077e-05,0.00176418159892103,"Daph",23,35
"1755",351,1.69414349057452e-07,5.9872291628965e-05,0.0017074801848791,"Daph",23,35.1
"1756",1,0.00538813799924319,0.00601880246826829,0.00669573819614328,"Hydra",23,0.1
"1757",2,0.00544567150714314,0.00606922626767529,0.00673760524839728,"Hydra",23,0.2
"1758",3,0.00550078114874956,0.00611889233600657,0.00677745189209067,"Hydra",23,0.3
"1759",4,0.0055565151637084,0.00616846766815886,0.00681993860556319,"Hydra",23,0.4
"1760",5,0.00561418273273393,0.00621860019611749,0.00686537850160022,"Hydra",23,0.5
"1761",6,0.00566941931933428,0.00626791085282967,0.00691090262571703,"Hydra",23,0.6
"1762",7,0.0057255971354964,0.00631857348439532,0.00695742208228408,"Hydra",23,0.7
"1763",8,0.00578195531206046,0.00637025919951258,0.00700360225215295,"Hydra",23,0.8
"1764",9,0.00583679364799037,0.00642120520609677,0.00705145340700085,"Hydra",23,0.9
"1765",10,0.00589398209446427,0.00647269293054965,0.00710139380146257,"Hydra",23,1
"1766",11,0.00594964431854818,0.00652496847692559,0.00714776389035077,"Hydra",23,1.1
"1767",12,0.00600648927468849,0.00657763118348682,0.00719629750910795,"Hydra",23,1.2
"1768",13,0.00606166104706592,0.00663081937185171,0.00724627399607162,"Hydra",23,1.3
"1769",14,0.00611556767530193,0.00668463715177266,0.00729790752260657,"Hydra",23,1.4
"1770",15,0.00617004313408751,0.00673887982700705,0.00735048860514078,"Hydra",23,1.5
"1771",16,0.00622746391515014,0.00679367540966108,0.00740542616128769,"Hydra",23,1.6
"1772",17,0.00628252326006152,0.00684858116570126,0.00746019071411987,"Hydra",23,1.7
"1773",18,0.00633990261534855,0.0069034164446861,0.00751456629769588,"Hydra",23,1.8
"1774",19,0.00639534803566979,0.00695789293248379,0.00756790064416671,"Hydra",23,1.9
"1775",20,0.00645645727246497,0.00701443997916547,0.00762508960640902,"Hydra",23,2
"1776",21,0.00651493102283247,0.00706996720629941,0.00768125381179679,"Hydra",23,2.1
"1777",22,0.00657363687045981,0.00712664126405994,0.00773901426329842,"Hydra",23,2.2
"1778",23,0.00663186632660949,0.00718249750849498,0.00779502817105689,"Hydra",23,2.3
"1779",24,0.00668896718106959,0.00723985546792132,0.00785310971172338,"Hydra",23,2.4
"1780",25,0.00674713069414833,0.00729810745299492,0.00791151768221604,"Hydra",23,2.5
"1781",26,0.00680462052867257,0.00735772242872439,0.00797315684684659,"Hydra",23,2.6
"1782",27,0.00686562053880656,0.0074169752883717,0.00803249982915899,"Hydra",23,2.7
"1783",28,0.00692580056655509,0.00747673672169706,0.00809546957344278,"Hydra",23,2.8
"1784",29,0.00698439933227531,0.00753757276236556,0.00815816276883033,"Hydra",23,2.9
"1785",30,0.00704393104003986,0.00759871779526502,0.00822284674763273,"Hydra",23,3
"1786",31,0.00710504198777409,0.00766010011358782,0.00828857539273859,"Hydra",23,3.1
"1787",32,0.00716531560003294,0.00772239451722464,0.0083570264964039,"Hydra",23,3.2
"1788",33,0.00722697231664686,0.00778540269995646,0.0084220625307078,"Hydra",23,3.3
"1789",34,0.00729032663366884,0.00784851345780962,0.00849044405619525,"Hydra",23,3.4
"1790",35,0.00735264564413444,0.00791218181990867,0.00855655965833915,"Hydra",23,3.5
"1791",36,0.00741784236305588,0.00797777666851132,0.00862280475149934,"Hydra",23,3.6
"1792",37,0.00747804256141378,0.00804219414652776,0.00869329250318235,"Hydra",23,3.7
"1793",38,0.00754066518737127,0.00810941686664343,0.00876130926158479,"Hydra",23,3.8
"1794",39,0.00760457130970672,0.00817682368205906,0.00883287219886832,"Hydra",23,3.9
"1795",40,0.0076671584902575,0.00824552029722858,0.00890565238175238,"Hydra",23,4
"1796",41,0.00773233594402087,0.00831295210806078,0.00897941151326145,"Hydra",23,4.1
"1797",42,0.00779805069072227,0.00838256275600937,0.00905350660355468,"Hydra",23,4.2
"1798",43,0.00786288090020542,0.00845293167495336,0.00912927232649386,"Hydra",23,4.3
"1799",44,0.00793101386846445,0.00852282599539463,0.00920824072819492,"Hydra",23,4.4
"1800",45,0.00799845727722271,0.00859490536322488,0.00928510740213387,"Hydra",23,4.5
"1801",46,0.00806576605677061,0.00866644279701722,0.00936283586076095,"Hydra",23,4.6
"1802",47,0.00813374462299887,0.0087393389857658,0.00944066088891691,"Hydra",23,4.7
"1803",48,0.00820491543945837,0.00881361374282057,0.0095199602406416,"Hydra",23,4.8
"1804",49,0.0082743599409931,0.00888772259659743,0.00959851001742224,"Hydra",23,4.9
"1805",50,0.00834434951552137,0.00896357612480379,0.00968061535185657,"Hydra",23,5
"1806",51,0.0084158485010393,0.00904022655298235,0.00976814828269769,"Hydra",23,5.1
"1807",52,0.00848693605182602,0.00911659625531915,0.00985269740923059,"Hydra",23,5.2
"1808",53,0.00856015190567368,0.00919534712156054,0.00993636890114779,"Hydra",23,5.3
"1809",54,0.00863290768194244,0.00927477115183431,0.010022554647063,"Hydra",23,5.4
"1810",55,0.0087089953887543,0.00935556098653022,0.0101064859666781,"Hydra",23,5.5
"1811",56,0.00878578673767174,0.00943739149254168,0.0101962296273569,"Hydra",23,5.6
"1812",57,0.00886360801050259,0.00951927055547058,0.0102857294903251,"Hydra",23,5.7
"1813",58,0.00894164213174331,0.00960293223830658,0.0103756499780735,"Hydra",23,5.8
"1814",59,0.00901870229188769,0.00968711673406048,0.010467686127199,"Hydra",23,5.9
"1815",60,0.0090958333940071,0.00977266077909,0.0105612940150884,"Hydra",23,6
"1816",61,0.0091748919983855,0.00985968678948862,0.0106576775841826,"Hydra",23,6.1
"1817",62,0.00925526153087349,0.00994835609855314,0.0107535094983318,"Hydra",23,6.2
"1818",63,0.00933845525024407,0.0100373634370142,0.0108524074132958,"Hydra",23,6.3
"1819",64,0.00942458600995812,0.0101280141782094,0.0109500037055535,"Hydra",23,6.4
"1820",65,0.00950670945459649,0.0102193067922259,0.0110496215815983,"Hydra",23,6.5
"1821",66,0.00959025513817609,0.0103126110689135,0.0111478926225642,"Hydra",23,6.6
"1822",67,0.00967940093602768,0.0104061756655004,0.0112452736164086,"Hydra",23,6.7
"1823",68,0.00976389553607117,0.0105013516395808,0.0113481784456045,"Hydra",23,6.8
"1824",69,0.00984756639035762,0.010597391854742,0.011452270543156,"Hydra",23,6.9
"1825",70,0.00993768278698466,0.010694671008157,0.0115599381583656,"Hydra",23,7
"1826",71,0.0100283038227741,0.0107938924483764,0.0116662620254361,"Hydra",23,7.1
"1827",72,0.0101197328308715,0.0108937331560532,0.0117742165154964,"Hydra",23,7.2
"1828",73,0.0102139693998882,0.0109949663721289,0.0118826715824355,"Hydra",23,7.3
"1829",74,0.0103095328487688,0.0110969758599398,0.0119963142771841,"Hydra",23,7.4
"1830",75,0.0104062804500814,0.0112014672672661,0.0121078839697207,"Hydra",23,7.5
"1831",76,0.0105038214887576,0.0113076366823707,0.012223155665914,"Hydra",23,7.6
"1832",77,0.010601260871727,0.011415488930262,0.0123395924844248,"Hydra",23,7.7
"1833",78,0.0106992012267249,0.0115235541381199,0.0124580487739438,"Hydra",23,7.8
"1834",79,0.0107997353622561,0.0116342300103169,0.012576892772138,"Hydra",23,7.9
"1835",80,0.0109029935052789,0.0117467100580457,0.0126966815123613,"Hydra",23,8
"1836",81,0.0110061863559525,0.0118589134512225,0.0128197415648071,"Hydra",23,8.1
"1837",82,0.0111135284197402,0.0119742500527087,0.0129433425055767,"Hydra",23,8.2
"1838",83,0.0112187725018542,0.0120915734758382,0.0130699457631522,"Hydra",23,8.3
"1839",84,0.0113276066803258,0.0122103483380507,0.0131986512372567,"Hydra",23,8.4
"1840",85,0.0114360336153185,0.0123290987243845,0.0133290892762227,"Hydra",23,8.5
"1841",86,0.011545524997072,0.0124498053823795,0.0134648249295404,"Hydra",23,8.6
"1842",87,0.0116564949405393,0.012572505832338,0.0135985908201775,"Hydra",23,8.7
"1843",88,0.0117681540064031,0.012696778608975,0.0137345616477893,"Hydra",23,8.8
"1844",89,0.0118804703117661,0.0128239274937054,0.0138752548871151,"Hydra",23,8.9
"1845",90,0.0119984419900018,0.0129511159145271,0.0140133124088212,"Hydra",23,9
"1846",91,0.0121142834096776,0.0130789525387664,0.0141527951059082,"Hydra",23,9.1
"1847",92,0.0122331476673983,0.0132105354560151,0.0142949877664542,"Hydra",23,9.2
"1848",93,0.0123570050267479,0.0133423482080583,0.0144402196595411,"Hydra",23,9.3
"1849",94,0.0124837733998848,0.0134772336846467,0.014590058613152,"Hydra",23,9.4
"1850",95,0.012608203200591,0.0136131934167842,0.0147423305739361,"Hydra",23,9.5
"1851",96,0.0127343246423401,0.0137514216951861,0.0148964540908446,"Hydra",23,9.6
"1852",97,0.0128628417100258,0.0138923024804999,0.0150545398908827,"Hydra",23,9.7
"1853",98,0.0129920173448208,0.0140350829797479,0.0152140246000098,"Hydra",23,9.8
"1854",99,0.0131266117215736,0.0141795505795171,0.0153708473399914,"Hydra",23,9.9
"1855",100,0.0132626401249433,0.0143256335237513,0.0155343060414812,"Hydra",23,10
"1856",101,0.0133999077891132,0.0144731825393162,0.0156963690504292,"Hydra",23,10.1
"1857",102,0.0135397158097357,0.0146235559075267,0.0158559917847581,"Hydra",23,10.2
"1858",103,0.0136817354738516,0.014775495562353,0.016025295819136,"Hydra",23,10.3
"1859",104,0.013823090557419,0.0149307834593837,0.016197623886259,"Hydra",23,10.4
"1860",105,0.0139691910125316,0.0150876792524279,0.01636614691836,"Hydra",23,10.5
"1861",106,0.01411893012207,0.0152451610226542,0.016539347857811,"Hydra",23,10.6
"1862",107,0.0142680915664118,0.0154060371676981,0.0167176953427617,"Hydra",23,10.7
"1863",108,0.0144192955924915,0.015567710822946,0.0168977071278697,"Hydra",23,10.8
"1864",109,0.0145706222381405,0.0157314164947882,0.0170740273574761,"Hydra",23,10.9
"1865",110,0.0147265306528056,0.0158975904939475,0.0172588840117887,"Hydra",23,11
"1866",111,0.0148822769746666,0.0160672271909782,0.0174467895545517,"Hydra",23,11.1
"1867",112,0.0150391660870614,0.0162372643520586,0.0176382967497549,"Hydra",23,11.2
"1868",113,0.0151996334029975,0.0164107044287671,0.0178333630455924,"Hydra",23,11.3
"1869",114,0.0153590723871576,0.0165858404071391,0.0180281960228615,"Hydra",23,11.4
"1870",115,0.015523186557912,0.0167643920298565,0.0182266479088775,"Hydra",23,11.5
"1871",116,0.0156879813385335,0.016945323866979,0.0184260387567638,"Hydra",23,11.6
"1872",117,0.0158549108248204,0.0171286946011739,0.0186270883801465,"Hydra",23,11.7
"1873",118,0.0160268395510483,0.0173132530806407,0.0188314141579462,"Hydra",23,11.8
"1874",119,0.0161976718039217,0.0174994121331511,0.0190401168698667,"Hydra",23,11.9
"1875",120,0.0163699472449501,0.0176880736505628,0.0192475118270061,"Hydra",23,12
"1876",121,0.0165467970610416,0.0178810030568032,0.0194609322009176,"Hydra",23,12.1
"1877",122,0.0167274084929719,0.0180761239044492,0.0196813545309975,"Hydra",23,12.2
"1878",123,0.0169038107805561,0.0182716925787,0.0199059413357513,"Hydra",23,12.3
"1879",124,0.0170856957922158,0.018470234207964,0.0201259466287239,"Hydra",23,12.4
"1880",125,0.0172713631305493,0.0186709195035826,0.0203482723708352,"Hydra",23,12.5
"1881",126,0.0174560912948694,0.0188747759683304,0.0205704838571545,"Hydra",23,12.6
"1882",127,0.0176499671740472,0.0190821547287337,0.0207967515419178,"Hydra",23,12.7
"1883",128,0.0178381714716808,0.0192898465081783,0.0210297738116259,"Hydra",23,12.8
"1884",129,0.0180292796273496,0.0195009832658896,0.0212653196904826,"Hydra",23,12.9
"1885",130,0.0182248461685528,0.0197140526986614,0.02149739113029,"Hydra",23,13
"1886",131,0.0184190507858315,0.0199303792329222,0.0217339778042197,"Hydra",23,13.1
"1887",132,0.0186166293890115,0.0201511197940372,0.0219681489900451,"Hydra",23,13.2
"1888",133,0.0188201392212587,0.0203728619272834,0.0222078075253289,"Hydra",23,13.3
"1889",134,0.0190250877663561,0.0205944524737326,0.0224568542596818,"Hydra",23,13.4
"1890",135,0.0192324688876627,0.0208222883417072,0.0227142006098886,"Hydra",23,13.5
"1891",136,0.0194400655389552,0.0210488559942282,0.0229672787273057,"Hydra",23,13.6
"1892",137,0.0196467899528909,0.0212778214875907,0.0232239478260486,"Hydra",23,13.7
"1893",138,0.0198551078923143,0.0215099468661809,0.0234893906938334,"Hydra",23,13.8
"1894",139,0.0200703553093301,0.0217427707510086,0.0237457684871707,"Hydra",23,13.9
"1895",140,0.0202870902007623,0.0219770776130102,0.0240093797494566,"Hydra",23,14
"1896",141,0.020502127559591,0.0222139288434949,0.0242767412482008,"Hydra",23,14.1
"1897",142,0.0207227517922024,0.0224534239935946,0.0245455046172209,"Hydra",23,14.2
"1898",143,0.020939557025096,0.022698457507403,0.0248237555579047,"Hydra",23,14.3
"1899",144,0.0211641928285508,0.0229410683888957,0.0250958882480692,"Hydra",23,14.4
"1900",145,0.021386776547017,0.0231875484012459,0.0253712175754656,"Hydra",23,14.5
"1901",146,0.0216068424544407,0.023437565710396,0.0256500138705668,"Hydra",23,14.6
"1902",147,0.0218343660536367,0.0236893400766212,0.0259288941381681,"Hydra",23,14.7
"1903",148,0.0220617539041857,0.0239442872352682,0.0262059782264937,"Hydra",23,14.8
"1904",149,0.0222925602570876,0.0241973411092746,0.0264861445840982,"Hydra",23,14.9
"1905",150,0.0225194068561562,0.0244519010080487,0.0267837191749953,"Hydra",23,15
"1906",151,0.0227521245107745,0.0247116249801206,0.0270764985307516,"Hydra",23,15.1
"1907",152,0.0229902480626725,0.0249705131130458,0.0273629523795308,"Hydra",23,15.2
"1908",153,0.0232218881686998,0.0252304720583723,0.0276503562910112,"Hydra",23,15.3
"1909",154,0.023455259075573,0.0254972689554107,0.027941181518722,"Hydra",23,15.4
"1910",155,0.0236977186625623,0.0257606335412261,0.0282388112084674,"Hydra",23,15.5
"1911",156,0.0239416842580198,0.0260298311882358,0.0285336590419635,"Hydra",23,15.6
"1912",157,0.0241830074505248,0.0262957488133589,0.0288372278642231,"Hydra",23,15.7
"1913",158,0.0244248779163872,0.0265705760296386,0.0291281267108521,"Hydra",23,15.8
"1914",159,0.0246582024531997,0.0268418383690139,0.0294286196902244,"Hydra",23,15.9
"1915",160,0.0249012087149106,0.0271117984121031,0.0297213199179033,"Hydra",23,16
"1916",161,0.0251505386337094,0.0273849780050458,0.0300160917053671,"Hydra",23,16.1
"1917",162,0.0253942949926075,0.0276592465399186,0.0303217600644745,"Hydra",23,16.2
"1918",163,0.0256393485303715,0.0279331899611324,0.0306316726076062,"Hydra",23,16.3
"1919",164,0.0258913158633989,0.0282091186102039,0.0309341499063724,"Hydra",23,16.4
"1920",165,0.0261408624620521,0.028484017588234,0.0312380378195259,"Hydra",23,16.5
"1921",166,0.0263846368648654,0.0287580739834371,0.0315483483015913,"Hydra",23,16.6
"1922",167,0.0266262547581794,0.029033455992084,0.0318542358959033,"Hydra",23,16.7
"1923",168,0.026874134562898,0.029310444786261,0.0321608403532813,"Hydra",23,16.8
"1924",169,0.0271253696532363,0.0295889022964178,0.0324612668614067,"Hydra",23,16.9
"1925",170,0.0273730318131122,0.0298665342121432,0.0327653731423941,"Hydra",23,17
"1926",171,0.0276171266148872,0.0301426197907033,0.0330813567132441,"Hydra",23,17.1
"1927",172,0.0278662807037293,0.0304175207638009,0.0333887048351054,"Hydra",23,17.2
"1928",173,0.0281104960046999,0.0306944360069081,0.033701270717603,"Hydra",23,17.3
"1929",174,0.0283588618870283,0.0309731208942267,0.0340094426045132,"Hydra",23,17.4
"1930",175,0.0286095068705763,0.0312466222695815,0.0343069889427597,"Hydra",23,17.5
"1931",176,0.028849598764732,0.0315169462907514,0.0346132950654873,"Hydra",23,17.6
"1932",177,0.0290887177563712,0.0317886628441411,0.0349286430747552,"Hydra",23,17.7
"1933",178,0.029339783747131,0.0320608454043513,0.0352357550506895,"Hydra",23,17.8
"1934",179,0.0295790628895122,0.0323265271947313,0.035539677128808,"Hydra",23,17.9
"1935",180,0.0298257830684087,0.0325904857914546,0.0358288451499469,"Hydra",23,18
"1936",181,0.0300694195662812,0.0328542820580596,0.036124218944831,"Hydra",23,18.1
"1937",182,0.030297833494012,0.0331179057576433,0.0364102588520468,"Hydra",23,18.2
"1938",183,0.0305350136291678,0.0333803441002962,0.036695546053912,"Hydra",23,18.3
"1939",184,0.0307650615164478,0.0336396481916044,0.0369766636572245,"Hydra",23,18.4
"1940",185,0.0309903307681263,0.0338952194953793,0.0372581638296655,"Hydra",23,18.5
"1941",186,0.0312235448369224,0.0341515510598374,0.0375380469905782,"Hydra",23,18.6
"1942",187,0.0314590717657389,0.0344019551498818,0.0378071915772036,"Hydra",23,18.7
"1943",188,0.0316782537225933,0.0346486805090657,0.0380785287659654,"Hydra",23,18.8
"1944",189,0.0318993133556601,0.0348933578689449,0.0383413468089368,"Hydra",23,18.9
"1945",190,0.0321133800655566,0.0351324638476971,0.0385970459545699,"Hydra",23,19
"1946",191,0.0323244219886762,0.0353753236732168,0.0388467000689991,"Hydra",23,19.1
"1947",192,0.0325432769581598,0.0356113326395167,0.0391032049360478,"Hydra",23,19.2
"1948",193,0.0327555412680268,0.0358409939556593,0.0393512802945381,"Hydra",23,19.3
"1949",194,0.0329547481592947,0.0360765346843097,0.0395963792279396,"Hydra",23,19.4
"1950",195,0.033155951125515,0.0362955998126787,0.0398272436777082,"Hydra",23,19.5
"1951",196,0.0333675244183958,0.0365078530942958,0.0400614590501704,"Hydra",23,19.6
"1952",197,0.0335624204571706,0.0367206811576902,0.0402766204845393,"Hydra",23,19.7
"1953",198,0.0337598818635909,0.0369285537161441,0.0404956412880028,"Hydra",23,19.8
"1954",199,0.0339471505502975,0.0371298882066335,0.040704308236529,"Hydra",23,19.9
"1955",200,0.0341262841067327,0.0373288811675837,0.0409086890508262,"Hydra",23,20
"1956",201,0.0343031697958852,0.0375225201122766,0.0411076409295724,"Hydra",23,20.1
"1957",202,0.0344822511334055,0.0377129008762027,0.0413069534722719,"Hydra",23,20.2
"1958",203,0.0346609350675099,0.0378989994306992,0.041487416824354,"Hydra",23,20.3
"1959",204,0.0348095719774448,0.0380694425285914,0.0416694231991379,"Hydra",23,20.4
"1960",205,0.0349661863310158,0.0382435430851779,0.0418530360422023,"Hydra",23,20.5
"1961",206,0.0351065885936861,0.038403396203437,0.0420248727613896,"Hydra",23,20.6
"1962",207,0.0352393991512282,0.0385716786977931,0.0421976783343775,"Hydra",23,20.7
"1963",208,0.0353674375673731,0.0387241791931455,0.0423365282520115,"Hydra",23,20.8
"1964",209,0.0355070544194795,0.0388786602846083,0.0424939415025189,"Hydra",23,20.9
"1965",210,0.0356288820658801,0.0390220082502249,0.0426364326561782,"Hydra",23,21
"1966",211,0.0357542297291318,0.0391608779840987,0.0428000991823384,"Hydra",23,21.1
"1967",212,0.035864962267554,0.0392954708820806,0.0429432008477333,"Hydra",23,21.2
"1968",213,0.0359680417537658,0.0394248616921485,0.0430629108591818,"Hydra",23,21.3
"1969",214,0.0360537989184624,0.0395442013797041,0.0432041078221115,"Hydra",23,21.4
"1970",215,0.0361539696990711,0.0396663265987845,0.0433174384880481,"Hydra",23,21.5
"1971",216,0.0362474290792046,0.0397707751255758,0.043420223951554,"Hydra",23,21.6
"1972",217,0.0363206265691439,0.0398712812005621,0.0435196989507986,"Hydra",23,21.7
"1973",218,0.0363848265205256,0.0399764227803529,0.043620357782806,"Hydra",23,21.8
"1974",219,0.0364437178219447,0.0400718012841719,0.0437050051544239,"Hydra",23,21.9
"1975",220,0.0365118404647694,0.0401614039831623,0.0437982155319531,"Hydra",23,22
"1976",221,0.0365690823588811,0.0402418550247227,0.0438968040655895,"Hydra",23,22.1
"1977",222,0.0366081931079907,0.0403189635601579,0.0439832891514524,"Hydra",23,22.2
"1978",223,0.0366594861251524,0.0403942463814817,0.0440417000324537,"Hydra",23,22.3
"1979",224,0.0367049145578509,0.0404656093406328,0.0441067293975533,"Hydra",23,22.4
"1980",225,0.0367398040315468,0.0405225039490043,0.0441941220699229,"Hydra",23,22.5
"1981",226,0.0367733750414927,0.0405880710084881,0.0442453660661946,"Hydra",23,22.6
"1982",227,0.0368012853919922,0.0406433216903105,0.044287104818359,"Hydra",23,22.7
"1983",228,0.0368220119834981,0.0406913605349575,0.0443279724349054,"Hydra",23,22.8
"1984",229,0.0368458076279172,0.040736470925082,0.0443694924772667,"Hydra",23,22.9
"1985",230,0.0368705869781635,0.0407753187731787,0.0444016473358343,"Hydra",23,23
"1986",231,0.0368851003255512,0.0408121813100888,0.0444388839592038,"Hydra",23,23.1
"1987",232,0.0368952528729353,0.0408458885334076,0.0444688339595972,"Hydra",23,23.2
"1988",233,0.0369112475907748,0.0408717508101408,0.0444985457603929,"Hydra",23,23.3
"1989",234,0.0369139002645307,0.0408936040305774,0.0445373048311362,"Hydra",23,23.4
"1990",235,0.0369116165003167,0.0409113597924217,0.0445631727218641,"Hydra",23,23.5
"1991",236,0.0369028232542304,0.0409264217012581,0.0445882796105562,"Hydra",23,23.6
"1992",237,0.0368963903071746,0.040938806801873,0.0446041835460814,"Hydra",23,23.7
"1993",238,0.0368749552516988,0.0409414887583748,0.0446042504413338,"Hydra",23,23.8
"1994",239,0.0368656486007589,0.0409517111568392,0.0446001082421193,"Hydra",23,23.9
"1995",240,0.0368509740382212,0.040953215088205,0.0446004921184922,"Hydra",23,24
"1996",241,0.0368367662729633,0.0409519749407964,0.0445995256474601,"Hydra",23,24.1
"1997",242,0.0368115272688454,0.0409418596546563,0.044591718125801,"Hydra",23,24.2
"1998",243,0.0367895004982289,0.0409344030315516,0.0446034704453754,"Hydra",23,24.3
"1999",244,0.0367606243764022,0.0409233128502039,0.044586354949884,"Hydra",23,24.4
"2000",245,0.0367335586932909,0.0409122611883839,0.0445744652164876,"Hydra",23,24.5
"2001",246,0.0367132607847682,0.0408994235629132,0.0445791995486046,"Hydra",23,24.6
"2002",247,0.0366744843762385,0.0408758514443923,0.0445673014622296,"Hydra",23,24.7
"2003",248,0.0366466679803942,0.0408509952043299,0.0445397198314758,"Hydra",23,24.8
"2004",249,0.0366139425091954,0.0408237485731514,0.044521884334553,"Hydra",23,24.9
"2005",250,0.0365806883315026,0.0407960260308966,0.0444954259353871,"Hydra",23,25
"2006",251,0.0365439047611087,0.0407600450618507,0.0444723888704522,"Hydra",23,25.1
"2007",252,0.036496338936158,0.0407288492778837,0.0444292864439591,"Hydra",23,25.2
"2008",253,0.0364610092494982,0.040694198334906,0.0443946951868981,"Hydra",23,25.3
"2009",254,0.0364191306180773,0.0406554610598122,0.0443685980504988,"Hydra",23,25.4
"2010",255,0.0363796667786034,0.040611424301375,0.044320561322541,"Hydra",23,25.5
"2011",256,0.0363460989603975,0.0405697379269466,0.0442785587969929,"Hydra",23,25.6
"2012",257,0.0362990815456782,0.0405249549887894,0.0442580017113869,"Hydra",23,25.7
"2013",258,0.0362610290047018,0.040482090230389,0.0442123042668936,"Hydra",23,25.8
"2014",259,0.036215826550202,0.0404315880994284,0.0441670872307608,"Hydra",23,25.9
"2015",260,0.0361795245096437,0.0403873382999899,0.0441296991324052,"Hydra",23,26
"2016",261,0.0361365999436654,0.0403354759675864,0.0440936197549082,"Hydra",23,26.1
"2017",262,0.0360857340164348,0.0402850572885772,0.0440518841600819,"Hydra",23,26.2
"2018",263,0.0360326160577409,0.040231627326073,0.0440160656178815,"Hydra",23,26.3
"2019",264,0.0359752607730308,0.0401811182914518,0.0439761778675344,"Hydra",23,26.4
"2020",265,0.0359215299912228,0.0401283999734714,0.043920274915673,"Hydra",23,26.5
"2021",266,0.0358718934484778,0.0400754166354636,0.0438773014997495,"Hydra",23,26.6
"2022",267,0.0358195870840458,0.0400183488602489,0.0438270377046754,"Hydra",23,26.7
"2023",268,0.0357606526465245,0.0399643974446491,0.0437827018999435,"Hydra",23,26.8
"2024",269,0.0357030587724333,0.0399088429855792,0.0437364266575051,"Hydra",23,26.9
"2025",270,0.0356499046395258,0.0398492746472555,0.0436755192489591,"Hydra",23,27
"2026",271,0.0355826726116102,0.0397903819824922,0.0436305549919576,"Hydra",23,27.1
"2027",272,0.0355179591592295,0.0397276973656926,0.0435696927783653,"Hydra",23,27.2
"2028",273,0.035459313821665,0.0396651797962185,0.0435227277589521,"Hydra",23,27.3
"2029",274,0.0353952855350408,0.0396005412072302,0.0434739387453524,"Hydra",23,27.4
"2030",275,0.0353272772211902,0.0395417320833168,0.0434122762121417,"Hydra",23,27.5
"2031",276,0.0352638779354808,0.0394788875579335,0.0433529617371492,"Hydra",23,27.6
"2032",277,0.0351998655871962,0.0394139224033199,0.043299857131655,"Hydra",23,27.7
"2033",278,0.03513084710895,0.0393458170533973,0.0432430825826097,"Hydra",23,27.8
"2034",279,0.0350745464975668,0.0392801451175602,0.0431902072519009,"Hydra",23,27.9
"2035",280,0.035011043003935,0.0392196096583426,0.0431253774643058,"Hydra",23,28
"2036",281,0.034940730214752,0.0391547498394725,0.0430584437619057,"Hydra",23,28.1
"2037",282,0.0348736465078527,0.0390842070509808,0.0430014619263054,"Hydra",23,28.2
"2038",283,0.0348164827481894,0.0390140031873041,0.0429333594646085,"Hydra",23,28.3
"2039",284,0.0347517158007813,0.0389481865581366,0.0428700971270577,"Hydra",23,28.4
"2040",285,0.0346911445705892,0.0388722341396239,0.042809024448902,"Hydra",23,28.5
"2041",286,0.0346264315725379,0.0388045855402502,0.0427486135901201,"Hydra",23,28.6
"2042",287,0.0345655110216462,0.0387365617908157,0.0426909604583898,"Hydra",23,28.7
"2043",288,0.0345048020168228,0.0386694747440787,0.0426143331031571,"Hydra",23,28.8
"2044",289,0.0344397461160773,0.0385955205719505,0.0425477743542632,"Hydra",23,28.9
"2045",290,0.0343729965576411,0.0385247511439159,0.0424834635777827,"Hydra",23,29
"2046",291,0.0343053151212364,0.0384519753714449,0.0424162674979747,"Hydra",23,29.1
"2047",292,0.0342378716858566,0.0383812206508656,0.0423464540482742,"Hydra",23,29.2
"2048",293,0.0341780062103488,0.0383107917973078,0.0422733110596839,"Hydra",23,29.3
"2049",294,0.0341170471021353,0.0382392341656253,0.0422011861978609,"Hydra",23,29.4
"2050",295,0.0340479317342679,0.0381673429896654,0.042129907523918,"Hydra",23,29.5
"2051",296,0.0339828885410717,0.0380994487806137,0.042054139845949,"Hydra",23,29.6
"2052",297,0.0339120924340778,0.0380286805535365,0.0419914980189315,"Hydra",23,29.7
"2053",298,0.0338336256953317,0.0379577794740653,0.0419224003530174,"Hydra",23,29.8
"2054",299,0.0337675270161951,0.0378842508475499,0.0418478652986521,"Hydra",23,29.9
"2055",300,0.0336939603635504,0.0378108533766307,0.0417651430691647,"Hydra",23,30
"2056",301,0.0336224399861766,0.0377369788268314,0.0416856493151693,"Hydra",23,30.1
"2057",302,0.0335574048849332,0.0376636551418011,0.0416218671292548,"Hydra",23,30.2
"2058",303,0.0334801964161693,0.037594189039647,0.0415507508172032,"Hydra",23,30.3
"2059",304,0.0334086381229958,0.0375219346309352,0.0414876157590907,"Hydra",23,30.4
"2060",305,0.0333343875202631,0.037451841607847,0.0414093374241333,"Hydra",23,30.5
"2061",306,0.033260902598839,0.037380769917147,0.0413308777863718,"Hydra",23,30.6
"2062",307,0.0331946297207892,0.0373085356011067,0.0412648658681915,"Hydra",23,30.7
"2063",308,0.0331269353855101,0.0372376018925957,0.0411999908080918,"Hydra",23,30.8
"2064",309,0.0330535919227063,0.03716756607925,0.0411328545124411,"Hydra",23,30.9
"2065",310,0.0329876047237827,0.0370924323248923,0.0410679792485329,"Hydra",23,31
"2066",311,0.0329128111758742,0.0370166962271791,0.0410207082436771,"Hydra",23,31.1
"2067",312,0.0328402054424866,0.0369458200202859,0.0409516360067217,"Hydra",23,31.2
"2068",313,0.0327690077223627,0.0368756268644491,0.0408908619460885,"Hydra",23,31.3
"2069",314,0.0326893986662131,0.0368053391273827,0.0408269490847959,"Hydra",23,31.4
"2070",315,0.0326161436791659,0.0367350090817631,0.0407516759961782,"Hydra",23,31.5
"2071",316,0.0325355011864476,0.0366614631580371,0.0406719912242735,"Hydra",23,31.6
"2072",317,0.032461556747584,0.0365899039974667,0.0406001231507746,"Hydra",23,31.7
"2073",318,0.0323872294311452,0.0365188342540996,0.0405390844287505,"Hydra",23,31.8
"2074",319,0.0323214982070061,0.0364479366731694,0.0404677955727891,"Hydra",23,31.9
"2075",320,0.0322436071753552,0.0363755456843582,0.0403969125134397,"Hydra",23,32
"2076",321,0.0321750125824726,0.0363065278960346,0.0403306928292685,"Hydra",23,32.1
"2077",322,0.0321018630327763,0.0362349509335115,0.040261280441406,"Hydra",23,32.2
"2078",323,0.0320288790873526,0.036160609960651,0.040198859581983,"Hydra",23,32.3
"2079",324,0.0319559634108349,0.0360894854591017,0.0401480051486298,"Hydra",23,32.4
"2080",325,0.0318842924284925,0.0360191023750731,0.0400834836277173,"Hydra",23,32.5
"2081",326,0.03181409487725,0.0359449991520765,0.0400190249570452,"Hydra",23,32.6
"2082",327,0.0317429974621671,0.035872655804287,0.0399541285064036,"Hydra",23,32.7
"2083",328,0.0316659480315929,0.0358050555434332,0.0398916048311853,"Hydra",23,32.8
"2084",329,0.0315930215730211,0.0357344451046726,0.0398299601252663,"Hydra",23,32.9
"2085",330,0.0315230685563864,0.0356597727684921,0.0397624187000361,"Hydra",23,33
"2086",331,0.0314429069239297,0.0355909958098809,0.0397081802772238,"Hydra",23,33.1
"2087",332,0.031368304481405,0.0355200394360522,0.0396491392931626,"Hydra",23,33.2
"2088",333,0.031300850789432,0.0354472836834419,0.0395839680840663,"Hydra",23,33.3
"2089",334,0.0312154981243858,0.0353726347537159,0.0395240197354002,"Hydra",23,33.4
"2090",335,0.0311535029234337,0.0353015568394867,0.0394575203045075,"Hydra",23,33.5
"2091",336,0.0310710596515656,0.0352314932374998,0.0393853069644589,"Hydra",23,33.6
"2092",337,0.031005719321025,0.0351594954930011,0.0393319985550922,"Hydra",23,33.7
"2093",338,0.0309326647052831,0.03508457170868,0.0392736648899904,"Hydra",23,33.8
"2094",339,0.0308528793917517,0.0350123646917223,0.0392197239604109,"Hydra",23,33.9
"2095",340,0.0307805025047293,0.0349374066980308,0.0391496078532789,"Hydra",23,34
"2096",341,0.0306998599449936,0.034871582820891,0.0391102709455274,"Hydra",23,34.1
"2097",342,0.0306272445425297,0.0348014621414278,0.039032299678683,"Hydra",23,34.2
"2098",343,0.0305443759145685,0.034732085564602,0.0389652225291848,"Hydra",23,34.3
"2099",344,0.0304711201787,0.0346586846528219,0.0389204528639179,"Hydra",23,34.4
"2100",345,0.0303991314426914,0.0345872922832909,0.0388614410728446,"Hydra",23,34.5
"2101",346,0.0303208042960974,0.0345181810467587,0.0387893307866175,"Hydra",23,34.6
"2102",347,0.0302417122174987,0.0344504353732841,0.0387362785428383,"Hydra",23,34.7
"2103",348,0.0301700924982229,0.0343800323957834,0.038680137049678,"Hydra",23,34.8
"2104",349,0.0300900438855118,0.0343078289642,0.0386384661652845,"Hydra",23,34.9
"2105",350,0.0300056344594945,0.0342419117588251,0.0385800315937416,"Hydra",23,35
"2106",351,0.0299255856807992,0.0341709259176206,0.0385287710849696,"Hydra",23,35.1
"2107",1,273497.747092149,337461.420397863,408119.929239336,"Alg",20,0.1
"2108",2,275648.187315254,339729.642488459,410658.736247021,"Alg",20,0.2
"2109",3,277571.21466112,342041.887687276,413138.460610339,"Alg",20,0.3
"2110",4,279609.41857178,344410.58166461,415505.667618024,"Alg",20,0.4
"2111",5,281519.083606221,346736.247616646,418048.992750618,"Alg",20,0.5
"2112",6,283561.061129212,349060.805318286,420410.535488049,"Alg",20,0.6
"2113",7,285562.183506692,351446.503002587,422762.393603764,"Alg",20,0.7
"2114",8,287668.992443816,353843.533471711,425127.20452371,"Alg",20,0.8
"2115",9,289736.15552448,356213.766426304,427597.816472203,"Alg",20,0.9
"2116",10,291740.064729407,358564.596824965,430173.563432693,"Alg",20,1
"2117",11,293907.926575771,360930.5174438,432824.506958097,"Alg",20,1.1
"2118",12,296111.365106489,363342.333417528,435448.082664131,"Alg",20,1.2
"2119",13,298308.416545896,365655.743524106,438032.895493213,"Alg",20,1.3
"2120",14,300337.197360415,368072.601836494,440533.885356812,"Alg",20,1.4
"2121",15,302515.296086668,370491.638160623,443295.611028219,"Alg",20,1.5
"2122",16,304726.780194364,372956.942789573,445875.51868517,"Alg",20,1.6
"2123",17,306723.305534156,375337.807123078,448379.536081573,"Alg",20,1.7
"2124",18,308732.628674186,377878.45086973,451232.866546954,"Alg",20,1.8
"2125",19,310805.122394372,380353.089867678,453814.257590338,"Alg",20,1.9
"2126",20,312985.476574599,382935.94847855,456498.951043645,"Alg",20,2
"2127",21,315134.849290535,385414.16424352,459348.725144605,"Alg",20,2.1
"2128",22,317185.559106849,387863.344287248,461899.510844732,"Alg",20,2.2
"2129",23,319213.975117562,390381.376612804,464597.163331551,"Alg",20,2.3
"2130",24,321412.962083581,392918.394815958,467154.776755496,"Alg",20,2.4
"2131",25,323544.020111327,395446.880328585,469496.259562193,"Alg",20,2.5
"2132",26,325688.906934771,397921.879891081,472278.815173644,"Alg",20,2.6
"2133",27,327760.039111508,400459.275382451,475113.10003327,"Alg",20,2.7
"2134",28,329915.822993881,402970.203652347,477923.947905195,"Alg",20,2.8
"2135",29,332205.190248956,405437.023168204,480686.396796582,"Alg",20,2.9
"2136",30,334172.648706019,408070.685101125,483584.619398127,"Alg",20,3
"2137",31,336214.984791805,410632.705774314,486368.161163807,"Alg",20,3.1
"2138",32,338405.292610535,413246.021256386,489165.815701567,"Alg",20,3.2
"2139",33,340450.577186697,415808.98628463,492062.11395423,"Alg",20,3.3
"2140",34,342454.200471909,418396.398817459,494949.836171834,"Alg",20,3.4
"2141",35,344541.439875079,420988.685423702,497971.906684822,"Alg",20,3.5
"2142",36,346726.218059052,423618.224252458,501067.780450178,"Alg",20,3.6
"2143",37,348761.273237456,426106.92122234,504163.778000378,"Alg",20,3.7
"2144",38,350716.626329859,428755.919529707,507124.358384943,"Alg",20,3.8
"2145",39,353071.416111913,431431.362801184,510091.070451788,"Alg",20,3.9
"2146",40,354947.886753565,434192.508460922,513009.256101214,"Alg",20,4
"2147",41,356932.21998603,436799.590982286,516029.691706629,"Alg",20,4.1
"2148",42,359063.419522099,439469.011148846,518863.41761529,"Alg",20,4.2
"2149",43,361140.682439179,442084.386232297,522218.622567358,"Alg",20,4.3
"2150",44,363284.058269872,444741.798730442,525293.447848112,"Alg",20,4.4
"2151",45,365225.021658622,447470.704810197,528326.914532882,"Alg",20,4.5
"2152",46,367521.026019418,450132.558323512,531555.80390419,"Alg",20,4.6
"2153",47,369732.13891876,452849.157033922,534626.673281262,"Alg",20,4.7
"2154",48,371908.369297967,455509.419178765,537700.055673225,"Alg",20,4.8
"2155",49,374190.220569817,458164.061974467,541015.952396744,"Alg",20,4.9
"2156",50,376346.418296606,460751.232425918,543962.288143647,"Alg",20,5
"2157",51,378406.300773798,463329.112727694,547019.814174072,"Alg",20,5.1
"2158",52,380434.126933562,465967.206296199,550201.031801001,"Alg",20,5.2
"2159",53,382479.803109525,468598.14090218,553383.2233583,"Alg",20,5.3
"2160",54,384477.14819153,471268.604871601,556664.7651759,"Alg",20,5.4
"2161",55,386387.551929916,473888.565086113,559848.181871681,"Alg",20,5.5
"2162",56,388378.703862915,476638.968110732,563107.738392202,"Alg",20,5.6
"2163",57,390574.266383043,479309.975700852,566344.737577494,"Alg",20,5.7
"2164",58,392671.547160906,482023.430143759,569264.661750928,"Alg",20,5.8
"2165",59,394621.414097251,484659.919251218,572322.908447343,"Alg",20,5.9
"2166",60,396878.618676407,487348.394711981,575683.509179683,"Alg",20,6
"2167",61,399055.638582367,489971.187226297,578775.939904868,"Alg",20,6.1
"2168",62,401219.63065616,492598.925173747,582203.531053278,"Alg",20,6.2
"2169",63,403092.1210337,495312.7110878,585285.173948452,"Alg",20,6.3
"2170",64,405034.980351149,497996.086081751,588561.019022014,"Alg",20,6.4
"2171",65,407108.648588875,500720.914965346,591784.072002876,"Alg",20,6.5
"2172",66,409372.722810954,503385.288877426,595035.27992721,"Alg",20,6.6
"2173",67,411378.7448535,506163.54936698,598458.656939338,"Alg",20,6.7
"2174",68,413413.656613873,508907.943660833,601583.555072896,"Alg",20,6.8
"2175",69,415393.977186492,511578.967017115,604404.942314404,"Alg",20,6.9
"2176",70,417600.83134628,514253.696040888,607730.198888851,"Alg",20,7
"2177",71,419514.805184886,516947.217481349,610745.429477558,"Alg",20,7.1
"2178",72,421462.158045893,519614.519989101,613903.585114784,"Alg",20,7.2
"2179",73,423397.265731626,522266.486313893,617070.903735545,"Alg",20,7.3
"2180",74,425393.73102939,524924.337680202,620224.56208637,"Alg",20,7.4
"2181",75,427530.284658858,527668.427879095,623597.018499916,"Alg",20,7.5
"2182",76,429605.958171937,530351.377870912,626813.418788295,"Alg",20,7.6
"2183",77,431592.595117217,533072.543233702,629555.794474685,"Alg",20,7.7
"2184",78,433579.017455176,535594.912807852,632622.382922315,"Alg",20,7.8
"2185",79,435484.266371668,538205.06731275,635419.606925658,"Alg",20,7.9
"2186",80,437312.088799779,540837.929755524,638479.771346668,"Alg",20,8
"2187",81,439249.323654206,543449.327214182,641646.270369709,"Alg",20,8.1
"2188",82,441158.622113916,545984.598847333,644687.853496279,"Alg",20,8.2
"2189",83,443091.568334641,548644.592527265,647746.615283049,"Alg",20,8.3
"2190",84,445175.097751811,551227.399407152,650640.285691404,"Alg",20,8.4
"2191",85,447273.428046863,553768.104548797,653652.709134368,"Alg",20,8.5
"2192",86,449202.964164325,556309.315852336,656667.642428671,"Alg",20,8.6
"2193",87,451295.838285585,558929.752699697,660084.85270906,"Alg",20,8.7
"2194",88,453133.57075437,561464.861576848,662941.523650626,"Alg",20,8.8
"2195",89,455354.985078488,564027.942895274,665744.74612574,"Alg",20,8.9
"2196",90,457321.91750089,566578.039240186,668533.818012978,"Alg",20,9
"2197",91,459122.957778731,569096.97256376,671615.83204238,"Alg",20,9.1
"2198",92,460953.293998453,571587.89158824,674494.976237406,"Alg",20,9.2
"2199",93,462879.760022612,574162.790073774,677426.655084855,"Alg",20,9.3
"2200",94,464812.737648661,576653.409141758,680326.51729359,"Alg",20,9.4
"2201",95,466705.108996355,579099.985356071,683445.570641615,"Alg",20,9.5
"2202",96,468553.701446624,581605.513214836,686504.882820358,"Alg",20,9.6
"2203",97,470545.18485894,584086.085967922,689423.237845752,"Alg",20,9.7
"2204",98,472336.3692539,586432.541324764,692081.595538181,"Alg",20,9.8
"2205",99,474016.003691924,588770.661617077,694771.634465088,"Alg",20,9.9
"2206",100,475682.679979322,591068.259254843,697512.630731533,"Alg",20,10
"2207",101,477567.326501239,593390.138170502,700523.921707627,"Alg",20,10.1
"2208",102,479282.089804476,595811.198061896,703328.709719684,"Alg",20,10.2
"2209",103,481072.553601219,598083.884811664,705912.259587353,"Alg",20,10.3
"2210",104,482793.904934621,600311.410598287,708511.935948174,"Alg",20,10.4
"2211",105,484706.217371101,602582.617645909,710886.05035334,"Alg",20,10.5
"2212",106,486403.270043356,604877.837772871,713457.134167939,"Alg",20,10.6
"2213",107,488348.650326903,607159.657763555,715862.94189985,"Alg",20,10.7
"2214",108,490378.236509437,609308.02081353,718403.589570577,"Alg",20,10.8
"2215",109,492094.363102976,611513.758765264,720852.035922429,"Alg",20,10.9
"2216",110,493634.912536803,613672.896692188,723165.279872446,"Alg",20,11
"2217",111,495290.738412046,615747.253794757,725577.326082137,"Alg",20,11.1
"2218",112,497075.899728904,617833.885132765,727874.812420072,"Alg",20,11.2
"2219",113,498609.306103516,619972.278217182,730446.328773104,"Alg",20,11.3
"2220",114,500763.750657137,622140.718517606,732790.99991419,"Alg",20,11.4
"2221",115,502618.797694141,624052.448999851,734617.672892551,"Alg",20,11.5
"2222",116,504118.277133987,626017.006527896,736607.348316006,"Alg",20,11.6
"2223",117,505724.934958835,628025.356154675,738766.93425215,"Alg",20,11.7
"2224",118,507336.4899863,630031.984864904,740912.885507689,"Alg",20,11.8
"2225",119,508627.357399602,632045.940866722,742755.268420613,"Alg",20,11.9
"2226",120,510169.392089234,633891.918021034,744892.134806729,"Alg",20,12
"2227",121,511866.023133332,635673.767398974,746829.220138419,"Alg",20,12.1
"2228",122,513453.336814855,637543.928218362,748709.801006739,"Alg",20,12.2
"2229",123,515034.457905639,639360.5227824,750520.563208926,"Alg",20,12.3
"2230",124,516700.136950242,641098.628514887,752189.162889261,"Alg",20,12.4
"2231",125,518041.5731707,642893.215869909,753910.347830062,"Alg",20,12.5
"2232",126,519410.099118708,644609.929156151,755640.834787026,"Alg",20,12.6
"2233",127,520968.378636522,646166.324089402,757308.185647787,"Alg",20,12.7
"2234",128,522488.365892075,647906.353160677,759080.924964237,"Alg",20,12.8
"2235",129,523812.336435678,649573.135837154,760457.487185699,"Alg",20,12.9
"2236",130,525056.87959048,651130.52268542,761885.780136643,"Alg",20,13
"2237",131,526424.597292692,652663.481521499,763317.428580151,"Alg",20,13.1
"2238",132,527984.214139582,654268.496993816,764274.095064606,"Alg",20,13.2
"2239",133,529534.225709679,655736.332742214,765328.935153009,"Alg",20,13.3
"2240",134,530869.965088867,657066.044579161,766610.173221122,"Alg",20,13.4
"2241",135,532054.785402419,658392.674373386,768025.734489918,"Alg",20,13.5
"2242",136,533475.03560688,659743.807086028,769360.973387982,"Alg",20,13.6
"2243",137,534885.549629191,661071.949667249,770615.067343296,"Alg",20,13.7
"2244",138,536209.58322272,662399.683053422,771827.679201218,"Alg",20,13.8
"2245",139,537347.466268648,663672.972279485,772938.459345436,"Alg",20,13.9
"2246",140,538585.278533259,664843.321598779,773838.806833487,"Alg",20,14
"2247",141,539858.151561137,666127.619174836,774706.191232506,"Alg",20,14.1
"2248",142,541170.517477248,667236.096471589,775769.436410965,"Alg",20,14.2
"2249",143,542485.642598576,668258.632809429,776743.42321442,"Alg",20,14.3
"2250",144,543722.430775426,669213.537347543,777500.207960098,"Alg",20,14.4
"2251",145,544708.214255263,670242.129946617,777798.629764708,"Alg",20,14.5
"2252",146,545739.856137728,671062.618763569,778274.405955535,"Alg",20,14.6
"2253",147,546869.262536723,672034.152471733,779141.174329176,"Alg",20,14.7
"2254",148,548260.29572879,672799.41315065,779619.394576903,"Alg",20,14.8
"2255",149,549318.586744157,673657.915658438,780195.952834046,"Alg",20,14.9
"2256",150,550389.981870029,674471.996853348,780760.87456965,"Alg",20,15
"2257",151,551330.170235627,675301.33910719,781337.758301531,"Alg",20,15.1
"2258",152,552298.218106547,676047.245903401,781748.022579906,"Alg",20,15.2
"2259",153,553353.976026356,676732.411387094,782076.362211405,"Alg",20,15.3
"2260",154,554364.564737954,677359.637205492,782474.989869569,"Alg",20,15.4
"2261",155,555357.982211358,677959.519153519,782691.654447363,"Alg",20,15.5
"2262",156,556389.679908047,678539.477082643,783063.561089965,"Alg",20,15.6
"2263",157,557231.344014094,679055.351556769,783058.774170008,"Alg",20,15.7
"2264",158,558060.109548578,679359.909026941,783220.143848903,"Alg",20,15.8
"2265",159,559072.997450588,679791.322076922,783001.822336054,"Alg",20,15.9
"2266",160,559961.62261384,680133.738166452,783031.421369493,"Alg",20,16
"2267",161,560951.503108711,680518.379666297,782962.668884269,"Alg",20,16.1
"2268",162,561552.498635819,680732.932720014,782742.843495378,"Alg",20,16.2
"2269",163,562135.022628426,680921.537047302,782537.975827748,"Alg",20,16.3
"2270",164,562973.98751609,681102.711639317,782306.312157158,"Alg",20,16.4
"2271",165,563715.261533252,681221.060240172,782392.90781976,"Alg",20,16.5
"2272",166,564372.285688081,681338.684076755,781987.496697028,"Alg",20,16.6
"2273",167,564976.083280275,681408.550631775,782015.195742995,"Alg",20,16.7
"2274",168,565691.63953257,681404.611051422,781531.603705978,"Alg",20,16.8
"2275",169,566276.609463441,681436.743598989,780745.231023901,"Alg",20,16.9
"2276",170,566981.466538424,681439.838816822,780149.308048117,"Alg",20,17
"2277",171,567460.585991014,681326.629936227,779745.448082546,"Alg",20,17.1
"2278",172,567881.665448186,681152.451354306,779390.641804607,"Alg",20,17.2
"2279",173,568282.954089303,680956.112459688,778790.753875879,"Alg",20,17.3
"2280",174,568348.91281468,680744.727963029,778476.556707396,"Alg",20,17.4
"2281",175,568723.343685963,680457.406094712,777782.210066266,"Alg",20,17.5
"2282",176,569000.656349424,680116.649790408,777004.871066402,"Alg",20,17.6
"2283",177,569340.635587394,679770.036406065,776368.643654294,"Alg",20,17.7
"2284",178,569775.033175991,679230.994297515,775417.606845551,"Alg",20,17.8
"2285",179,569915.494895837,678752.9758889,774646.715562648,"Alg",20,17.9
"2286",180,570062.264961549,678249.462796639,773725.538463483,"Alg",20,18
"2287",181,570241.50108462,677832.108370989,772630.219420537,"Alg",20,18.1
"2288",182,570369.52930151,677269.564828782,771869.718646208,"Alg",20,18.2
"2289",183,570605.214789865,676619.913007415,770970.923985156,"Alg",20,18.3
"2290",184,570743.648083964,675941.751658047,769936.441554811,"Alg",20,18.4
"2291",185,571121.576492617,675149.579274779,768587.579715738,"Alg",20,18.5
"2292",186,571426.25048285,674342.248589465,767399.556059017,"Alg",20,18.6
"2293",187,571703.704800714,673599.225346213,766445.770670547,"Alg",20,18.7
"2294",188,571239.806772358,672693.533140949,765290.731158695,"Alg",20,18.8
"2295",189,570805.159952541,671668.829866865,764083.627503533,"Alg",20,18.9
"2296",190,570716.035674871,670714.465182469,762727.722055288,"Alg",20,19
"2297",191,570402.75713262,669774.683456739,761811.262213317,"Alg",20,19.1
"2298",192,570122.249967212,668617.642652602,760711.077692475,"Alg",20,19.2
"2299",193,569742.804519724,667466.446014293,759193.434125172,"Alg",20,19.3
"2300",194,569042.870899764,666416.306834755,757618.902795095,"Alg",20,19.4
"2301",195,568620.020268071,665168.374949523,756298.909200779,"Alg",20,19.5
"2302",196,568103.003748126,664065.635882562,754838.121755641,"Alg",20,19.6
"2303",197,567486.132397634,662956.260381108,753541.497352,"Alg",20,19.7
"2304",198,566723.013041254,661698.129678631,752444.343578474,"Alg",20,19.8
"2305",199,566184.122927604,660427.600475588,750791.503829179,"Alg",20,19.9
"2306",200,565431.249460447,659163.866560817,749145.712042898,"Alg",20,20
"2307",201,564852.888825183,657829.734762195,747358.657827871,"Alg",20,20.1
"2308",202,564036.165880397,656367.442202774,745701.580809722,"Alg",20,20.2
"2309",203,563099.805476168,654804.838154498,744023.726181999,"Alg",20,20.3
"2310",204,562144.900798001,653397.371963829,742401.886111478,"Alg",20,20.4
"2311",205,561308.715688662,652003.63311589,740621.559724602,"Alg",20,20.5
"2312",206,560442.967557245,650660.665490226,739117.835269226,"Alg",20,20.6
"2313",207,559251.307273871,649030.647400714,737582.837628397,"Alg",20,20.7
"2314",208,558195.575257624,647363.917496318,735851.231958771,"Alg",20,20.8
"2315",209,556806.088016282,645748.45613428,733970.552689199,"Alg",20,20.9
"2316",210,555391.286270484,644138.106127799,732312.186810131,"Alg",20,21
"2317",211,554104.078990699,642468.066272042,730657.457975891,"Alg",20,21.1
"2318",212,552576.647951362,640669.193395675,728693.912320629,"Alg",20,21.2
"2319",213,551291.58290794,638837.125398353,727058.955968875,"Alg",20,21.3
"2320",214,549811.63998674,637060.911247591,724940.434561246,"Alg",20,21.4
"2321",215,547999.972800918,635245.916078458,723055.325573439,"Alg",20,21.5
"2322",216,546479.511141622,633399.161173325,721460.414982672,"Alg",20,21.6
"2323",217,544748.318369988,631540.058957174,719675.552456408,"Alg",20,21.7
"2324",218,543194.447169884,629689.118674291,717929.998686212,"Alg",20,21.8
"2325",219,541477.356671094,627842.649132729,715748.776251772,"Alg",20,21.9
"2326",220,539249.578343759,625882.219112796,713960.751362066,"Alg",20,22
"2327",221,537588.23318653,623951.561531643,711824.501605408,"Alg",20,22.1
"2328",222,535571.493547954,621971.202379318,710072.524694724,"Alg",20,22.2
"2329",223,533708.507362927,619949.180426117,708273.738684136,"Alg",20,22.3
"2330",224,531609.528057947,617988.012118493,706017.116518877,"Alg",20,22.4
"2331",225,529676.265497846,615930.461304758,704049.107590787,"Alg",20,22.5
"2332",226,527404.922263012,613818.936103683,702167.761221872,"Alg",20,22.6
"2333",227,525188.016729057,611574.548048281,699920.00613158,"Alg",20,22.7
"2334",228,522826.675729708,609314.196245479,697775.007410278,"Alg",20,22.8
"2335",229,520762.50912551,607077.654694202,695565.789333899,"Alg",20,22.9
"2336",230,518352.835236292,605035.474095979,693500.326334281,"Alg",20,23
"2337",231,516090.695943372,602788.278712445,691508.46089544,"Alg",20,23.1
"2338",232,513671.600352266,600617.60119846,689130.09265499,"Alg",20,23.2
"2339",233,511065.751107312,598277.568990974,686823.339838139,"Alg",20,23.3
"2340",234,508493.915772276,595951.508007318,684780.537268194,"Alg",20,23.4
"2341",235,506348.519360237,593553.332418006,682513.116090873,"Alg",20,23.5
"2342",236,503856.017436795,591101.917735672,680381.181000912,"Alg",20,23.6
"2343",237,501024.537983063,588805.880353402,678309.391713487,"Alg",20,23.7
"2344",238,498219.939575051,586419.816265519,675791.015826555,"Alg",20,23.8
"2345",239,495705.886308723,584114.47811276,673790.449399648,"Alg",20,23.9
"2346",240,492866.198261408,581673.153912085,671682.030324292,"Alg",20,24
"2347",241,490471.241200721,579317.093554161,669468.644928583,"Alg",20,24.1
"2348",242,487703.414470988,576882.435052401,667009.210282441,"Alg",20,24.2
"2349",243,485056.392070077,574490.524653532,664882.210145804,"Alg",20,24.3
"2350",244,482128.598288226,572081.519121622,662695.2815503,"Alg",20,24.4
"2351",245,479261.431325894,569598.140013631,660544.020336757,"Alg",20,24.5
"2352",246,476658.330445628,567044.715957518,658447.160112023,"Alg",20,24.6
"2353",247,474334.034931174,564518.080263751,656251.733716207,"Alg",20,24.7
"2354",248,471564.391449974,562002.653484863,653800.680310387,"Alg",20,24.8
"2355",249,469021.664727293,559454.083489794,651483.495349954,"Alg",20,24.9
"2356",250,466432.748441774,556881.744956509,649186.323661805,"Alg",20,25
"2357",251,463700.284403901,554320.110901249,646864.729373198,"Alg",20,25.1
"2358",252,460951.509019914,551791.813224835,644525.058402024,"Alg",20,25.2
"2359",253,458063.914826847,549154.871875706,642291.94316168,"Alg",20,25.3
"2360",254,455232.952831792,546627.242449563,640250.595217136,"Alg",20,25.4
"2361",255,452456.061094307,544126.15561532,638050.702485984,"Alg",20,25.5
"2362",256,449544.440824816,541583.471821775,635801.405075211,"Alg",20,25.6
"2363",257,446695.059846056,538989.472952011,633517.838339604,"Alg",20,25.7
"2364",258,443902.784843934,536323.455524106,631388.088084969,"Alg",20,25.8
"2365",259,441049.079128634,533741.590068341,629002.965926676,"Alg",20,25.9
"2366",260,438405.592683936,531124.470485974,627033.564365467,"Alg",20,26
"2367",261,435777.550380877,528448.03432611,624599.38435687,"Alg",20,26.1
"2368",262,433012.646750616,525732.363012105,622011.895433497,"Alg",20,26.2
"2369",263,430288.065019543,523041.577694036,619988.300520201,"Alg",20,26.3
"2370",264,427276.151620727,520340.823188953,617660.947859288,"Alg",20,26.4
"2371",265,424433.317700254,517588.971321622,615281.178486563,"Alg",20,26.5
"2372",266,421483.542617305,514886.107218001,612946.295451051,"Alg",20,26.6
"2373",267,418637.550373971,512180.909047778,610754.560749839,"Alg",20,26.7
"2374",268,415790.534621589,509368.512373415,608384.326486822,"Alg",20,26.8
"2375",269,413036.055191462,506639.961215279,605808.357628559,"Alg",20,26.9
"2376",270,410306.902856449,503882.602953604,603517.064389323,"Alg",20,27
"2377",271,407582.977179961,501094.54238253,600927.027305586,"Alg",20,27.1
"2378",272,404809.714653147,498317.548469207,598570.853100219,"Alg",20,27.2
"2379",273,401858.932959458,495564.901267599,596339.09869596,"Alg",20,27.3
"2380",274,399180.326442539,492731.401028597,594296.146535308,"Alg",20,27.4
"2381",275,396495.213327003,489794.334317286,591725.30588698,"Alg",20,27.5
"2382",276,393691.882624629,487042.967058077,589408.786860721,"Alg",20,27.6
"2383",277,390812.336614332,484280.108999104,587039.464971762,"Alg",20,27.7
"2384",278,388035.84003027,481500.066214865,584629.075215047,"Alg",20,27.8
"2385",279,385295.746566681,478682.69500188,582474.445320681,"Alg",20,27.9
"2386",280,382591.271536363,475772.162725113,579869.488865091,"Alg",20,28
"2387",281,379813.670698225,472924.874181087,577458.96491741,"Alg",20,28.1
"2388",282,377143.006321938,470110.882797876,574936.615246903,"Alg",20,28.2
"2389",283,374498.226422321,467323.252814725,572396.025694825,"Alg",20,28.3
"2390",284,371740.768995744,464501.377525549,569990.658203679,"Alg",20,28.4
"2391",285,369071.704014073,461721.616521758,567704.297993251,"Alg",20,28.5
"2392",286,366333.651932014,458893.828462805,565101.696074476,"Alg",20,28.6
"2393",287,363657.462954898,456107.250385711,562521.798782103,"Alg",20,28.7
"2394",288,361043.771898165,453352.569106706,560344.045403708,"Alg",20,28.8
"2395",289,358393.170629203,450516.984337808,557986.27498408,"Alg",20,28.9
"2396",290,355700.413001584,447696.160574116,555547.650843494,"Alg",20,29
"2397",291,352878.188839328,444948.977365495,553162.416417088,"Alg",20,29.1
"2398",292,350340.49352307,442188.464933834,550695.847233721,"Alg",20,29.2
"2399",293,347733.042390063,439401.186296852,548066.023405236,"Alg",20,29.3
"2400",294,345112.593425215,436621.697880911,545526.330173413,"Alg",20,29.4
"2401",295,342496.028082828,433857.693699053,542966.463167373,"Alg",20,29.5
"2402",296,339987.966328383,431064.860340826,540389.197554747,"Alg",20,29.6
"2403",297,337441.551993379,428244.084203245,537732.348239665,"Alg",20,29.7
"2404",298,334922.534117546,425519.584217191,535058.597008073,"Alg",20,29.8
"2405",299,332360.085276407,422751.256167726,532522.563524865,"Alg",20,29.9
"2406",300,329906.121022593,419974.254037273,529850.128376841,"Alg",20,30
"2407",301,327379.021905472,417283.238229472,527296.438164891,"Alg",20,30.1
"2408",302,325019.115911017,414516.82903386,524924.083109377,"Alg",20,30.2
"2409",303,322554.334247006,411806.727392194,522575.001075034,"Alg",20,30.3
"2410",304,319995.787917314,409136.698637263,520194.09361441,"Alg",20,30.4
"2411",305,317587.220486272,406460.628782427,517529.876984706,"Alg",20,30.5
"2412",306,315172.069429935,403722.271512024,515084.432047588,"Alg",20,30.6
"2413",307,312831.703199622,400967.92680804,512546.750753278,"Alg",20,30.7
"2414",308,310478.359317034,398266.961984019,510116.014638254,"Alg",20,30.8
"2415",309,308074.544438908,395603.542830077,507408.1658385,"Alg",20,30.9
"2416",310,305798.192837214,392930.906318781,504725.39400723,"Alg",20,31
"2417",311,303466.057588937,390223.134345862,501896.278957016,"Alg",20,31.1
"2418",312,301094.751829807,387600.762057844,499376.912002896,"Alg",20,31.2
"2419",313,298827.263313972,384942.189394125,496840.476083879,"Alg",20,31.3
"2420",314,296484.243405465,382302.983315787,494384.736893597,"Alg",20,31.4
"2421",315,294139.156866353,379696.786550431,491593.198456196,"Alg",20,31.5
"2422",316,291804.343884806,376978.283816417,488998.848940389,"Alg",20,31.6
"2423",317,289555.85384933,374359.595277357,486554.788453407,"Alg",20,31.7
"2424",318,287281.2319361,371782.604536557,484275.622586678,"Alg",20,31.8
"2425",319,285096.680275003,369155.636175287,482055.612278277,"Alg",20,31.9
"2426",320,282844.851619666,366556.505257513,479400.605094114,"Alg",20,32
"2427",321,280589.068265683,363955.932676981,476643.849431283,"Alg",20,32.1
"2428",322,278349.106444126,361372.205688274,474140.287232802,"Alg",20,32.2
"2429",323,276167.496848416,358837.920522925,471782.238009525,"Alg",20,32.3
"2430",324,274022.406668547,356343.607833651,469652.786763186,"Alg",20,32.4
"2431",325,271831.506313364,353827.006569974,466948.711624804,"Alg",20,32.5
"2432",326,269689.614555957,351253.384765519,464413.054107904,"Alg",20,32.6
"2433",327,267506.223820792,348720.915272871,461823.084820206,"Alg",20,32.7
"2434",328,265347.901862861,346222.144744508,459357.373517583,"Alg",20,32.8
"2435",329,263235.819208057,343705.270972325,456683.85391316,"Alg",20,32.9
"2436",330,261133.966936698,341235.596007342,454332.15858988,"Alg",20,33
"2437",331,259060.570341649,338784.067794393,451981.077956204,"Alg",20,33.1
"2438",332,256969.321392635,336305.914827764,449399.253910395,"Alg",20,33.2
"2439",333,254880.290949872,333836.706769816,446794.666352284,"Alg",20,33.3
"2440",334,252795.976503318,331343.702285165,444236.75564052,"Alg",20,33.4
"2441",335,250801.167037672,328918.417872517,442017.007443648,"Alg",20,33.5
"2442",336,248777.995678591,326462.403476249,439777.766012597,"Alg",20,33.6
"2443",337,246782.738705915,324049.011820423,437207.212784982,"Alg",20,33.7
"2444",338,244880.894564425,321626.210918558,434385.316597584,"Alg",20,33.8
"2445",339,242905.650302028,319256.583717054,431775.899490595,"Alg",20,33.9
"2446",340,240932.288926969,316902.908055823,429397.384168661,"Alg",20,34
"2447",341,238971.610359173,314510.009095787,426979.665051061,"Alg",20,34.1
"2448",342,237028.442880045,312173.626037404,424619.715039881,"Alg",20,34.2
"2449",343,235099.220321552,309832.207242114,422010.777951652,"Alg",20,34.3
"2450",344,233182.975087672,307548.615525391,419453.671520152,"Alg",20,34.4
"2451",345,231280.863513461,305195.659533296,416822.408669789,"Alg",20,34.5
"2452",346,229412.176454672,302851.20361976,414327.63735373,"Alg",20,34.6
"2453",347,227577.402024656,300567.115178892,412050.468959987,"Alg",20,34.7
"2454",348,225705.235502278,298298.513667239,409483.476111285,"Alg",20,34.8
"2455",349,223846.221100913,296045.461710949,407038.171877191,"Alg",20,34.9
"2456",350,221969.468120704,293824.236636173,404620.616867428,"Alg",20,35
"2457",351,220145.514737514,291580.853449389,402184.96163573,"Alg",20,35.1
"2458",1,0.0283971856875198,0.0463076191717069,0.0696354461609893,"Daph",20,0.1
"2459",2,0.0286751362028198,0.0466219711740556,0.0699145388185752,"Daph",20,0.2
"2460",3,0.0289554262677589,0.0469440780434783,0.0701354520968396,"Daph",20,0.3
"2461",4,0.0292293025586666,0.0472734840693648,0.0704622462765989,"Daph",20,0.4
"2462",5,0.0295068117299785,0.0476172015601757,0.0706966665824651,"Daph",20,0.5
"2463",6,0.0297880851067363,0.0479616203615817,0.071038313064063,"Daph",20,0.6
"2464",7,0.0300871611663997,0.048307360113074,0.0712947443228668,"Daph",20,0.7
"2465",8,0.0303791447857538,0.0486549554770741,0.0715821674686854,"Daph",20,0.8
"2466",9,0.0306877961605478,0.0490082557489101,0.0718841606704382,"Daph",20,0.9
"2467",10,0.0309922384588894,0.0493602117061828,0.0721924512881917,"Daph",20,1
"2468",11,0.031292426716046,0.0497302719977031,0.0725500487669509,"Daph",20,1.1
"2469",12,0.0315724182447621,0.0500899259178941,0.0729035047902269,"Daph",20,1.2
"2470",13,0.0318959975793797,0.0504413918960796,0.0732870648948622,"Daph",20,1.3
"2471",14,0.0321906267559405,0.0508069780343683,0.0735923248269394,"Daph",20,1.4
"2472",15,0.0325095218027752,0.0511738591944211,0.0739592550497042,"Daph",20,1.5
"2473",16,0.0328332666302047,0.0515481330191316,0.0743312945961135,"Daph",20,1.6
"2474",17,0.0331590701000833,0.0519328672659069,0.0747073954743988,"Daph",20,1.7
"2475",18,0.0334864399212832,0.05230566215184,0.0751087182409854,"Daph",20,1.8
"2476",19,0.0338236086452867,0.0526841885366149,0.0755192611894425,"Daph",20,1.9
"2477",20,0.03416597129472,0.0530909960557128,0.0759130079306058,"Daph",20,2
"2478",21,0.0345221210649122,0.0534914338070039,0.0762587782888488,"Daph",20,2.1
"2479",22,0.0348559427376699,0.0538934402556383,0.076646887853187,"Daph",20,2.2
"2480",23,0.0352281894721487,0.0543059557211316,0.0770477764138243,"Daph",20,2.3
"2481",24,0.0355753736145344,0.0547091445624514,0.0774708624525887,"Daph",20,2.4
"2482",25,0.0359162462311737,0.0551192241042922,0.0778844182648454,"Daph",20,2.5
"2483",26,0.0362566360594022,0.0555470684383393,0.0782747653886487,"Daph",20,2.6
"2484",27,0.0365916744596641,0.0559798848127105,0.0786611284390375,"Daph",20,2.7
"2485",28,0.0369564154036211,0.0564036731445353,0.0791442677419007,"Daph",20,2.8
"2486",29,0.0373302244962374,0.0568208015465304,0.0795912451769294,"Daph",20,2.9
"2487",30,0.0377264772708061,0.0572558566796196,0.0800706850238054,"Daph",20,3
"2488",31,0.0380970455095781,0.0577032345472139,0.0805418894600535,"Daph",20,3.1
"2489",32,0.0384776119558963,0.0581592996397005,0.0809969566767844,"Daph",20,3.2
"2490",33,0.0388451110284144,0.0586081055500791,0.081525138170351,"Daph",20,3.3
"2491",34,0.0392045234750871,0.0590643998911547,0.081974729447458,"Daph",20,3.4
"2492",35,0.0395951625213865,0.0595143852407423,0.0824275987128102,"Daph",20,3.5
"2493",36,0.0400010213517209,0.059973240788344,0.0828922687274346,"Daph",20,3.6
"2494",37,0.0403933607978529,0.0604344957539459,0.0834059029470544,"Daph",20,3.7
"2495",38,0.040805485630455,0.0608938065115101,0.083812035451793,"Daph",20,3.8
"2496",39,0.0412421860180953,0.0613722691326168,0.084322062301206,"Daph",20,3.9
"2497",40,0.041613723813314,0.0618496855985081,0.0848731138928434,"Daph",20,4
"2498",41,0.0420555846994855,0.0623186614791902,0.0853247781630644,"Daph",20,4.1
"2499",42,0.0424822177618939,0.0628175179797796,0.0858161475177757,"Daph",20,4.2
"2500",43,0.0429059867588402,0.0633091908119054,0.0862926082654665,"Daph",20,4.3
"2501",44,0.0433067547464575,0.0637878990631661,0.0868628741603599,"Daph",20,4.4
"2502",45,0.0437448214258562,0.0642746188355738,0.087384966373473,"Daph",20,4.5
"2503",46,0.044207214523863,0.0647767114445042,0.0878902891834651,"Daph",20,4.6
"2504",47,0.0446479214006985,0.0652807699820655,0.0883967373538121,"Daph",20,4.7
"2505",48,0.0450978296779744,0.0657891740202544,0.0889355077478193,"Daph",20,4.8
"2506",49,0.0455516629158489,0.066297862004764,0.0895175623580502,"Daph",20,4.9
"2507",50,0.04601388409978,0.0668173191779132,0.0900418735723747,"Daph",20,5
"2508",51,0.0464830604335491,0.0673406865381971,0.0906141276803405,"Daph",20,5.1
"2509",52,0.0469639059633187,0.0678718815808811,0.0911973521816309,"Daph",20,5.2
"2510",53,0.0474611935280639,0.0684100821685166,0.091803509004078,"Daph",20,5.3
"2511",54,0.0479294909752095,0.068945048653599,0.0923799086556167,"Daph",20,5.4
"2512",55,0.0484020889859111,0.069484661650519,0.0929618856523591,"Daph",20,5.5
"2513",56,0.0489103568222312,0.0700098695585518,0.0935230214015163,"Daph",20,5.6
"2514",57,0.0493841265840657,0.0705413157517968,0.0941054464665498,"Daph",20,5.7
"2515",58,0.0498508532250301,0.0710949881504287,0.0946818496944872,"Daph",20,5.8
"2516",59,0.0503370364967269,0.0716460926356762,0.0953001332600329,"Daph",20,5.9
"2517",60,0.050844374832274,0.0722142019506886,0.0958893957002795,"Daph",20,6
"2518",61,0.0513631580153782,0.0727860948307454,0.09651741724431,"Daph",20,6.1
"2519",62,0.0518792466111799,0.0733588558444184,0.0971184289949871,"Daph",20,6.2
"2520",63,0.0523786275781782,0.0739252789613019,0.0977295748825093,"Daph",20,6.3
"2521",64,0.052896583462259,0.0745064707756732,0.0983930411519973,"Daph",20,6.4
"2522",65,0.0534291980222325,0.0750717372681315,0.0990344043103809,"Daph",20,6.5
"2523",66,0.0539287893469896,0.075645787386701,0.0996209915608087,"Daph",20,6.6
"2524",67,0.0544765816204089,0.0762033973279797,0.100221488018147,"Daph",20,6.7
"2525",68,0.0550453785543494,0.0767757371461611,0.100891954306473,"Daph",20,6.8
"2526",69,0.0555864538203727,0.0773602414220927,0.101610468983428,"Daph",20,6.9
"2527",70,0.0560954876996149,0.0779495559744427,0.102268536060279,"Daph",20,7
"2528",71,0.0566028153257097,0.0785520986873102,0.102881744762266,"Daph",20,7.1
"2529",72,0.0571321699064039,0.0791589888291486,0.103612805762372,"Daph",20,7.2
"2530",73,0.057677212485901,0.0797617402732366,0.104307828161527,"Daph",20,7.3
"2531",74,0.0582107355556076,0.0803831970149619,0.104849076256101,"Daph",20,7.4
"2532",75,0.0587607613537731,0.0809605591118678,0.105581594044763,"Daph",20,7.5
"2533",76,0.0593033820469869,0.0815615876343605,0.106270275940921,"Daph",20,7.6
"2534",77,0.05983970539896,0.0821538081899785,0.106933641906273,"Daph",20,7.7
"2535",78,0.0603598651977408,0.0827719873313119,0.107623228562833,"Daph",20,7.8
"2536",79,0.0609120129439011,0.0834080105137154,0.10832352779151,"Daph",20,7.9
"2537",80,0.0615111936924689,0.084029523571011,0.108964497422979,"Daph",20,8
"2538",81,0.062074452924023,0.0846516884928169,0.109692743948329,"Daph",20,8.1
"2539",82,0.0626785741976944,0.085281806063256,0.110426979789951,"Daph",20,8.2
"2540",83,0.0632520212217599,0.0859091316661616,0.111154846775826,"Daph",20,8.3
"2541",84,0.0638443324921236,0.0865425326847552,0.111920433554505,"Daph",20,8.4
"2542",85,0.0644324343853523,0.087178497325751,0.112563527794868,"Daph",20,8.5
"2543",86,0.0649990495908673,0.0878089617313871,0.113289088865552,"Daph",20,8.6
"2544",87,0.0656189682250767,0.0884529504268577,0.114043502655917,"Daph",20,8.7
"2545",88,0.066215598172818,0.0890940892256387,0.114703953781112,"Daph",20,8.8
"2546",89,0.0668032532853926,0.0897462871323573,0.115509941162316,"Daph",20,8.9
"2547",90,0.0673745236299126,0.0903973376151946,0.116184964045441,"Daph",20,9
"2548",91,0.06796943129848,0.0910578846966599,0.116936914883199,"Daph",20,9.1
"2549",92,0.0685980410354609,0.0917112564996109,0.117671263889182,"Daph",20,9.2
"2550",93,0.0692319488165123,0.0923500541075321,0.118460940905006,"Daph",20,9.3
"2551",94,0.0697912291281982,0.092988290749386,0.119182163646848,"Daph",20,9.4
"2552",95,0.070370934859414,0.0936529739519204,0.119810491410024,"Daph",20,9.5
"2553",96,0.070958249770437,0.0943313744470021,0.12053178656331,"Daph",20,9.6
"2554",97,0.0715949580122399,0.0949924650631886,0.121262108936934,"Daph",20,9.7
"2555",98,0.0722134378591028,0.0956646885294162,0.12200388446478,"Daph",20,9.8
"2556",99,0.0728505820827359,0.0963539921077968,0.122728518139853,"Daph",20,9.9
"2557",100,0.073465695474301,0.0970280342382518,0.123443203105001,"Daph",20,10
"2558",101,0.0740922913485044,0.0977016744833932,0.124114325592194,"Daph",20,10.1
"2559",102,0.0746940642925182,0.0983831244156271,0.124931501807486,"Daph",20,10.2
"2560",103,0.0753071386442497,0.0990571428420031,0.125737167557044,"Daph",20,10.3
"2561",104,0.0759655520901342,0.0997161707862143,0.126467269098636,"Daph",20,10.4
"2562",105,0.0765742046572502,0.100409530559529,0.127170994051891,"Daph",20,10.5
"2563",106,0.077224785208048,0.101109548143369,0.127970635910848,"Daph",20,10.6
"2564",107,0.0778548408376615,0.101756411752919,0.128771527332725,"Daph",20,10.7
"2565",108,0.0784836659662609,0.102430013755712,0.129489502890802,"Daph",20,10.8
"2566",109,0.0790518861690867,0.103087455720913,0.130243730653165,"Daph",20,10.9
"2567",110,0.0796699859438351,0.103731598367835,0.130948655972937,"Daph",20,11
"2568",111,0.0803627428367767,0.10439883462477,0.131655988407216,"Daph",20,11.1
"2569",112,0.0809480773655761,0.105069205216443,0.132327863024397,"Daph",20,11.2
"2570",113,0.0815565272753876,0.105730271301048,0.133097156574703,"Daph",20,11.3
"2571",114,0.082157482891438,0.106413026172093,0.133882404606423,"Daph",20,11.4
"2572",115,0.0827676067570208,0.107086958439363,0.134566932054251,"Daph",20,11.5
"2573",116,0.0834270588960249,0.107754878522667,0.135267699204045,"Daph",20,11.6
"2574",117,0.0839876822939494,0.10842443465371,0.135912451414522,"Daph",20,11.7
"2575",118,0.0845488423195997,0.10908307884092,0.136737619069702,"Daph",20,11.8
"2576",119,0.0851747799463105,0.109748778886592,0.137500727099538,"Daph",20,11.9
"2577",120,0.0857876718343236,0.110397238060229,0.138219474822904,"Daph",20,12
"2578",121,0.0863915151354896,0.111043979885389,0.138901582408514,"Daph",20,12.1
"2579",122,0.0869839549357804,0.111699737909793,0.139602604226303,"Daph",20,12.2
"2580",123,0.0876115916678162,0.112343050952336,0.140375951818559,"Daph",20,12.3
"2581",124,0.0882735010565617,0.112952828199736,0.141079323048296,"Daph",20,12.4
"2582",125,0.088904172387498,0.113608110240194,0.141807735329635,"Daph",20,12.5
"2583",126,0.0895098120882446,0.114258956785326,0.142510707607627,"Daph",20,12.6
"2584",127,0.0901197160730078,0.114896709786596,0.143225666197674,"Daph",20,12.7
"2585",128,0.0907690293366001,0.11552906954283,0.143825057566785,"Daph",20,12.8
"2586",129,0.091353847856055,0.11616215250827,0.1444842937141,"Daph",20,12.9
"2587",130,0.0919757512577726,0.116761465771782,0.14511137107932,"Daph",20,13
"2588",131,0.0924645697093953,0.117362277419547,0.145741903738653,"Daph",20,13.1
"2589",132,0.093099567543918,0.117956900625397,0.146470222960818,"Daph",20,13.2
"2590",133,0.0937034840469219,0.118558146819556,0.147151509248562,"Daph",20,13.3
"2591",134,0.0942638220508064,0.119146952250791,0.147753041159321,"Daph",20,13.4
"2592",135,0.0948574026188998,0.119735363958522,0.148471249529333,"Daph",20,13.5
"2593",136,0.0954283276185034,0.120323045080731,0.149082392617138,"Daph",20,13.6
"2594",137,0.0960122065332497,0.120882898135058,0.149662932674385,"Daph",20,13.7
"2595",138,0.0965709142466522,0.121480828421022,0.150374235776857,"Daph",20,13.8
"2596",139,0.097146506827068,0.122019226157486,0.150904525018247,"Daph",20,13.9
"2597",140,0.0977180889733128,0.122576726803925,0.151527146540127,"Daph",20,14
"2598",141,0.0983144887290872,0.123123053079013,0.152043836100125,"Daph",20,14.1
"2599",142,0.0988382392049011,0.123658707247391,0.152504891389074,"Daph",20,14.2
"2600",143,0.0993341434164972,0.1241945968621,0.153035980014292,"Daph",20,14.3
"2601",144,0.0998766421583818,0.124707418251523,0.153596949011013,"Daph",20,14.4
"2602",145,0.100396891937096,0.125209739186821,0.154074348633943,"Daph",20,14.5
"2603",146,0.100937177033095,0.125701482775205,0.154545377807187,"Daph",20,14.6
"2604",147,0.101489494083363,0.126200969585228,0.155024201161126,"Daph",20,14.7
"2605",148,0.102001041980035,0.126725365307325,0.155592804454438,"Daph",20,14.8
"2606",149,0.102440125364379,0.127212381523326,0.156037367917553,"Daph",20,14.9
"2607",150,0.102953387965213,0.127687721651284,0.156550030148691,"Daph",20,15
"2608",151,0.103457428899266,0.128148285303316,0.156981785067469,"Daph",20,15.1
"2609",152,0.103930109150812,0.128596469364731,0.15743710537516,"Daph",20,15.2
"2610",153,0.104296021786419,0.129002271066031,0.157871319716498,"Daph",20,15.3
"2611",154,0.104777783776358,0.129412622093593,0.15830152264347,"Daph",20,15.4
"2612",155,0.105247892088739,0.129842678673974,0.158682513913342,"Daph",20,15.5
"2613",156,0.105724782756013,0.130244532729383,0.159216736980531,"Daph",20,15.6
"2614",157,0.106169822244948,0.130645675930098,0.15959089442515,"Daph",20,15.7
"2615",158,0.106570438903787,0.131027256183397,0.159969664496148,"Daph",20,15.8
"2616",159,0.106918833154188,0.131401278292618,0.160336827499066,"Daph",20,15.9
"2617",160,0.107243584315191,0.131758268133824,0.160642519674442,"Daph",20,16
"2618",161,0.107576410565512,0.13210257309969,0.160907316652601,"Daph",20,16.1
"2619",162,0.107957068126956,0.13245784900291,0.161130223283404,"Daph",20,16.2
"2620",163,0.108282955047265,0.13279577103076,0.161388706877376,"Daph",20,16.3
"2621",164,0.108604075304441,0.133087555158015,0.161648473908564,"Daph",20,16.4
"2622",165,0.108943907577114,0.133401777829757,0.161821977300867,"Daph",20,16.5
"2623",166,0.109259593879629,0.133682711018895,0.162050623747506,"Daph",20,16.6
"2624",167,0.109590864974919,0.133949660792885,0.162269791163165,"Daph",20,16.7
"2625",168,0.109846950737061,0.134204398120919,0.162646222212777,"Daph",20,16.8
"2626",169,0.110089420324799,0.134414308551786,0.162907996112028,"Daph",20,16.9
"2627",170,0.110278554093494,0.134642783470286,0.163065687492381,"Daph",20,17
"2628",171,0.110497693486048,0.134850697778821,0.163251386515638,"Daph",20,17.1
"2629",172,0.110705791884394,0.135047804849502,0.163348668077613,"Daph",20,17.2
"2630",173,0.110865409873022,0.135241472809252,0.163455928660856,"Daph",20,17.3
"2631",174,0.111040961023074,0.135385784540031,0.16345022512391,"Daph",20,17.4
"2632",175,0.11123096860008,0.13551584685809,0.163521822021442,"Daph",20,17.5
"2633",176,0.111358802106319,0.135646139965978,0.16358703649242,"Daph",20,17.6
"2634",177,0.111488217811258,0.135756461055851,0.163663504273,"Daph",20,17.7
"2635",178,0.111566960241384,0.135835880093011,0.16370886039714,"Daph",20,17.8
"2636",179,0.111726859670035,0.135901025008357,0.163625685575589,"Daph",20,17.9
"2637",180,0.111795741380339,0.135968924014516,0.163552162805329,"Daph",20,18
"2638",181,0.11189044071282,0.13600798807434,0.163460309287565,"Daph",20,18.1
"2639",182,0.1119971721599,0.136047718234082,0.163480540265824,"Daph",20,18.2
"2640",183,0.112033787532877,0.136063837978964,0.163407844009162,"Daph",20,18.3
"2641",184,0.111958483079596,0.136078538585672,0.163284574363347,"Daph",20,18.4
"2642",185,0.111978897391682,0.136037109673216,0.163187727633932,"Daph",20,18.5
"2643",186,0.111976224371584,0.136002763299914,0.163061793704024,"Daph",20,18.6
"2644",187,0.111962967733303,0.135933147628835,0.162915730939451,"Daph",20,18.7
"2645",188,0.111977994095764,0.13588192700629,0.162780528391246,"Daph",20,18.8
"2646",189,0.111885805198511,0.135760771721503,0.162627513525687,"Daph",20,18.9
"2647",190,0.11181438137451,0.135628526904945,0.162488350349769,"Daph",20,19
"2648",191,0.111675948475627,0.13548483249421,0.162258622708385,"Daph",20,19.1
"2649",192,0.11141120414768,0.13538795416434,0.16192413301838,"Daph",20,19.2
"2650",193,0.111265511245236,0.135230821547537,0.161677614705109,"Daph",20,19.3
"2651",194,0.11106343600447,0.135035972677012,0.1614351840837,"Daph",20,19.4
"2652",195,0.110819530866375,0.134852748868112,0.161190435835399,"Daph",20,19.5
"2653",196,0.110630453332014,0.134666907229066,0.160960648497098,"Daph",20,19.6
"2654",197,0.110282433964012,0.134385453065419,0.160665977590276,"Daph",20,19.7
"2655",198,0.110031306852544,0.134160016789533,0.160388142542548,"Daph",20,19.8
"2656",199,0.109678757470817,0.133872128073994,0.159987862985058,"Daph",20,19.9
"2657",200,0.109348067981868,0.133582393290952,0.159595358384544,"Daph",20,20
"2658",201,0.109038305280731,0.133289859580378,0.159250463469741,"Daph",20,20.1
"2659",202,0.108757892259672,0.132970282068722,0.158869503381575,"Daph",20,20.2
"2660",203,0.108402003112052,0.13262901861922,0.158494854885889,"Daph",20,20.3
"2661",204,0.108051717585615,0.132280410174438,0.15815424855153,"Daph",20,20.4
"2662",205,0.107641127523441,0.131880324394146,0.157785595472879,"Daph",20,20.5
"2663",206,0.107234084834618,0.131483985573147,0.15741806638701,"Daph",20,20.6
"2664",207,0.106778525490331,0.131100204164575,0.156973792866262,"Daph",20,20.7
"2665",208,0.106309299742672,0.130649876956272,0.156456091208823,"Daph",20,20.8
"2666",209,0.105747321520839,0.130223291231585,0.156035023055587,"Daph",20,20.9
"2667",210,0.105228453291297,0.129739749238182,0.155571714706718,"Daph",20,21
"2668",211,0.104615300919864,0.129260452481879,0.155119908496859,"Daph",20,21.1
"2669",212,0.103988045524478,0.128738281629214,0.154578993736604,"Daph",20,21.2
"2670",213,0.103344522534267,0.128208844927236,0.154140311593862,"Daph",20,21.3
"2671",214,0.102628123160323,0.127642664101207,0.153570263546497,"Daph",20,21.4
"2672",215,0.101916302112983,0.127109610363806,0.152968660413218,"Daph",20,21.5
"2673",216,0.101145637077571,0.126545691848275,0.152289876674684,"Daph",20,21.6
"2674",217,0.100479176304939,0.125970305892271,0.151704472948103,"Daph",20,21.7
"2675",218,0.0998532260209611,0.12540736024552,0.151181444817142,"Daph",20,21.8
"2676",219,0.0990951411286541,0.124812856475542,0.150669388254206,"Daph",20,21.9
"2677",220,0.0982314937852666,0.124199569108457,0.150024212015508,"Daph",20,22
"2678",221,0.0974051684507369,0.123583876976686,0.149436188966543,"Daph",20,22.1
"2679",222,0.096632425514309,0.122996799103505,0.148732596790115,"Daph",20,22.2
"2680",223,0.0957193738099318,0.122359184036691,0.148024660502376,"Daph",20,22.3
"2681",224,0.0948342121674093,0.121715579999147,0.147460366602597,"Daph",20,22.4
"2682",225,0.093975149178994,0.121019966809604,0.146875897534242,"Daph",20,22.5
"2683",226,0.0930198408105006,0.120309727280664,0.146242054046397,"Daph",20,22.6
"2684",227,0.0920945240064021,0.11959349792637,0.145588424171107,"Daph",20,22.7
"2685",228,0.091137586741776,0.118889091308617,0.144939012522301,"Daph",20,22.8
"2686",229,0.0902212910157049,0.118115759444811,0.144254413459062,"Daph",20,22.9
"2687",230,0.0893171570717299,0.117367749137748,0.143596961354465,"Daph",20,23
"2688",231,0.0883339667077983,0.116598199993538,0.142884356159164,"Daph",20,23.1
"2689",232,0.0873904026394089,0.11583940106161,0.14212415883197,"Daph",20,23.2
"2690",233,0.0864172412624229,0.115054039918818,0.141391495738159,"Daph",20,23.3
"2691",234,0.0853011113189583,0.114270637104495,0.140710905952242,"Daph",20,23.4
"2692",235,0.0843128218254917,0.113447441192921,0.139908194103122,"Daph",20,23.5
"2693",236,0.0832877359114105,0.112622099018085,0.139240222424083,"Daph",20,23.6
"2694",237,0.0822495749003997,0.111800004669615,0.13849344137762,"Daph",20,23.7
"2695",238,0.081206478735018,0.110978003706857,0.137749643455414,"Daph",20,23.8
"2696",239,0.0800578220303107,0.110102875642491,0.136920962323229,"Daph",20,23.9
"2697",240,0.0789764579878938,0.109235610710749,0.13622087882645,"Daph",20,24
"2698",241,0.0778928760484956,0.108396871599106,0.135433785295149,"Daph",20,24.1
"2699",242,0.0767805244537278,0.107541017153469,0.134635167505582,"Daph",20,24.2
"2700",243,0.0756577402395137,0.106674787297338,0.133802972057539,"Daph",20,24.3
"2701",244,0.0745420337103949,0.105801851279133,0.133081430231976,"Daph",20,24.4
"2702",245,0.0734467971087747,0.10493016722757,0.132277088356811,"Daph",20,24.5
"2703",246,0.0723864900123592,0.104032781424132,0.131458166714145,"Daph",20,24.6
"2704",247,0.0712379279338544,0.103121891355305,0.130599106390109,"Daph",20,24.7
"2705",248,0.0701238030599922,0.102212342586034,0.129778763580709,"Daph",20,24.8
"2706",249,0.0690848107870097,0.101247214777658,0.128956965338852,"Daph",20,24.9
"2707",250,0.0679779280422666,0.100328925181421,0.128122119732661,"Daph",20,25
"2708",251,0.0668913095095728,0.0993909617733244,0.127349230213138,"Daph",20,25.1
"2709",252,0.0657827223997806,0.0984767402158775,0.126513194743964,"Daph",20,25.2
"2710",253,0.0646840571913416,0.0975524723062031,0.125660155615989,"Daph",20,25.3
"2711",254,0.0636023777693373,0.0966434059220888,0.12474777523611,"Daph",20,25.4
"2712",255,0.0624816107195857,0.0956811689506574,0.123938253595329,"Daph",20,25.5
"2713",256,0.0614089147056463,0.0947444603686666,0.123048413500961,"Daph",20,25.6
"2714",257,0.0603424984024002,0.0937860393716665,0.12226262832394,"Daph",20,25.7
"2715",258,0.0592341073871212,0.0928322572392788,0.121414794913846,"Daph",20,25.8
"2716",259,0.0580513607662799,0.0918673096466765,0.120467699645775,"Daph",20,25.9
"2717",260,0.0570085209143966,0.0908834006671372,0.119642639209919,"Daph",20,26
"2718",261,0.0559671334437633,0.0899077242759987,0.118686154296531,"Daph",20,26.1
"2719",262,0.0549851542827664,0.088928599723297,0.11783383652844,"Daph",20,26.2
"2720",263,0.0539001880436056,0.0879555693215697,0.116949387453473,"Daph",20,26.3
"2721",264,0.052826867160693,0.0869638192486193,0.116162261402406,"Daph",20,26.4
"2722",265,0.0517919757843912,0.085945539772007,0.115318312470603,"Daph",20,26.5
"2723",266,0.0508152064143766,0.0849844315287867,0.114417520319398,"Daph",20,26.6
"2724",267,0.0497438022234653,0.0840243876843229,0.113619434009865,"Daph",20,26.7
"2725",268,0.0488017545514517,0.0830308646843671,0.112761235910405,"Daph",20,26.8
"2726",269,0.0478024053208258,0.0820506924384054,0.111841072081779,"Daph",20,26.9
"2727",270,0.0468824693975065,0.0810863714455649,0.110926893521246,"Daph",20,27
"2728",271,0.0459608761191096,0.0801193511730001,0.11012167825177,"Daph",20,27.1
"2729",272,0.0450328831570447,0.0791545431821615,0.109293667202174,"Daph",20,27.2
"2730",273,0.0440928271989517,0.0781996726020841,0.108492310414737,"Daph",20,27.3
"2731",274,0.0431901012428496,0.0772472832565129,0.10762633790194,"Daph",20,27.4
"2732",275,0.0422273957435578,0.07629552945354,0.106681468226643,"Daph",20,27.5
"2733",276,0.0413445091590721,0.0753379517242318,0.10574079332395,"Daph",20,27.6
"2734",277,0.0404740607215464,0.0743847872532765,0.104902784961333,"Daph",20,27.7
"2735",278,0.0397010853326797,0.0734304011924921,0.104037409709022,"Daph",20,27.8
"2736",279,0.038729141934744,0.0724911358859518,0.103181880609921,"Daph",20,27.9
"2737",280,0.0378384973380326,0.0715428969000556,0.102258981205082,"Daph",20,28
"2738",281,0.0370123880954169,0.0706021499965897,0.101442133676182,"Daph",20,28.1
"2739",282,0.0361903191233564,0.0696810172498615,0.100536086016965,"Daph",20,28.2
"2740",283,0.0353820416324008,0.0687333492647053,0.0996762066720106,"Daph",20,28.3
"2741",284,0.034550928042477,0.0678368975459206,0.0988418400129398,"Daph",20,28.4
"2742",285,0.0337647900144987,0.0669479107553438,0.0979723997667423,"Daph",20,28.5
"2743",286,0.0330193790579013,0.0660188303050439,0.0970263591956785,"Daph",20,28.6
"2744",287,0.0321977142258691,0.0651262005978112,0.0961262578920918,"Daph",20,28.7
"2745",288,0.0315004052514429,0.0642351326633443,0.0952498387299342,"Daph",20,28.8
"2746",289,0.0307495204147755,0.0633491912761547,0.0944192611911541,"Daph",20,28.9
"2747",290,0.0299225190548383,0.0624614779413771,0.0935380643700104,"Daph",20,29
"2748",291,0.0292339728694173,0.0615568375744346,0.0926249217844203,"Daph",20,29.1
"2749",292,0.0285448806248967,0.0606974423782324,0.0917268899242646,"Daph",20,29.2
"2750",293,0.0278455972422341,0.0598169915177497,0.0908295740436931,"Daph",20,29.3
"2751",294,0.0271385846807413,0.058944529565956,0.0899706760689772,"Daph",20,29.4
"2752",295,0.0264749973063482,0.0580668685195474,0.0891313522080384,"Daph",20,29.5
"2753",296,0.0257991876867595,0.0572228123565648,0.0883313427912488,"Daph",20,29.6
"2754",297,0.0251057963606044,0.0563960233478306,0.0874598824905834,"Daph",20,29.7
"2755",298,0.0244797069843572,0.0555755790517072,0.0866188057653751,"Daph",20,29.8
"2756",299,0.0238463641672441,0.0547366749518195,0.0857126989803488,"Daph",20,29.9
"2757",300,0.0232333039634948,0.0539131675830655,0.0849008418149446,"Daph",20,30
"2758",301,0.0226228016279692,0.0530834682696152,0.0840050086309169,"Daph",20,30.1
"2759",302,0.0220703689211168,0.0522853864092775,0.0832007084470613,"Daph",20,30.2
"2760",303,0.0215410899038446,0.0514803607262718,0.0823995019181873,"Daph",20,30.3
"2761",304,0.0209223082686314,0.0506857609521861,0.0815744215909228,"Daph",20,30.4
"2762",305,0.0203693519292149,0.0499013762643084,0.0807430697041347,"Daph",20,30.5
"2763",306,0.0198165779211711,0.049115620781572,0.0799364067614963,"Daph",20,30.6
"2764",307,0.0193731141568961,0.0483649407204994,0.0791059896267404,"Daph",20,30.7
"2765",308,0.0189492168786531,0.0475843345847942,0.0782823640576958,"Daph",20,30.8
"2766",309,0.0183924278609999,0.0468349858677991,0.0775034267112368,"Daph",20,30.9
"2767",310,0.0179395077469247,0.0460973159922738,0.0766554757277655,"Daph",20,31
"2768",311,0.0174703189854841,0.0453760724811494,0.0759033243187024,"Daph",20,31.1
"2769",312,0.0170164479415267,0.0446861184769265,0.0751013151721723,"Daph",20,31.2
"2770",313,0.0165870717798747,0.0439707757349475,0.0742827594938519,"Daph",20,31.3
"2771",314,0.0161307120786032,0.043254242193596,0.073550535811268,"Daph",20,31.4
"2772",315,0.015663146680212,0.0425605782855733,0.0727300256414441,"Daph",20,31.5
"2773",316,0.0152461566016452,0.0418553912005341,0.0719130820981792,"Daph",20,31.6
"2774",317,0.0148476802167953,0.0411581389362437,0.0711627928407845,"Daph",20,31.7
"2775",318,0.0144692312238634,0.0404854496451045,0.0703485659348402,"Daph",20,31.8
"2776",319,0.0141147265158603,0.0398262240341939,0.0695560809728697,"Daph",20,31.9
"2777",320,0.013711117131625,0.039161945251818,0.0688017246548567,"Daph",20,32
"2778",321,0.0133351135732937,0.0385230799181892,0.0680717664975674,"Daph",20,32.1
"2779",322,0.0129875571314668,0.0378858402838456,0.0673404068897297,"Daph",20,32.2
"2780",323,0.0126387566294731,0.037246370675496,0.0665802889827243,"Daph",20,32.3
"2781",324,0.0123209273871774,0.0366086452761644,0.0658682855931816,"Daph",20,32.4
"2782",325,0.011983551114164,0.0359956995042406,0.0651647779634583,"Daph",20,32.5
"2783",326,0.0116437574603325,0.0353895371545932,0.0644593162981739,"Daph",20,32.6
"2784",327,0.0113123232201146,0.0347818154107861,0.0637576850343706,"Daph",20,32.7
"2785",328,0.0109968685798724,0.0341882478382907,0.0630472248159658,"Daph",20,32.8
"2786",329,0.0107039064063612,0.0336082621033123,0.0623318200802011,"Daph",20,32.9
"2787",330,0.0104208615582953,0.033020287991283,0.0616336759413603,"Daph",20,33
"2788",331,0.0101404871475969,0.0324353713669834,0.0609555008906935,"Daph",20,33.1
"2789",332,0.00986683032045685,0.0318777288449016,0.0602524731019329,"Daph",20,33.2
"2790",333,0.00957914710991987,0.0313069528302496,0.0595563865360316,"Daph",20,33.3
"2791",334,0.00930739353604452,0.0307511433080623,0.0588760424711945,"Daph",20,33.4
"2792",335,0.00900986932936884,0.0301954004779184,0.0582066123782723,"Daph",20,33.5
"2793",336,0.00876990992807104,0.0296752026243442,0.0574964620937605,"Daph",20,33.6
"2794",337,0.00850683736765351,0.0291546462080519,0.0568172809523037,"Daph",20,33.7
"2795",338,0.00826747275851568,0.0286432313147359,0.0561669587370046,"Daph",20,33.8
"2796",339,0.00803497797783183,0.0281442473464092,0.0554804778749246,"Daph",20,33.9
"2797",340,0.00780907138762273,0.0276531830633126,0.0548557929478431,"Daph",20,34
"2798",341,0.00759243728926623,0.0271459295998056,0.05419390866367,"Daph",20,34.1
"2799",342,0.00739927545029677,0.0266639458856317,0.0535287411133101,"Daph",20,34.2
"2800",343,0.00718215340237189,0.0261656913893803,0.0528432871185077,"Daph",20,34.3
"2801",344,0.00696960656951517,0.0256961316510313,0.0521990421223338,"Daph",20,34.4
"2802",345,0.00677310733748325,0.0252324250469139,0.0515303960497651,"Daph",20,34.5
"2803",346,0.00658187556796342,0.0247677986208609,0.0508941672833895,"Daph",20,34.6
"2804",347,0.00639587610958414,0.0243031830743085,0.0502179501704722,"Daph",20,34.7
"2805",348,0.00621752985732101,0.0238586389833029,0.0495958929766437,"Daph",20,34.8
"2806",349,0.00604435424652788,0.0234311805953812,0.0489350977652248,"Daph",20,34.9
"2807",350,0.0058713400045105,0.0230003663146399,0.048307915373396,"Daph",20,35
"2808",351,0.00571068743713981,0.0225715069398245,0.0477044165090262,"Daph",20,35.1
"2809",1,0.005126114194586,0.00591016211806524,0.00681038020085598,"Hydra",20,0.1
"2810",2,0.00514866702185301,0.00592669863917924,0.00682060503195748,"Hydra",20,0.2
"2811",3,0.00517145681237668,0.00594339028772765,0.00683152531657061,"Hydra",20,0.3
"2812",4,0.00519212806744238,0.00596061858078998,0.00684558327831972,"Hydra",20,0.4
"2813",5,0.00521517751422172,0.00597870672880665,0.00686127456428422,"Hydra",20,0.5
"2814",6,0.00523814454027012,0.00599548624430004,0.00687434071207908,"Hydra",20,0.6
"2815",7,0.00525920257045659,0.00601356543989222,0.00688654126021681,"Hydra",20,0.7
"2816",8,0.00528199907458808,0.00603121049658094,0.00690067605296645,"Hydra",20,0.8
"2817",9,0.00530387625598821,0.00604893970776368,0.00691687907035083,"Hydra",20,0.9
"2818",10,0.00532608727857234,0.00606747452429975,0.00692959432534744,"Hydra",20,1
"2819",11,0.00534978784335997,0.00608651723783539,0.00694254033584012,"Hydra",20,1.1
"2820",12,0.00536937695459282,0.00610516402991684,0.00695739736016113,"Hydra",20,1.2
"2821",13,0.00539627088972501,0.00612383085899862,0.00697308065989218,"Hydra",20,1.3
"2822",14,0.00542035839283561,0.00614376033380391,0.00698900012408789,"Hydra",20,1.4
"2823",15,0.00544316927131667,0.00616377263305876,0.00700547023008168,"Hydra",20,1.5
"2824",16,0.00546627874344848,0.00618502405946519,0.00702125479515299,"Hydra",20,1.6
"2825",17,0.00549437230456948,0.00620560215858451,0.00703897629400059,"Hydra",20,1.7
"2826",18,0.0055194491044917,0.00622655989905952,0.00705795528175996,"Hydra",20,1.8
"2827",19,0.00554662418215426,0.00624832375797871,0.00707810192548243,"Hydra",20,1.9
"2828",20,0.00557038314823046,0.00626962259432327,0.00709701525072029,"Hydra",20,2
"2829",21,0.00559462818787543,0.00629201441108473,0.00711603305594905,"Hydra",20,2.1
"2830",22,0.0056179252421282,0.00631500049792487,0.00713672030195054,"Hydra",20,2.2
"2831",23,0.00564392973526753,0.00633791153017144,0.00715582219480713,"Hydra",20,2.3
"2832",24,0.00566889888556606,0.00636141399848622,0.00717642686316237,"Hydra",20,2.4
"2833",25,0.00569644577255458,0.00638564981248079,0.00719845040277022,"Hydra",20,2.5
"2834",26,0.00572176372413534,0.00640892201409165,0.0072209176294365,"Hydra",20,2.6
"2835",27,0.00574855241351944,0.0064332596160006,0.00724163065724027,"Hydra",20,2.7
"2836",28,0.00577307729393769,0.00645804406370515,0.00726437207657099,"Hydra",20,2.8
"2837",29,0.00580068243063622,0.00648311145857442,0.00728917152816215,"Hydra",20,2.9
"2838",30,0.00582638124027465,0.00650841793289505,0.0073159816435028,"Hydra",20,3
"2839",31,0.00585301024311192,0.00653444719071654,0.00733983465330369,"Hydra",20,3.1
"2840",32,0.00588011205366212,0.00656044802091975,0.00736338140178252,"Hydra",20,3.2
"2841",33,0.00590915323014874,0.00658653910465756,0.00738953532601513,"Hydra",20,3.3
"2842",34,0.00593943102843484,0.00661378497323236,0.0074156861074331,"Hydra",20,3.4
"2843",35,0.00596614412995525,0.00664187919588874,0.00744451062260007,"Hydra",20,3.5
"2844",36,0.00599292359563313,0.0066696147974725,0.00747035377452451,"Hydra",20,3.6
"2845",37,0.00602402974542734,0.006698335418211,0.00749898797195261,"Hydra",20,3.7
"2846",38,0.00605455296139291,0.00672750230526905,0.00752685643370595,"Hydra",20,3.8
"2847",39,0.00608217424100985,0.00675653320443469,0.0075562449445164,"Hydra",20,3.9
"2848",40,0.00611312213915731,0.00678677301456844,0.00758523694662845,"Hydra",20,4
"2849",41,0.00614269697945146,0.00681749230309324,0.00761398968006749,"Hydra",20,4.1
"2850",42,0.00617271383303554,0.00684774962060105,0.0076431366900994,"Hydra",20,4.2
"2851",43,0.00620329032917546,0.0068788083021102,0.00767418603842687,"Hydra",20,4.3
"2852",44,0.00623588372340997,0.00690944695625215,0.00770668900872189,"Hydra",20,4.4
"2853",45,0.00626835482801734,0.00694173408871184,0.00774040964678607,"Hydra",20,4.5
"2854",46,0.00630113237879135,0.00697531780606447,0.00777339914838789,"Hydra",20,4.6
"2855",47,0.00633291530371932,0.00700773175149191,0.00780609895122878,"Hydra",20,4.7
"2856",48,0.00636465958324307,0.00704155177827548,0.00784022582947519,"Hydra",20,4.8
"2857",49,0.00639774771709827,0.0070758290591415,0.00788008554162706,"Hydra",20,4.9
"2858",50,0.00643270560640381,0.00711184564537809,0.00791630003982876,"Hydra",20,5
"2859",51,0.00646896471722103,0.0071466431411563,0.00795559835799771,"Hydra",20,5.1
"2860",52,0.00650086807830433,0.00718250576314651,0.00799204529433319,"Hydra",20,5.2
"2861",53,0.00653657585198231,0.00721919471741323,0.00803005948178596,"Hydra",20,5.3
"2862",54,0.00657316524449842,0.00725631972178712,0.00807210460471478,"Hydra",20,5.4
"2863",55,0.00660703124569834,0.00729340694607919,0.00811521396329409,"Hydra",20,5.5
"2864",56,0.00664216104241093,0.00733096974733613,0.0081587069715744,"Hydra",20,5.6
"2865",57,0.00667776052019089,0.00736963640053149,0.0082044352632231,"Hydra",20,5.7
"2866",58,0.00671434536726294,0.00740881071795079,0.00824894375739891,"Hydra",20,5.8
"2867",59,0.00675147567344526,0.00744928949928473,0.00829397630212962,"Hydra",20,5.9
"2868",60,0.00678698247188578,0.00748948928921063,0.00833896758790522,"Hydra",20,6
"2869",61,0.00682521295608458,0.00753069377145787,0.00838571603060304,"Hydra",20,6.1
"2870",62,0.0068638538053991,0.00757242972440724,0.00843229798275954,"Hydra",20,6.2
"2871",63,0.00690245449948882,0.00761532152522247,0.00847957324188542,"Hydra",20,6.3
"2872",64,0.00694489233761077,0.00765808406716263,0.00852816101089107,"Hydra",20,6.4
"2873",65,0.00698367253815311,0.00770286433845221,0.00857856155060216,"Hydra",20,6.5
"2874",66,0.00702226055636931,0.00774764932120066,0.00862630280337796,"Hydra",20,6.6
"2875",67,0.00706048407747022,0.00779210899082432,0.00868114788969402,"Hydra",20,6.7
"2876",68,0.0071013014861784,0.00783738346147124,0.00873895074690378,"Hydra",20,6.8
"2877",69,0.00714185000588097,0.00788270276556226,0.00879774011833615,"Hydra",20,6.9
"2878",70,0.00718305134223862,0.00793052168242158,0.00885393783022797,"Hydra",20,7
"2879",71,0.00722503871513634,0.00797808533319258,0.0089136929147466,"Hydra",20,7.1
"2880",72,0.0072677092161514,0.00802619184413019,0.00897342235936358,"Hydra",20,7.2
"2881",73,0.00731102154835465,0.00807400899080417,0.00902895435548154,"Hydra",20,7.3
"2882",74,0.00735695190934102,0.00812432737826874,0.00908679495347878,"Hydra",20,7.4
"2883",75,0.00740055153980704,0.00817496127746897,0.00914819017577127,"Hydra",20,7.5
"2884",76,0.00744490328236571,0.00822628145629832,0.0092109245353934,"Hydra",20,7.6
"2885",77,0.00748809377333756,0.00827780586322091,0.00927177716583451,"Hydra",20,7.7
"2886",78,0.00753460012182032,0.00832995818628164,0.00933479413209835,"Hydra",20,7.8
"2887",79,0.00758173922317422,0.00838284313050908,0.00939939523023167,"Hydra",20,7.9
"2888",80,0.00762784775141025,0.00843737841288131,0.00946375464154754,"Hydra",20,8
"2889",81,0.00767632953363531,0.00849187419221932,0.0095314490066451,"Hydra",20,8.1
"2890",82,0.00772459493338855,0.00854774476533206,0.0096019339033437,"Hydra",20,8.2
"2891",83,0.00777289210121658,0.0086042349607539,0.00967371072812153,"Hydra",20,8.3
"2892",84,0.00782239635345609,0.00866177575336455,0.009745901211839,"Hydra",20,8.4
"2893",85,0.00787425271430163,0.00872054525538957,0.00981682617239322,"Hydra",20,8.5
"2894",86,0.00792438871433153,0.00878032106825885,0.00989393656676388,"Hydra",20,8.6
"2895",87,0.00797738176758002,0.00884061842627624,0.0099705785922006,"Hydra",20,8.7
"2896",88,0.00802855070401445,0.0089021560999089,0.0100530284221848,"Hydra",20,8.8
"2897",89,0.0080803365547987,0.00896303826082638,0.0101319772968208,"Hydra",20,8.9
"2898",90,0.00813337173845365,0.00902538117069018,0.0102102692200087,"Hydra",20,9
"2899",91,0.00818765442114705,0.00908855418963455,0.0102920538625114,"Hydra",20,9.1
"2900",92,0.00824446766567907,0.00915300797235936,0.0103732201181506,"Hydra",20,9.2
"2901",93,0.00830104289181531,0.00921778023151377,0.0104563401797249,"Hydra",20,9.3
"2902",94,0.00835860920338553,0.00928371192781676,0.010543089558314,"Hydra",20,9.4
"2903",95,0.00841791690193657,0.00935162210343322,0.0106320775503839,"Hydra",20,9.5
"2904",96,0.00847644229490062,0.00942043590913911,0.0107231541236434,"Hydra",20,9.6
"2905",97,0.00853617229894828,0.00948962473639278,0.0108172244494243,"Hydra",20,9.7
"2906",98,0.00859818590323825,0.00955892559627499,0.0109088753211878,"Hydra",20,9.8
"2907",99,0.00865854606621703,0.00962960758461607,0.0110028466455004,"Hydra",20,9.9
"2908",100,0.0087191190439322,0.00970160762055941,0.0110934774421982,"Hydra",20,10
"2909",101,0.00878010180234958,0.00977467113044287,0.0111857900591519,"Hydra",20,10.1
"2910",102,0.00884525286336136,0.00985027742646348,0.0112827509255332,"Hydra",20,10.2
"2911",103,0.00890833882536825,0.00992498104534044,0.0113852342378874,"Hydra",20,10.3
"2912",104,0.00897291575479113,0.0100002866545326,0.0114847655939912,"Hydra",20,10.4
"2913",105,0.00903930683335677,0.010076437290821,0.0115886035709713,"Hydra",20,10.5
"2914",106,0.00910478233462544,0.0101535532269688,0.0116955665427301,"Hydra",20,10.6
"2915",107,0.00917139514884406,0.010232742660157,0.0118032198017722,"Hydra",20,10.7
"2916",108,0.00924005259655524,0.0103115061141873,0.0119124495981519,"Hydra",20,10.8
"2917",109,0.00931076658355437,0.0103926431896003,0.0120176337440597,"Hydra",20,10.9
"2918",110,0.00938025745088152,0.0104751804561611,0.0121296274360247,"Hydra",20,11
"2919",111,0.00945124780347137,0.0105592594909117,0.0122431267259381,"Hydra",20,11.1
"2920",112,0.00952273014059642,0.0106428840927725,0.0123618948896043,"Hydra",20,11.2
"2921",113,0.00959765545459646,0.010727873235399,0.0124747744133609,"Hydra",20,11.3
"2922",114,0.00967192243829659,0.0108142314026729,0.0125903729466355,"Hydra",20,11.4
"2923",115,0.00974584185330274,0.0109025825264453,0.012710362755725,"Hydra",20,11.5
"2924",116,0.00982009870147418,0.0109913125652139,0.0128329458082466,"Hydra",20,11.6
"2925",117,0.00989902564985308,0.0110822485886523,0.0129593285440257,"Hydra",20,11.7
"2926",118,0.00997603142068638,0.0111749861811307,0.0130844453072179,"Hydra",20,11.8
"2927",119,0.0100512617532282,0.0112682054510955,0.0132142015251174,"Hydra",20,11.9
"2928",120,0.010130428197547,0.0113633229552281,0.0133452781173818,"Hydra",20,12
"2929",121,0.0102123042451805,0.01145946450849,0.0134741645169485,"Hydra",20,12.1
"2930",122,0.0102909483116045,0.0115556940558144,0.0136056951835392,"Hydra",20,12.2
"2931",123,0.0103718848454099,0.0116527989662584,0.0137404438051022,"Hydra",20,12.3
"2932",124,0.0104545673246218,0.0117507148165543,0.0138854152430965,"Hydra",20,12.4
"2933",125,0.010540450398823,0.0118514426893642,0.0140277218139355,"Hydra",20,12.5
"2934",126,0.0106280819877409,0.0119535338005254,0.014171556183006,"Hydra",20,12.6
"2935",127,0.0107147824790966,0.0120556363101973,0.0143196319702094,"Hydra",20,12.7
"2936",128,0.0108004508256754,0.0121584846998548,0.0144677504458915,"Hydra",20,12.8
"2937",129,0.0108888640353647,0.0122653195368221,0.0146171924544571,"Hydra",20,12.9
"2938",130,0.0109820264458876,0.0123723801927574,0.0147692681336516,"Hydra",20,13
"2939",131,0.0110724957097157,0.0124793199241362,0.0149195906587848,"Hydra",20,13.1
"2940",132,0.0111654121481048,0.0125893258409245,0.015083005616181,"Hydra",20,13.2
"2941",133,0.0112562161448041,0.0127005045504316,0.0152418150810516,"Hydra",20,13.3
"2942",134,0.0113532513263725,0.01281229296497,0.0153906657279883,"Hydra",20,13.4
"2943",135,0.0114485569735991,0.0129261981659114,0.0155587834010922,"Hydra",20,13.5
"2944",136,0.0115420777614983,0.0130420889390527,0.015727821938411,"Hydra",20,13.6
"2945",137,0.0116392734746729,0.0131579360967705,0.0158945245737956,"Hydra",20,13.7
"2946",138,0.0117345925050743,0.0132742868254818,0.0160640854726424,"Hydra",20,13.8
"2947",139,0.0118328224640665,0.0133977400260384,0.0162363108145876,"Hydra",20,13.9
"2948",140,0.0119333997519414,0.0135169963889612,0.0164128950856913,"Hydra",20,14
"2949",141,0.0120354763949282,0.0136379321838934,0.0165918955546155,"Hydra",20,14.1
"2950",142,0.01213763078601,0.0137628952195463,0.0167695663520722,"Hydra",20,14.2
"2951",143,0.0122401287991684,0.0138864647006424,0.016940509635616,"Hydra",20,14.3
"2952",144,0.0123448842319565,0.0140117702085109,0.0171133859587733,"Hydra",20,14.4
"2953",145,0.0124487638880604,0.0141414436706553,0.0172977336781912,"Hydra",20,14.5
"2954",146,0.0125570092359607,0.0142700748348357,0.017485783692357,"Hydra",20,14.6
"2955",147,0.0126687247872805,0.0143996930310033,0.0176650085302353,"Hydra",20,14.7
"2956",148,0.0127744039845016,0.0145326136138301,0.017863625426298,"Hydra",20,14.8
"2957",149,0.0128811633901412,0.0146654551851585,0.0180645936780622,"Hydra",20,14.9
"2958",150,0.0129968744492511,0.0148008634896954,0.0182622391510482,"Hydra",20,15
"2959",151,0.013110753731263,0.0149375486814569,0.0184536798712661,"Hydra",20,15.1
"2960",152,0.0132245734312302,0.0150774119325283,0.018648456625954,"Hydra",20,15.2
"2961",153,0.0133404998369056,0.0152163521275692,0.018849197307533,"Hydra",20,15.3
"2962",154,0.0134559004289162,0.0153577258893916,0.0190558669172641,"Hydra",20,15.4
"2963",155,0.0135737932241879,0.0154996251186016,0.0192625584536426,"Hydra",20,15.5
"2964",156,0.0136921150501393,0.0156440808615499,0.0194708145224454,"Hydra",20,15.6
"2965",157,0.0138133716083042,0.0157904279486809,0.019680565427308,"Hydra",20,15.7
"2966",158,0.0139371507219173,0.015938113175135,0.0198933817534208,"Hydra",20,15.8
"2967",159,0.0140595689385506,0.0160893700564169,0.0201036728794947,"Hydra",20,15.9
"2968",160,0.0141781175530491,0.0162392566769372,0.0203184040821763,"Hydra",20,16
"2969",161,0.0143019131886783,0.01638978331534,0.0205337973859855,"Hydra",20,16.1
"2970",162,0.0144230016635793,0.0165434724591927,0.0207521009401363,"Hydra",20,16.2
"2971",163,0.01455072784145,0.0166973120178553,0.0209724094039543,"Hydra",20,16.3
"2972",164,0.0146802342587591,0.0168546444082185,0.0211989812936654,"Hydra",20,16.4
"2973",165,0.0148090778362493,0.0170149484710713,0.0214164245505126,"Hydra",20,16.5
"2974",166,0.0149412069545134,0.0171737767136228,0.0216380018299189,"Hydra",20,16.6
"2975",167,0.0150697380460553,0.017335072274801,0.0218578035960399,"Hydra",20,16.7
"2976",168,0.0151992989512118,0.0174963272206666,0.0220848703998082,"Hydra",20,16.8
"2977",169,0.0153307996136534,0.0176614260342841,0.0223075164307122,"Hydra",20,16.9
"2978",170,0.015465421862969,0.0178257250374276,0.0225360114471142,"Hydra",20,17
"2979",171,0.0155958449947751,0.0179908789449417,0.0227681003951819,"Hydra",20,17.1
"2980",172,0.0157319443891408,0.0181569925118975,0.022995029370794,"Hydra",20,17.2
"2981",173,0.0158691322350119,0.0183266427863654,0.023240155575361,"Hydra",20,17.3
"2982",174,0.0160099296952374,0.0184957612786952,0.0234731028643401,"Hydra",20,17.4
"2983",175,0.0161557046195975,0.0186694967458001,0.0237073573750088,"Hydra",20,17.5
"2984",176,0.0163019365245275,0.0188432137341456,0.0239376140298515,"Hydra",20,17.6
"2985",177,0.0164367990448585,0.0190151053338624,0.0241792341043887,"Hydra",20,17.7
"2986",178,0.0165806542903612,0.0191935353983924,0.0244167505439875,"Hydra",20,17.8
"2987",179,0.0167243339488292,0.019372595478806,0.0246578543556091,"Hydra",20,17.9
"2988",180,0.016865206091952,0.0195506041687,0.024899280504121,"Hydra",20,18
"2989",181,0.0170124676204661,0.0197258755286475,0.0251503250144769,"Hydra",20,18.1
"2990",182,0.0171558819819547,0.0199049065186836,0.0253869566629508,"Hydra",20,18.2
"2991",183,0.0172998876389296,0.0200841889478441,0.0256257448649893,"Hydra",20,18.3
"2992",184,0.017444235400718,0.0202668807993411,0.0258790416368201,"Hydra",20,18.4
"2993",185,0.0175911956386739,0.0204521110281299,0.0261124305170384,"Hydra",20,18.5
"2994",186,0.0177395866450516,0.0206366103245368,0.0263579644069205,"Hydra",20,18.6
"2995",187,0.0178935889239801,0.0208187945778047,0.0266049912984189,"Hydra",20,18.7
"2996",188,0.018042588693765,0.0210065849325589,0.0268377180775072,"Hydra",20,18.8
"2997",189,0.0181963806571748,0.0211946268731113,0.0270866412577471,"Hydra",20,18.9
"2998",190,0.0183491370273207,0.0213842143241415,0.0273250224856871,"Hydra",20,19
"2999",191,0.0185025741283426,0.0215722746513687,0.0275788154567016,"Hydra",20,19.1
"3000",192,0.0186543175224694,0.0217630564100409,0.0278307579551576,"Hydra",20,19.2
"3001",193,0.018803926755928,0.0219547964952715,0.0281002539111464,"Hydra",20,19.3
"3002",194,0.018959522079933,0.0221468947507558,0.0283415023153953,"Hydra",20,19.4
"3003",195,0.0191107770461828,0.022338810313116,0.0285859622300038,"Hydra",20,19.5
"3004",196,0.0192681088068511,0.0225304991833545,0.0288379702385143,"Hydra",20,19.6
"3005",197,0.0194252194830826,0.0227219629695244,0.0290625022066448,"Hydra",20,19.7
"3006",198,0.0195878776727515,0.0229213412547486,0.0293349767544824,"Hydra",20,19.8
"3007",199,0.0197461794697417,0.0231181089560883,0.0295947877289356,"Hydra",20,19.9
"3008",200,0.0199052196051432,0.0233161968560334,0.0298523609408053,"Hydra",20,20
"3009",201,0.0200653808496304,0.0235191717313126,0.0300838927342646,"Hydra",20,20.1
"3010",202,0.0202256852283464,0.0237186483805701,0.0303293499868261,"Hydra",20,20.2
"3011",203,0.0203799861970674,0.0239179866453901,0.0305723366023161,"Hydra",20,20.3
"3012",204,0.0205449529922385,0.024118736183584,0.0308308955574511,"Hydra",20,20.4
"3013",205,0.0207081786946008,0.0243207079042777,0.0310708817882452,"Hydra",20,20.5
"3014",206,0.0208653188008702,0.0245233338495492,0.0313170647419223,"Hydra",20,20.6
"3015",207,0.0210264942360767,0.0247219716150298,0.031538414989493,"Hydra",20,20.7
"3016",208,0.0211883747971713,0.0249220062617012,0.0317660722174231,"Hydra",20,20.8
"3017",209,0.0213504564769117,0.0251265183959815,0.0320073705320341,"Hydra",20,20.9
"3018",210,0.0215209015773937,0.0253215431738354,0.0322391465943736,"Hydra",20,21
"3019",211,0.0216840354133258,0.0255271063748411,0.0324729510249406,"Hydra",20,21.1
"3020",212,0.0218448047627767,0.0257286694649436,0.0327244796004085,"Hydra",20,21.2
"3021",213,0.0220116841648316,0.0259298696492863,0.0329483392734638,"Hydra",20,21.3
"3022",214,0.0221792680045125,0.0261300025480229,0.0331794420039343,"Hydra",20,21.4
"3023",215,0.0223437419298116,0.0263308375636747,0.0334054221405591,"Hydra",20,21.5
"3024",216,0.0225086804451502,0.0265304328309238,0.0336521109509709,"Hydra",20,21.6
"3025",217,0.022668895510491,0.0267309392766225,0.0338819086040879,"Hydra",20,21.7
"3026",218,0.0228297520517457,0.0269352367448847,0.0341180156209965,"Hydra",20,21.8
"3027",219,0.0229948675715353,0.0271379845363137,0.0343334216238011,"Hydra",20,21.9
"3028",220,0.02315470998501,0.0273381348791283,0.0345512938676314,"Hydra",20,22
"3029",221,0.0233192010693628,0.0275353774140551,0.0347684436833375,"Hydra",20,22.1
"3030",222,0.0234816435797846,0.0277383399290342,0.0349990226549566,"Hydra",20,22.2
"3031",223,0.0236385022400297,0.0279348352161412,0.0352235338383635,"Hydra",20,22.3
"3032",224,0.0238052150380745,0.0281299891341374,0.0354210555744387,"Hydra",20,22.4
"3033",225,0.0239690031506877,0.0283258108294476,0.0356491724393477,"Hydra",20,22.5
"3034",226,0.0241285569807606,0.0285196147749055,0.0358735163942882,"Hydra",20,22.6
"3035",227,0.024278126072225,0.0287174688926915,0.0360776300665307,"Hydra",20,22.7
"3036",228,0.0244374509333909,0.0289091574537492,0.0362999982283783,"Hydra",20,22.8
"3037",229,0.0246117514248877,0.0291012283000846,0.0365211508694105,"Hydra",20,22.9
"3038",230,0.0247713407903161,0.0292940285835165,0.0367399986060842,"Hydra",20,23
"3039",231,0.0249222425203581,0.0294851623238109,0.0369371292671012,"Hydra",20,23.1
"3040",232,0.0250852178601241,0.0296798298107741,0.0371194736975562,"Hydra",20,23.2
"3041",233,0.0252386122230106,0.0298758291798474,0.0373279268581298,"Hydra",20,23.3
"3042",234,0.0253967189417289,0.0300623017415335,0.0375435627528848,"Hydra",20,23.4
"3043",235,0.025560562194518,0.0302516043977242,0.0377261249580408,"Hydra",20,23.5
"3044",236,0.0257271141822064,0.0304371980449013,0.0378876999524163,"Hydra",20,23.6
"3045",237,0.0258870220584316,0.0306255713502431,0.03808568728928,"Hydra",20,23.7
"3046",238,0.0260453566180373,0.0308119390760741,0.0382699767188445,"Hydra",20,23.8
"3047",239,0.0261918314289199,0.0309983275538952,0.0384741092878434,"Hydra",20,23.9
"3048",240,0.0263536983846807,0.0311848303852861,0.0386612265556718,"Hydra",20,24
"3049",241,0.0265066710229064,0.031362192052886,0.038812033129417,"Hydra",20,24.1
"3050",242,0.0266650190211518,0.0315377186552405,0.0390000170563921,"Hydra",20,24.2
"3051",243,0.0268271185544448,0.031718429598248,0.0391739306480431,"Hydra",20,24.3
"3052",244,0.0269864251894662,0.0318940006678192,0.039357722552406,"Hydra",20,24.4
"3053",245,0.0271309467319489,0.0320650882421773,0.0395413029246398,"Hydra",20,24.5
"3054",246,0.0272832496726983,0.0322370978610927,0.039696671119962,"Hydra",20,24.6
"3055",247,0.027428891356142,0.0324080777897952,0.0398446072634391,"Hydra",20,24.7
"3056",248,0.0275760373308178,0.0325743221755844,0.0399993888467567,"Hydra",20,24.8
"3057",249,0.0277302520051953,0.0327420980351409,0.0401561304045339,"Hydra",20,24.9
"3058",250,0.0278758043601005,0.0329078644985582,0.0403004076654277,"Hydra",20,25
"3059",251,0.028010654013218,0.033071423392201,0.0404442885730942,"Hydra",20,25.1
"3060",252,0.0281473504987146,0.0332291377712336,0.0406053480739155,"Hydra",20,25.2
"3061",253,0.0282864117457531,0.0333894743434965,0.0407708928849049,"Hydra",20,25.3
"3062",254,0.0284185308383853,0.0335424755736404,0.0409270406579434,"Hydra",20,25.4
"3063",255,0.0285532328640532,0.0336943220718687,0.0410790989012351,"Hydra",20,25.5
"3064",256,0.0287081570029286,0.0338526837658076,0.04122579765232,"Hydra",20,25.6
"3065",257,0.0288423708582983,0.0339982506503953,0.0413695562761687,"Hydra",20,25.7
"3066",258,0.0289691087592973,0.0341492411293819,0.0415286109225658,"Hydra",20,25.8
"3067",259,0.0291027126265926,0.0342940832317055,0.0416699048821802,"Hydra",20,25.9
"3068",260,0.0292377280502365,0.0344332215365925,0.0417935675945107,"Hydra",20,26
"3069",261,0.0293669912849015,0.0345707170781007,0.0419491447776229,"Hydra",20,26.1
"3070",262,0.0294943553704291,0.0347046565611418,0.0420837593444193,"Hydra",20,26.2
"3071",263,0.0296118021843757,0.034835156298051,0.0422076540089189,"Hydra",20,26.3
"3072",264,0.0297316466910183,0.0349683954380955,0.0423423789586021,"Hydra",20,26.4
"3073",265,0.029845054252198,0.0351084869533521,0.0424610380247289,"Hydra",20,26.5
"3074",266,0.0299630098740087,0.0352410710317392,0.0425874875821197,"Hydra",20,26.6
"3075",267,0.0300877518086649,0.0353572795316219,0.0427139649783369,"Hydra",20,26.7
"3076",268,0.030198595575077,0.0354777848127932,0.0428644093048274,"Hydra",20,26.8
"3077",269,0.0303086681244684,0.0355999687948295,0.0429743852080573,"Hydra",20,26.9
"3078",270,0.0304157151286163,0.0357144834965783,0.0431001908005579,"Hydra",20,27
"3079",271,0.0305160066511425,0.0358296826320428,0.0431995234768389,"Hydra",20,27.1
"3080",272,0.0306161390063116,0.0359421270394113,0.0433054595060556,"Hydra",20,27.2
"3081",273,0.0307077368516006,0.0360553031525218,0.0434139967324639,"Hydra",20,27.3
"3082",274,0.0308050661777326,0.0361639469730827,0.0435122400780699,"Hydra",20,27.4
"3083",275,0.0309049659600873,0.0362753832215025,0.0436170911365231,"Hydra",20,27.5
"3084",276,0.0309992797377477,0.0363791881297608,0.0436959507671205,"Hydra",20,27.6
"3085",277,0.0310836484036154,0.0364825014496746,0.0437926021045341,"Hydra",20,27.7
"3086",278,0.0311793247318117,0.0365690162825169,0.043901960187802,"Hydra",20,27.8
"3087",279,0.0312691683019182,0.0366600754846272,0.044015689213219,"Hydra",20,27.9
"3088",280,0.0313502734135166,0.0367557516229339,0.0441111726548444,"Hydra",20,28
"3089",281,0.0314192113261231,0.0368554653070708,0.0442027496430703,"Hydra",20,28.1
"3090",282,0.0315118666852899,0.0369442709243423,0.0442829128408912,"Hydra",20,28.2
"3091",283,0.0315919010720685,0.0370267064845571,0.0443757114673942,"Hydra",20,28.3
"3092",284,0.0316630781160718,0.0371051823218159,0.0444575293369627,"Hydra",20,28.4
"3093",285,0.0317239334454468,0.0371803079503639,0.0445375750508672,"Hydra",20,28.5
"3094",286,0.0317853779421081,0.0372613883886543,0.044650908046749,"Hydra",20,28.6
"3095",287,0.03185502633376,0.0373358965899069,0.0447465608502551,"Hydra",20,28.7
"3096",288,0.0319195596396129,0.0374103566051805,0.0448254002967656,"Hydra",20,28.8
"3097",289,0.031979783490301,0.037481149745543,0.0449071769808661,"Hydra",20,28.9
"3098",290,0.0320285535991704,0.0375473165910898,0.0449466661679448,"Hydra",20,29
"3099",291,0.0320835499650499,0.0376164842532775,0.0450337914148951,"Hydra",20,29.1
"3100",292,0.0321297324918949,0.037679832441598,0.0450860473424953,"Hydra",20,29.2
"3101",293,0.0321795960591365,0.0377408657071717,0.0451813061543668,"Hydra",20,29.3
"3102",294,0.0322227256920487,0.0377993661390621,0.0452524954887572,"Hydra",20,29.4
"3103",295,0.0322715284105065,0.0378567928984469,0.0453332312516439,"Hydra",20,29.5
"3104",296,0.0323028440396068,0.0379100991159481,0.0453930966574808,"Hydra",20,29.6
"3105",297,0.0323336343590073,0.0379499489778161,0.0454570252749298,"Hydra",20,29.7
"3106",298,0.0323625739035014,0.0379961543332134,0.045496690630003,"Hydra",20,29.8
"3107",299,0.0323955635427381,0.0380356878129185,0.0455343742579148,"Hydra",20,29.9
"3108",300,0.0324278705525772,0.0380742160949385,0.0455854521565551,"Hydra",20,30
"3109",301,0.0324499998583732,0.0381144744767588,0.0456008074267429,"Hydra",20,30.1
"3110",302,0.0324681480314048,0.0381497279917867,0.0456651929582571,"Hydra",20,30.2
"3111",303,0.0324856752329442,0.0381802912539991,0.0456855560603145,"Hydra",20,30.3
"3112",304,0.0324981892201233,0.0382135231455035,0.0457299080640743,"Hydra",20,30.4
"3113",305,0.0324954435045393,0.0382375397466285,0.0457616016923823,"Hydra",20,30.5
"3114",306,0.0324992541053901,0.0382689358898545,0.0458053728509024,"Hydra",20,30.6
"3115",307,0.0325074109786404,0.0382933156618452,0.0458772573051018,"Hydra",20,30.7
"3116",308,0.0325076202541594,0.0383188187261112,0.0459330442781945,"Hydra",20,30.8
"3117",309,0.0325022543458727,0.0383400033343757,0.0459603634972584,"Hydra",20,30.9
"3118",310,0.0325100378886272,0.0383623383127362,0.0459881551895272,"Hydra",20,31
"3119",311,0.03250010560457,0.0383784919876818,0.0460099909067642,"Hydra",20,31.1
"3120",312,0.0324987759592962,0.0383937195203723,0.0460447461770973,"Hydra",20,31.2
"3121",313,0.0324951537509535,0.0384078767437746,0.0460682914437521,"Hydra",20,31.3
"3122",314,0.0324649811061167,0.0384115115526589,0.046101248572017,"Hydra",20,31.4
"3123",315,0.0324555993305668,0.0384221658074167,0.0461364930415576,"Hydra",20,31.5
"3124",316,0.0324291816694462,0.0384325246507041,0.046177989406624,"Hydra",20,31.6
"3125",317,0.0324233108996408,0.0384334877889724,0.0461901689988434,"Hydra",20,31.7
"3126",318,0.0323954661520365,0.0384377487899059,0.0461824213847722,"Hydra",20,31.8
"3127",319,0.032372907811663,0.0384337938469547,0.0461937649706851,"Hydra",20,31.9
"3128",320,0.0323400660843803,0.0384299576681097,0.0462166344499271,"Hydra",20,32
"3129",321,0.0323127007347664,0.0384210732495901,0.0462597933790922,"Hydra",20,32.1
"3130",322,0.0322788308410166,0.0384159200344547,0.0462774665341903,"Hydra",20,32.2
"3131",323,0.0322285947805928,0.0384046863985066,0.0462740798945683,"Hydra",20,32.3
"3132",324,0.0321841285365264,0.0383910999736376,0.0462676501070608,"Hydra",20,32.4
"3133",325,0.0321462331134622,0.0383777658822238,0.0462810306185474,"Hydra",20,32.5
"3134",326,0.0321008303425635,0.0383710949258352,0.0462878670477381,"Hydra",20,32.6
"3135",327,0.0320575464648181,0.0383578753048782,0.0462913453538778,"Hydra",20,32.7
"3136",328,0.0320155755246303,0.0383443987774138,0.0462856648696189,"Hydra",20,32.8
"3137",329,0.0319584617715776,0.038321534019751,0.0463109108852463,"Hydra",20,32.9
"3138",330,0.0318906846359239,0.0383022083666839,0.0463111332250909,"Hydra",20,33
"3139",331,0.0318441822287096,0.0382801165300911,0.0463093786879978,"Hydra",20,33.1
"3140",332,0.0317699467562661,0.0382483888459579,0.0463113576987402,"Hydra",20,33.2
"3141",333,0.0317173144848404,0.0382219454956148,0.0463118341814723,"Hydra",20,33.3
"3142",334,0.0316744307329652,0.0381919906166405,0.0463203872383861,"Hydra",20,33.4
"3143",335,0.0316066796579296,0.0381681677614219,0.0463003336847294,"Hydra",20,33.5
"3144",336,0.0315479864806138,0.0381313093550665,0.0462930848811236,"Hydra",20,33.6
"3145",337,0.0314896487282453,0.0380993147119729,0.046291217368349,"Hydra",20,33.7
"3146",338,0.0314320502687407,0.0380684032220488,0.046297856304323,"Hydra",20,33.8
"3147",339,0.0313777188815812,0.0380323316359519,0.0462850038963875,"Hydra",20,33.9
"3148",340,0.0312987940093371,0.0379982577012633,0.0462655488035937,"Hydra",20,34
"3149",341,0.0312375705519443,0.0379636812378611,0.0462675556538092,"Hydra",20,34.1
"3150",342,0.0311619791409754,0.0379200441806104,0.0462774314562807,"Hydra",20,34.2
"3151",343,0.0310756151758853,0.0378713871091145,0.0462568837945754,"Hydra",20,34.3
"3152",344,0.0309939755080102,0.037829783321718,0.0462692931926095,"Hydra",20,34.4
"3153",345,0.0309200140509184,0.0377855594407548,0.04625005748988,"Hydra",20,34.5
"3154",346,0.0308303176542135,0.0377387834877423,0.0462770737547044,"Hydra",20,34.6
"3155",347,0.0307382934678881,0.0376931036703621,0.0462307945121747,"Hydra",20,34.7
"3156",348,0.0306491325200046,0.0376469942465152,0.0462243491459873,"Hydra",20,34.8
"3157",349,0.0305713832599343,0.037594278537478,0.0462052834908233,"Hydra",20,34.9
"3158",350,0.0304854278992931,0.0375475488369703,0.046194308297458,"Hydra",20,35
"3159",351,0.0303891876332683,0.0374923506688442,0.0461802086304639,"Hydra",20,35.1
"3160",1,272608.772363544,284967.490228097,297630.859787083,"Alg",17,0.1
"3161",2,274362.917072598,286691.436774679,299373.183576667,"Alg",17,0.2
"3162",3,276058.053520084,288400.836532443,301134.161296788,"Alg",17,0.3
"3163",4,277758.366900445,290114.107179918,302879.053024746,"Alg",17,0.4
"3164",5,279463.057037381,291849.300675557,304592.42367258,"Alg",17,0.5
"3165",6,281195.952309953,293598.641502829,306372.89735585,"Alg",17,0.6
"3166",7,282926.02747008,295369.109297748,308191.190716923,"Alg",17,0.7
"3167",8,284651.561196002,297148.3851281,310016.730084013,"Alg",17,0.8
"3168",9,286393.399256476,298942.874005619,311842.480053295,"Alg",17,0.9
"3169",10,288168.42156789,300723.982329388,313689.310041448,"Alg",17,1
"3170",11,289913.399029876,302538.865426984,315561.014876564,"Alg",17,1.1
"3171",12,291663.959691566,304361.192991515,317440.736526244,"Alg",17,1.2
"3172",13,293428.76759159,306168.338440356,319335.355717831,"Alg",17,1.3
"3173",14,295194.555440473,307998.520337236,321240.147142673,"Alg",17,1.4
"3174",15,296958.62722265,309845.101506071,323145.843361052,"Alg",17,1.5
"3175",16,298753.923011997,311695.263636828,325062.07396542,"Alg",17,1.6
"3176",17,300561.057542957,313549.928808604,327031.926184479,"Alg",17,1.7
"3177",18,302318.561342649,315430.843696735,328980.999034582,"Alg",17,1.8
"3178",19,304077.559123042,317302.628167918,330902.843419753,"Alg",17,1.9
"3179",20,305910.372547809,319190.523166346,332880.247353247,"Alg",17,2
"3180",21,307658.606678016,321074.323801587,334876.44358698,"Alg",17,2.1
"3181",22,309434.61326324,322964.229091633,336912.749064522,"Alg",17,2.2
"3182",23,311247.984389097,324880.066683794,338908.372838708,"Alg",17,2.3
"3183",24,313083.644417823,326794.133160085,340928.163317507,"Alg",17,2.4
"3184",25,314939.992082697,328724.987021312,342983.432941356,"Alg",17,2.5
"3185",26,316782.469361768,330677.213337153,345129.278815784,"Alg",17,2.6
"3186",27,318590.602827139,332617.966694083,347234.76519928,"Alg",17,2.7
"3187",28,320453.44118391,334579.258105234,349347.683611612,"Alg",17,2.8
"3188",29,322302.492377402,336555.61782493,351437.267595548,"Alg",17,2.9
"3189",30,324136.141489586,338543.324806879,353610.216600793,"Alg",17,3
"3190",31,326002.965786205,340518.875399938,355759.792827077,"Alg",17,3.1
"3191",32,327905.856311478,342538.716070761,357927.486600983,"Alg",17,3.2
"3192",33,329740.206736295,344528.897135115,360102.979222379,"Alg",17,3.3
"3193",34,331621.628184063,346533.185379208,362307.568339083,"Alg",17,3.4
"3194",35,333442.073937995,348560.339640063,364534.499804822,"Alg",17,3.5
"3195",36,335314.512247273,350579.390558675,366791.464908816,"Alg",17,3.6
"3196",37,337279.93653484,352616.755859029,369061.195747459,"Alg",17,3.7
"3197",38,339175.689368806,354680.34126967,371262.212796165,"Alg",17,3.8
"3198",39,341057.83766417,356758.007665458,373536.035314868,"Alg",17,3.9
"3199",40,342876.426674116,358818.388461228,375815.93253719,"Alg",17,4
"3200",41,344757.414872177,360896.323912206,378092.801535816,"Alg",17,4.1
"3201",42,346673.223477513,363003.789620419,380411.916775346,"Alg",17,4.2
"3202",43,348562.029592047,365108.389052241,382724.244399729,"Alg",17,4.3
"3203",44,350512.463055258,367211.387899744,385086.13435349,"Alg",17,4.4
"3204",45,352385.270601296,369334.54439896,387494.196966959,"Alg",17,4.5
"3205",46,354357.317237855,371451.275505504,389844.170438779,"Alg",17,4.6
"3206",47,356293.068562669,373570.276637127,392250.608882534,"Alg",17,4.7
"3207",48,358204.350217807,375731.677765592,394669.878485958,"Alg",17,4.8
"3208",49,360186.296039662,377897.115209987,397145.808821769,"Alg",17,4.9
"3209",50,362152.329748736,380064.964690326,399564.921349584,"Alg",17,5
"3210",51,364152.010185137,382250.713327564,402003.793241144,"Alg",17,5.1
"3211",52,366094.702097753,384411.166020631,404454.464811814,"Alg",17,5.2
"3212",53,368044.679432166,386602.543397197,406915.978467105,"Alg",17,5.3
"3213",54,370051.544112107,388814.422690677,409446.533811686,"Alg",17,5.4
"3214",55,372020.523446826,391023.77102483,412013.67636687,"Alg",17,5.5
"3215",56,373982.917368405,393256.243580277,414534.30299805,"Alg",17,5.6
"3216",57,375946.304445408,395479.639084166,417094.772006826,"Alg",17,5.7
"3217",58,377916.53038893,397698.543437094,419619.642341317,"Alg",17,5.8
"3218",59,379884.738140042,399954.083262365,422130.442161284,"Alg",17,5.9
"3219",60,381870.445442006,402194.241945212,424738.660357052,"Alg",17,6
"3220",61,383845.280178913,404455.723460224,427265.492344121,"Alg",17,6.1
"3221",62,385841.693206344,406721.381549155,429874.625559413,"Alg",17,6.2
"3222",63,387875.026856207,408966.547920511,432541.14718957,"Alg",17,6.3
"3223",64,389871.339098693,411250.164324376,435200.866498633,"Alg",17,6.4
"3224",65,391910.313599773,413562.730906553,437821.337694019,"Alg",17,6.5
"3225",66,393900.23049672,415885.483960855,440524.88552287,"Alg",17,6.6
"3226",67,395939.037481702,418186.293638278,443168.218035774,"Alg",17,6.7
"3227",68,398019.159918501,420496.556051348,445842.567327417,"Alg",17,6.8
"3228",69,400061.132516739,422814.404241458,448606.925929652,"Alg",17,6.9
"3229",70,402125.315577382,425167.573416188,451285.692880231,"Alg",17,7
"3230",71,404174.542735938,427515.716099459,454065.277202405,"Alg",17,7.1
"3231",72,406264.199444024,429876.681311626,456831.007568417,"Alg",17,7.2
"3232",73,408312.252224518,432239.533556074,459656.738027105,"Alg",17,7.3
"3233",74,410321.067473709,434619.187358939,462373.557066429,"Alg",17,7.4
"3234",75,412358.181735943,437007.317136384,465097.085688225,"Alg",17,7.5
"3235",76,414365.313325469,439393.052216134,467876.132056678,"Alg",17,7.6
"3236",77,416464.183482919,441791.138853487,470610.260839784,"Alg",17,7.7
"3237",78,418568.950757195,444196.161073814,473402.035234751,"Alg",17,7.8
"3238",79,420765.961469069,446615.543131139,476262.956370199,"Alg",17,7.9
"3239",80,422881.241554931,449023.674020117,479138.194202479,"Alg",17,8
"3240",81,424935.530644084,451433.810508649,481968.831356056,"Alg",17,8.1
"3241",82,427112.180649447,453879.083233809,484733.316200696,"Alg",17,8.2
"3242",83,429220.213836807,456300.918058058,487558.902560186,"Alg",17,8.3
"3243",84,431393.325194092,458727.171631866,490453.185935337,"Alg",17,8.4
"3244",85,433513.33010736,461166.308085152,493241.422930179,"Alg",17,8.5
"3245",86,435688.415532856,463622.836611532,496086.785401099,"Alg",17,8.6
"3246",87,437787.444891358,466080.270688844,498895.094422814,"Alg",17,8.7
"3247",88,439918.424805549,468559.898578278,501824.269393942,"Alg",17,8.8
"3248",89,442054.579381374,471082.409073804,504739.030374798,"Alg",17,8.9
"3249",90,444191.502371858,473554.918804809,507707.196808922,"Alg",17,9
"3250",91,446279.108496327,476043.425901028,510613.26502956,"Alg",17,9.1
"3251",92,448390.691797192,478533.290267643,513627.241616254,"Alg",17,9.2
"3252",93,450472.598702097,481031.371216555,516660.149344811,"Alg",17,9.3
"3253",94,452610.399734168,483527.218941244,519615.894433403,"Alg",17,9.4
"3254",95,454779.678842736,486044.741226809,522541.566988028,"Alg",17,9.5
"3255",96,456963.023628046,488557.843839054,525481.118714464,"Alg",17,9.6
"3256",97,459138.446658105,491058.920037729,528481.015311464,"Alg",17,9.7
"3257",98,461350.569350433,493586.804470064,531439.088397799,"Alg",17,9.8
"3258",99,463560.571564035,496152.350941481,534375.005482501,"Alg",17,9.9
"3259",100,465713.180206884,498700.227672829,537369.163906729,"Alg",17,10
"3260",101,467955.795562162,501245.507748375,540356.033617223,"Alg",17,10.1
"3261",102,470220.043901885,503781.959438398,543300.636387475,"Alg",17,10.2
"3262",103,472453.070583304,506345.494896121,546345.173169277,"Alg",17,10.3
"3263",104,474655.685250468,508891.598784882,549369.9378046,"Alg",17,10.4
"3264",105,476848.444912071,511470.561500065,552402.956244204,"Alg",17,10.5
"3265",106,479046.709622565,514069.053534906,555387.198028794,"Alg",17,10.6
"3266",107,481224.896139253,516657.737508237,558362.889093997,"Alg",17,10.7
"3267",108,483454.337427941,519233.929791625,561385.233612114,"Alg",17,10.8
"3268",109,485664.996170324,521828.818126907,564407.751372287,"Alg",17,10.9
"3269",110,487843.959888782,524448.070446295,567480.045850513,"Alg",17,11
"3270",111,490099.0775444,527050.35120195,570583.418829816,"Alg",17,11.1
"3271",112,492266.20619087,529641.597620639,573702.816887192,"Alg",17,11.2
"3272",113,494540.07322221,532257.385157147,576819.058705651,"Alg",17,11.3
"3273",114,496789.935119758,534851.338458306,579887.431194912,"Alg",17,11.4
"3274",115,499014.954887621,537458.858140477,582955.100743581,"Alg",17,11.5
"3275",116,501291.431587226,540058.265079319,585952.500505905,"Alg",17,11.6
"3276",117,503603.592720905,542643.83892929,589010.495482776,"Alg",17,11.7
"3277",118,505818.269460796,545238.119190252,592063.146425257,"Alg",17,11.8
"3278",119,508004.878937191,547847.500408902,595080.234847461,"Alg",17,11.9
"3279",120,510239.509735053,550453.756481308,598112.388196505,"Alg",17,12
"3280",121,512452.446477898,553079.970140987,601210.083439136,"Alg",17,12.1
"3281",122,514703.12598038,555676.290576366,604365.600586216,"Alg",17,12.2
"3282",123,516853.010273308,558275.96363012,607398.391903638,"Alg",17,12.3
"3283",124,519077.359293902,560874.482254949,610457.877126478,"Alg",17,12.4
"3284",125,521326.275171407,563507.213975154,613526.536158024,"Alg",17,12.5
"3285",126,523518.49154409,566145.416986401,616566.994423529,"Alg",17,12.6
"3286",127,525802.60461591,568768.030864813,619608.306625047,"Alg",17,12.7
"3287",128,528038.924552493,571371.639523394,622682.74286365,"Alg",17,12.8
"3288",129,530245.745011906,573992.071697554,625726.655843482,"Alg",17,12.9
"3289",130,532480.667721874,576600.299898786,628730.480952479,"Alg",17,13
"3290",131,534796.158087426,579234.9339094,631780.303179437,"Alg",17,13.1
"3291",132,537034.111297345,581861.263336256,634740.044769691,"Alg",17,13.2
"3292",133,539263.200052192,584462.153683912,637711.304188532,"Alg",17,13.3
"3293",134,541482.544251536,587054.038450239,640707.547407572,"Alg",17,13.4
"3294",135,543708.332276892,589669.666419448,643684.471078741,"Alg",17,13.5
"3295",136,545938.467406113,592272.382493895,646693.5233773,"Alg",17,13.6
"3296",137,548236.814846387,594863.800068604,649643.122310551,"Alg",17,13.7
"3297",138,550464.615531246,597482.369461021,652602.951913233,"Alg",17,13.8
"3298",139,552718.25485911,600067.394839876,655608.557465003,"Alg",17,13.9
"3299",140,554962.927828645,602641.27512095,658546.442576908,"Alg",17,14
"3300",141,557182.785639513,605239.046027128,661529.727700651,"Alg",17,14.1
"3301",142,559414.368821251,607814.716439353,664504.604993545,"Alg",17,14.2
"3302",143,561655.525038115,610389.592915849,667363.39036737,"Alg",17,14.3
"3303",144,563890.522316269,612958.775835463,670374.494511373,"Alg",17,14.4
"3304",145,566120.752798302,615541.42586249,673368.071744125,"Alg",17,14.5
"3305",146,568347.046002948,618084.174479605,676270.60871439,"Alg",17,14.6
"3306",147,570582.616882013,620656.715000163,679192.349259467,"Alg",17,14.7
"3307",148,572746.434315435,623176.070698974,682053.155804124,"Alg",17,14.8
"3308",149,574938.021794637,625712.046488767,684926.305366843,"Alg",17,14.9
"3309",150,577109.652303372,628231.797219436,687766.521438928,"Alg",17,15
"3310",151,579247.005858833,630774.067725688,690651.243898621,"Alg",17,15.1
"3311",152,581482.187410239,633307.69560588,693494.444589318,"Alg",17,15.2
"3312",153,583611.738867976,635802.155465945,696426.567490699,"Alg",17,15.3
"3313",154,585804.103635739,638366.180689839,699290.157490283,"Alg",17,15.4
"3314",155,587936.8905849,640889.137249762,702095.845269578,"Alg",17,15.5
"3315",156,590089.56773496,643371.93379609,705013.911399057,"Alg",17,15.6
"3316",157,592297.223614758,645829.340845033,707920.837417764,"Alg",17,15.7
"3317",158,594478.345253614,648276.331758948,710823.05280611,"Alg",17,15.8
"3318",159,596586.773872645,650766.436599619,713629.117256745,"Alg",17,15.9
"3319",160,598724.566235452,653201.136465031,716408.66956267,"Alg",17,16
"3320",161,600830.549307139,655642.419775309,719221.637888869,"Alg",17,16.1
"3321",162,602972.889551301,658063.34322842,721970.62361288,"Alg",17,16.2
"3322",163,605076.319032468,660490.529963784,724660.951801325,"Alg",17,16.3
"3323",164,607180.495501607,662927.159048387,727386.519834877,"Alg",17,16.4
"3324",165,609273.835749062,665377.481555013,730002.46403754,"Alg",17,16.5
"3325",166,611396.74649137,667771.655822385,732510.798882313,"Alg",17,16.6
"3326",167,613557.806940884,670121.279462046,735126.139744872,"Alg",17,16.7
"3327",168,615629.625405801,672497.785118341,737834.334709846,"Alg",17,16.8
"3328",169,617704.743408059,674849.385988386,740458.082135959,"Alg",17,16.9
"3329",170,619775.515042798,677188.122762335,742942.365498939,"Alg",17,17
"3330",171,621856.691066505,679490.463335434,745524.430565302,"Alg",17,17.1
"3331",172,623983.740299793,681807.304494109,747965.392287563,"Alg",17,17.2
"3332",173,626044.024719161,684101.137994518,750502.473537042,"Alg",17,17.3
"3333",174,628049.767190068,686377.323092647,752917.481840422,"Alg",17,17.4
"3334",175,630139.373565085,688622.560691576,755385.454792747,"Alg",17,17.5
"3335",176,632214.694302553,690906.027704927,757866.780779617,"Alg",17,17.6
"3336",177,634209.528696746,693112.217890563,760157.137926759,"Alg",17,17.7
"3337",178,636192.217552034,695328.247113942,762462.618322866,"Alg",17,17.8
"3338",179,638165.789924078,697523.190710725,764804.485995281,"Alg",17,17.9
"3339",180,640161.901897541,699727.708203737,767084.596870437,"Alg",17,18
"3340",181,642168.200828213,701892.993308582,769375.915250911,"Alg",17,18.1
"3341",182,644211.097952022,704025.345740977,771745.939171885,"Alg",17,18.2
"3342",183,645942.331494709,706131.883165515,774125.763367558,"Alg",17,18.3
"3343",184,647806.840654841,708262.963205098,776397.42794252,"Alg",17,18.4
"3344",185,649728.864309433,710348.515419386,778717.756167629,"Alg",17,18.5
"3345",186,651668.995594856,712403.461913069,780905.321728966,"Alg",17,18.6
"3346",187,653525.183092348,714435.087060182,783023.260653625,"Alg",17,18.7
"3347",188,655320.928198574,716448.854596686,785184.504897878,"Alg",17,18.8
"3348",189,657069.067933878,718454.407089817,787199.640911974,"Alg",17,18.9
"3349",190,658909.712865777,720419.892082739,789259.636157375,"Alg",17,19
"3350",191,660669.125973155,722412.006038122,791398.000442602,"Alg",17,19.1
"3351",192,662373.699894377,724377.059064457,793344.270945415,"Alg",17,19.2
"3352",193,664081.539284763,726299.046349111,795334.088368357,"Alg",17,19.3
"3353",194,665731.364993793,728194.654524777,797357.506940579,"Alg",17,19.4
"3354",195,667428.141208591,730082.288818378,799087.970100694,"Alg",17,19.5
"3355",196,669017.106236055,731975.512584304,800861.335143782,"Alg",17,19.6
"3356",197,670667.238923403,733786.299988138,802713.463541862,"Alg",17,19.7
"3357",198,672289.975361298,735528.585371881,804296.011480736,"Alg",17,19.8
"3358",199,673921.561032524,737287.070685014,806213.090238236,"Alg",17,19.9
"3359",200,675514.60434512,738993.343954409,807895.116930538,"Alg",17,20
"3360",201,677258.481504509,740707.607832297,809706.816231645,"Alg",17,20.1
"3361",202,678816.950957943,742482.391391984,811361.186677696,"Alg",17,20.2
"3362",203,680448.481831719,744180.073334159,813091.391826553,"Alg",17,20.3
"3363",204,681998.08391991,745831.303900646,814755.276497304,"Alg",17,20.4
"3364",205,683533.09338784,747419.446665781,816411.92264496,"Alg",17,20.5
"3365",206,685067.572925073,748970.43787742,818095.439739417,"Alg",17,20.6
"3366",207,686569.04427491,750540.231069556,819435.004251031,"Alg",17,20.7
"3367",208,687871.560373784,752052.106086602,820934.814869149,"Alg",17,20.8
"3368",209,689245.141744719,753532.698650972,822399.669721974,"Alg",17,20.9
"3369",210,690698.696018804,755011.977470737,823850.31077895,"Alg",17,21
"3370",211,692114.328956121,756461.178748179,825296.064724286,"Alg",17,21.1
"3371",212,693417.696469635,757912.226464682,826778.58471848,"Alg",17,21.2
"3372",213,694615.585004402,759293.877621253,827955.162853589,"Alg",17,21.3
"3373",214,695894.345717925,760604.801325338,829180.392316187,"Alg",17,21.4
"3374",215,697114.891839871,761891.633958665,830467.736405121,"Alg",17,21.5
"3375",216,698417.064036507,763133.646555227,831874.730530313,"Alg",17,21.6
"3376",217,699774.945480095,764305.186641313,832977.944892597,"Alg",17,21.7
"3377",218,700931.945432771,765556.756528755,834276.390952749,"Alg",17,21.8
"3378",219,702089.686197782,766687.887730536,835420.194752267,"Alg",17,21.9
"3379",220,703326.136524443,767830.844892451,836519.400679405,"Alg",17,22
"3380",221,704456.712115084,768928.853142586,837367.647088562,"Alg",17,22.1
"3381",222,705700.563194036,769954.460365854,838288.812337799,"Alg",17,22.2
"3382",223,706889.070060296,770945.505953106,839232.879939152,"Alg",17,22.3
"3383",224,708012.486722731,771974.203233928,840134.037561091,"Alg",17,22.4
"3384",225,708781.891521874,772944.064453486,841028.454035135,"Alg",17,22.5
"3385",226,709911.880470271,773913.987182029,841847.267535512,"Alg",17,22.6
"3386",227,710941.190047221,774752.680201729,842795.12283226,"Alg",17,22.7
"3387",228,711738.957048668,775624.904244994,843555.834187521,"Alg",17,22.8
"3388",229,712575.268223748,776433.71295188,844211.828957152,"Alg",17,22.9
"3389",230,713402.287717595,777186.257121086,844886.541463873,"Alg",17,23
"3390",231,714246.434751739,777999.218828979,845652.493545622,"Alg",17,23.1
"3391",232,715009.9475237,778710.57638119,846288.115547109,"Alg",17,23.2
"3392",233,715784.943314867,779466.909929015,847085.096894551,"Alg",17,23.3
"3393",234,716512.591321186,780122.709375338,847817.528982869,"Alg",17,23.4
"3394",235,717132.503225673,780764.885737143,848402.15570419,"Alg",17,23.5
"3395",236,717596.862435046,781350.395699819,848915.155155519,"Alg",17,23.6
"3396",237,718104.737080129,781860.776677492,849332.885356692,"Alg",17,23.7
"3397",238,718725.439512526,782394.084611149,849804.599202198,"Alg",17,23.8
"3398",239,719104.926854235,782881.785402728,850352.575207918,"Alg",17,23.9
"3399",240,719555.71736303,783292.553126546,850735.751829376,"Alg",17,24
"3400",241,720024.558777139,783719.774996259,851192.88109902,"Alg",17,24.1
"3401",242,720357.831206661,784085.902679009,851532.355945875,"Alg",17,24.2
"3402",243,720790.779284943,784401.094932133,851870.0935009,"Alg",17,24.3
"3403",244,720944.311928782,784607.611627365,852085.765872221,"Alg",17,24.4
"3404",245,721079.878003608,784828.738944763,852386.423512227,"Alg",17,24.5
"3405",246,721332.714135481,785033.503226018,852696.642944054,"Alg",17,24.6
"3406",247,721517.796192922,785147.41143729,852860.834189673,"Alg",17,24.7
"3407",248,721782.769731343,785281.367796714,853024.312824579,"Alg",17,24.8
"3408",249,721952.826665081,785375.972458134,853043.63983076,"Alg",17,24.9
"3409",250,721936.809725791,785455.200883386,852960.504813788,"Alg",17,25
"3410",251,721969.676346884,785453.780202465,852993.578981527,"Alg",17,25.1
"3411",252,721922.358026182,785400.614721528,853126.953644446,"Alg",17,25.2
"3412",253,721859.96800691,785401.293188129,853044.416336685,"Alg",17,25.3
"3413",254,721730.307155112,785342.967925307,853073.27116559,"Alg",17,25.4
"3414",255,721430.046741405,785206.843131098,852870.579831465,"Alg",17,25.5
"3415",256,721018.801184355,785063.821701161,852803.964004752,"Alg",17,25.6
"3416",257,720798.368730918,784851.642985893,852794.434230733,"Alg",17,25.7
"3417",258,720511.844943391,784525.706424436,852544.254709911,"Alg",17,25.8
"3418",259,719977.630746985,784250.666346246,852245.950634273,"Alg",17,25.9
"3419",260,719636.382164633,783931.546132808,851887.804597618,"Alg",17,26
"3420",261,719152.742220324,783631.441108509,851626.11896471,"Alg",17,26.1
"3421",262,718479.998899638,783308.32272425,851403.309892867,"Alg",17,26.2
"3422",263,717878.661974301,782863.975418248,850953.116741567,"Alg",17,26.3
"3423",264,717385.429657783,782438.792770969,850538.485522628,"Alg",17,26.4
"3424",265,716870.948072688,781897.961486829,850430.196416704,"Alg",17,26.5
"3425",266,716325.820463955,781247.371073407,849827.09450898,"Alg",17,26.6
"3426",267,715518.768045036,780608.317723978,849320.702767886,"Alg",17,26.7
"3427",268,714614.386118086,779988.699892954,848526.947649795,"Alg",17,26.8
"3428",269,713723.055744873,779360.871654659,847870.604063831,"Alg",17,26.9
"3429",270,712790.274360438,778595.032901052,847352.249499832,"Alg",17,27
"3430",271,711844.476815218,777842.527523483,846916.330607824,"Alg",17,27.1
"3431",272,710609.979551572,777001.462904316,846142.413660045,"Alg",17,27.2
"3432",273,709527.220992434,776214.154206036,845588.312674391,"Alg",17,27.3
"3433",274,708483.00534798,775293.504647648,844787.41382632,"Alg",17,27.4
"3434",275,707233.519450618,774414.619837199,844139.114842869,"Alg",17,27.5
"3435",276,705906.985822013,773411.530963231,843361.936040108,"Alg",17,27.6
"3436",277,704665.147325965,772428.638220062,842323.930680097,"Alg",17,27.7
"3437",278,703094.964099551,771392.198134875,841595.745197218,"Alg",17,27.8
"3438",279,701750.221566703,770411.073160941,840911.206992932,"Alg",17,27.9
"3439",280,700218.361791875,769367.028123076,839942.365039993,"Alg",17,28
"3440",281,698836.469803961,768251.405671205,839069.491139571,"Alg",17,28.1
"3441",282,697321.261868369,767149.96166962,838063.531128994,"Alg",17,28.2
"3442",283,695628.035158444,765934.690622204,837244.420189892,"Alg",17,28.3
"3443",284,694013.630593312,764699.514921457,836159.540095091,"Alg",17,28.4
"3444",285,692687.010063359,763512.55855029,835239.971792701,"Alg",17,28.5
"3445",286,690883.058388213,762224.407861296,834161.832379898,"Alg",17,28.6
"3446",287,689035.876607758,760851.755181008,833111.75749052,"Alg",17,28.7
"3447",288,687354.250571516,759515.758108439,831958.48918148,"Alg",17,28.8
"3448",289,685463.5683356,758084.889213505,830808.253420969,"Alg",17,28.9
"3449",290,683549.844172217,756602.550206627,829854.326825322,"Alg",17,29
"3450",291,681642.045797894,755113.971995629,828745.569275462,"Alg",17,29.1
"3451",292,679756.694076674,753679.225332757,827470.489734822,"Alg",17,29.2
"3452",293,677843.743449223,752158.539972168,826216.229390127,"Alg",17,29.3
"3453",294,675837.076342854,750613.191324539,824996.900140706,"Alg",17,29.4
"3454",295,673892.785769857,748970.411396861,823826.556017066,"Alg",17,29.5
"3455",296,671742.956275957,747364.515136402,822456.613146128,"Alg",17,29.6
"3456",297,669686.134725239,745763.942745424,821109.83621088,"Alg",17,29.7
"3457",298,667718.003815443,744043.545967886,819782.826269964,"Alg",17,29.8
"3458",299,665545.810441258,742317.094109713,818245.33229597,"Alg",17,29.9
"3459",300,663429.623114038,740518.92079496,816985.801175636,"Alg",17,30
"3460",301,661117.294529089,738837.298700019,815466.705886263,"Alg",17,30.1
"3461",302,658712.301913399,736979.374624232,813914.430084558,"Alg",17,30.2
"3462",303,656228.018004203,735133.457444329,812344.730080401,"Alg",17,30.3
"3463",304,654072.070364379,733272.419254395,810887.078296261,"Alg",17,30.4
"3464",305,651844.128540298,731360.970679378,809325.275065949,"Alg",17,30.5
"3465",306,649344.914321948,729404.560516789,807745.369482963,"Alg",17,30.6
"3466",307,647034.075023618,727484.792321635,806020.856624514,"Alg",17,30.7
"3467",308,644589.393655126,725498.536122574,804221.59935486,"Alg",17,30.8
"3468",309,642070.224164014,723630.879008866,802443.342809525,"Alg",17,30.9
"3469",310,639710.725201915,721583.829360521,800646.382417686,"Alg",17,31
"3470",311,637457.677655692,719497.897579811,799237.08059529,"Alg",17,31.1
"3471",312,635139.634927575,717425.864623982,797689.522512814,"Alg",17,31.2
"3472",313,632611.21342872,715345.393358822,795933.825371026,"Alg",17,31.3
"3473",314,630188.457703567,713221.934915211,794116.044896988,"Alg",17,31.4
"3474",315,627494.85136762,711097.709922959,792165.985733833,"Alg",17,31.5
"3475",316,625150.066371468,708940.937217447,790515.457738436,"Alg",17,31.6
"3476",317,622364.821149313,706744.69327794,788717.968707699,"Alg",17,31.7
"3477",318,619838.440244823,704515.996841838,786917.506641317,"Alg",17,31.8
"3478",319,617324.779832713,702166.430788422,785024.650526192,"Alg",17,31.9
"3479",320,614658.845192084,699915.073484543,783071.961273344,"Alg",17,32
"3480",321,611748.576886087,697623.653170116,781131.239686172,"Alg",17,32.1
"3481",322,609122.91278597,695307.156765931,779413.205476979,"Alg",17,32.2
"3482",323,606460.03948243,693010.303948459,777675.880464721,"Alg",17,32.3
"3483",324,603605.179041396,690679.178502396,776028.418323977,"Alg",17,32.4
"3484",325,600711.91037262,688201.718139507,774183.992541746,"Alg",17,32.5
"3485",326,597942.928508308,685674.330902867,772409.889296148,"Alg",17,32.6
"3486",327,595035.308351588,683279.534882758,770605.492916062,"Alg",17,32.7
"3487",328,592252.294549695,680770.938103668,768824.712763392,"Alg",17,32.8
"3488",329,589380.017040284,678226.16556738,766883.685539893,"Alg",17,32.9
"3489",330,586502.772886089,675773.993718279,764863.715872576,"Alg",17,33
"3490",331,583785.003746287,673217.306207707,762988.111867677,"Alg",17,33.1
"3491",332,580809.695701597,670680.324523671,760801.657888098,"Alg",17,33.2
"3492",333,577914.329303706,668173.913403439,758868.354737239,"Alg",17,33.3
"3493",334,574930.710110407,665646.597348511,756799.590574538,"Alg",17,33.4
"3494",335,571995.937647276,663013.520630386,754710.085596896,"Alg",17,33.5
"3495",336,568954.396951299,660353.986508959,752475.644441665,"Alg",17,33.6
"3496",337,566120.004396764,657753.421608793,750237.90869701,"Alg",17,33.7
"3497",338,563217.371012024,655144.572056851,748282.443161731,"Alg",17,33.8
"3498",339,560338.699365735,652486.075380974,745828.20066411,"Alg",17,33.9
"3499",340,557572.082511199,649738.889536289,743608.327678979,"Alg",17,34
"3500",341,554640.986577791,647033.156942104,741563.882097361,"Alg",17,34.1
"3501",342,551744.621560229,644314.486503202,739281.948416216,"Alg",17,34.2
"3502",343,548796.135844579,641561.27687413,737090.524951439,"Alg",17,34.3
"3503",344,545763.179085972,638864.888657521,734772.617842585,"Alg",17,34.4
"3504",345,542766.531906032,636157.23532817,732365.632970524,"Alg",17,34.5
"3505",346,539861.366054096,633419.092405115,730071.623357219,"Alg",17,34.6
"3506",347,537007.196762508,630589.777121465,727646.28441388,"Alg",17,34.7
"3507",348,534026.198272251,627781.829064463,725325.566066316,"Alg",17,34.8
"3508",349,530996.923664992,625120.746713112,722970.734269808,"Alg",17,34.9
"3509",350,528150.674712751,622430.34181362,720536.095496656,"Alg",17,35
"3510",351,525106.449203787,619625.167987385,718285.521472208,"Alg",17,35.1
"3511",1,0.0288467758458496,0.0494480738350281,0.0768987134709962,"Daph",17,0.1
"3512",2,0.0290538413076564,0.0497411455005908,0.0772715973966962,"Daph",17,0.2
"3513",3,0.0292632345543886,0.0500259285766925,0.0776564424583568,"Daph",17,0.3
"3514",4,0.0294751689981908,0.0503286876389777,0.0780362391985018,"Daph",17,0.4
"3515",5,0.0297052291554535,0.0506210058051262,0.0784047320175737,"Daph",17,0.5
"3516",6,0.0299185075825693,0.0509256796727022,0.0787858653526891,"Daph",17,0.6
"3517",7,0.0301238171073101,0.0512250323079767,0.0791724037142576,"Daph",17,0.7
"3518",8,0.0303485302758481,0.0515336505355274,0.0795597177979985,"Daph",17,0.8
"3519",9,0.0305689953102723,0.051842869846649,0.0799496191058394,"Daph",17,0.9
"3520",10,0.030790369938669,0.0521512178370011,0.0803253601582873,"Daph",17,1
"3521",11,0.031017305727261,0.0524651746753016,0.0806962873087691,"Daph",17,1.1
"3522",12,0.0312439573788387,0.052792849872826,0.0810981638249152,"Daph",17,1.2
"3523",13,0.0314687278291838,0.053110703767729,0.0814879696164998,"Daph",17,1.3
"3524",14,0.0316730367682466,0.053429005422387,0.0818729084132026,"Daph",17,1.4
"3525",15,0.0318796069487372,0.0537545414465919,0.0822724018115794,"Daph",17,1.5
"3526",16,0.0321000862666535,0.0540833414564807,0.0826736288062464,"Daph",17,1.6
"3527",17,0.0323611116139338,0.0544240343625924,0.0830518461559769,"Daph",17,1.7
"3528",18,0.0326228902914048,0.0547610578636906,0.0834721305154731,"Daph",17,1.8
"3529",19,0.0328602956966969,0.055097834682997,0.083867873627837,"Daph",17,1.9
"3530",20,0.0331026788939941,0.0554455973096929,0.0842626057156578,"Daph",17,2
"3531",21,0.0333364086322937,0.055797346488271,0.0846971477415416,"Daph",17,2.1
"3532",22,0.0335748267574387,0.0561562151745341,0.0851234434224737,"Daph",17,2.2
"3533",23,0.0338222589728082,0.0565078616092536,0.0855552343313994,"Daph",17,2.3
"3534",24,0.0340829936640864,0.0568691382212921,0.0859636560068043,"Daph",17,2.4
"3535",25,0.0343679641250704,0.0572308202512173,0.0863751826040876,"Daph",17,2.5
"3536",26,0.0346380129117572,0.0575945654719028,0.0868010538332958,"Daph",17,2.6
"3537",27,0.0349120402810684,0.0579592964804359,0.0872464532722082,"Daph",17,2.7
"3538",28,0.0351885636337777,0.0583186128673865,0.0876922146756524,"Daph",17,2.8
"3539",29,0.0354677905066481,0.0586944456070885,0.0881404029097853,"Daph",17,2.9
"3540",30,0.0357362469339442,0.0590711846643133,0.0885924847890549,"Daph",17,3
"3541",31,0.0360234621970824,0.0594392618338529,0.0890520801900689,"Daph",17,3.1
"3542",32,0.0363142103477593,0.0598318825765953,0.0895145789017814,"Daph",17,3.2
"3543",33,0.036615998353806,0.0602094421728051,0.0900015245348978,"Daph",17,3.3
"3544",34,0.0369035349935739,0.0605797342968819,0.0904841923788642,"Daph",17,3.4
"3545",35,0.0371897749166414,0.0609628746818066,0.0909544832316386,"Daph",17,3.5
"3546",36,0.0374673129544361,0.0613487809644939,0.0914123136314651,"Daph",17,3.6
"3547",37,0.0377419493289622,0.0617383015250939,0.0918892758154833,"Daph",17,3.7
"3548",38,0.0380133329205401,0.0621325405584503,0.0923479244005796,"Daph",17,3.8
"3549",39,0.0383006256287841,0.0625420322873107,0.0927985922205094,"Daph",17,3.9
"3550",40,0.0385823983472533,0.0629432301505903,0.0932708286931561,"Daph",17,4
"3551",41,0.0388710968203688,0.0633601872857234,0.0937476121196266,"Daph",17,4.1
"3552",42,0.0391629741513288,0.0637842663617906,0.0942567172724172,"Daph",17,4.2
"3553",43,0.0394587277862617,0.0642000448189769,0.0947936923882291,"Daph",17,4.3
"3554",44,0.0397635413490194,0.0646089751991071,0.0953647266781567,"Daph",17,4.4
"3555",45,0.040087614996927,0.0650335444578175,0.0958267598548182,"Daph",17,4.5
"3556",46,0.0403928125861236,0.0654591302983516,0.096375087414197,"Daph",17,4.6
"3557",47,0.0407012019623933,0.0658929237191021,0.0968782839958326,"Daph",17,4.7
"3558",48,0.0410209990541842,0.0663201750691533,0.0973636263844029,"Daph",17,4.8
"3559",49,0.0413496090162482,0.066752694406832,0.097891889902978,"Daph",17,4.9
"3560",50,0.0416931658737978,0.0671903094035336,0.0984033745764311,"Daph",17,5
"3561",51,0.0420077442795401,0.0676269631364535,0.0989234647270803,"Daph",17,5.1
"3562",52,0.0423416721201235,0.0680790328629735,0.0994359994723197,"Daph",17,5.2
"3563",53,0.0426900837173071,0.0685329822653268,0.0999571527210242,"Daph",17,5.3
"3564",54,0.0430303541021972,0.0689689325029487,0.100481541532256,"Daph",17,5.4
"3565",55,0.0433973079706658,0.0694352546890283,0.101028317429658,"Daph",17,5.5
"3566",56,0.0437560503603436,0.0699056335264949,0.101559541333554,"Daph",17,5.6
"3567",57,0.0441074648340021,0.0703650777990685,0.102119386426025,"Daph",17,5.7
"3568",58,0.0444699520754875,0.0708579156455155,0.102701944207955,"Daph",17,5.8
"3569",59,0.0448282991147029,0.071332550086001,0.10326053151217,"Daph",17,5.9
"3570",60,0.0451901650733543,0.0718067053527486,0.103788130525683,"Daph",17,6
"3571",61,0.0455566274480933,0.0722798762613874,0.10433270155359,"Daph",17,6.1
"3572",62,0.0459270786861362,0.0727628197584743,0.104848580694113,"Daph",17,6.2
"3573",63,0.0463012222583443,0.0732360358699398,0.105390476802312,"Daph",17,6.3
"3574",64,0.0466834642797095,0.0737201024778781,0.106001605559362,"Daph",17,6.4
"3575",65,0.0470549855936581,0.0742233069670419,0.106569929423152,"Daph",17,6.5
"3576",66,0.0474147978134853,0.074723145952209,0.107154334134456,"Daph",17,6.6
"3577",67,0.0477922796818865,0.0752229156215869,0.107788677022433,"Daph",17,6.7
"3578",68,0.0482060090114418,0.0757149258876212,0.108330660228289,"Daph",17,6.8
"3579",69,0.0485893225852812,0.0762121751428194,0.108925513388239,"Daph",17,6.9
"3580",70,0.0489908214019038,0.0767327504232044,0.109484116799707,"Daph",17,7
"3581",71,0.0494031357315049,0.0772578396279843,0.110097961694366,"Daph",17,7.1
"3582",72,0.0497868570219769,0.077781256415301,0.110714996526681,"Daph",17,7.2
"3583",73,0.0501799245232389,0.0783091588098447,0.11134421662955,"Daph",17,7.3
"3584",74,0.0506016808450068,0.0788282483417745,0.111934998255934,"Daph",17,7.4
"3585",75,0.0510251928133551,0.0793597957618089,0.112542620220196,"Daph",17,7.5
"3586",76,0.0514488240857757,0.0798926910214832,0.113167394272248,"Daph",17,7.6
"3587",77,0.0518757446578135,0.0804331794185866,0.113788130329605,"Daph",17,7.7
"3588",78,0.0522969986747666,0.0809672176686523,0.114419149906829,"Daph",17,7.8
"3589",79,0.052725322779135,0.0815058857223017,0.115031023139312,"Daph",17,7.9
"3590",80,0.053136981441498,0.0820408310298903,0.115649569751015,"Daph",17,8
"3591",81,0.0535618147942268,0.082591160050364,0.116264349540222,"Daph",17,8.1
"3592",82,0.0540205473543617,0.0831481827138912,0.116904008181746,"Daph",17,8.2
"3593",83,0.0544977768629154,0.0837111706399944,0.117550113795941,"Daph",17,8.3
"3594",84,0.054970719357504,0.0842679695065642,0.118168363590344,"Daph",17,8.4
"3595",85,0.0553790861392678,0.0848475328556624,0.118813141861898,"Daph",17,8.5
"3596",86,0.0558092809513451,0.0854333589317952,0.119437447722664,"Daph",17,8.6
"3597",87,0.056273654205736,0.0860087467516021,0.120070715577346,"Daph",17,8.7
"3598",88,0.0567230372265316,0.0865968066051848,0.120729578530552,"Daph",17,8.8
"3599",89,0.0571638067777039,0.0871733950114228,0.121428002165597,"Daph",17,8.9
"3600",90,0.0576860480656254,0.0877526476056435,0.122087392612418,"Daph",17,9
"3601",91,0.0581722078507588,0.0883415873323861,0.122743638239254,"Daph",17,9.1
"3602",92,0.0586283759447389,0.0889598537396337,0.123393280458911,"Daph",17,9.2
"3603",93,0.0591261309817339,0.0895747591033635,0.124050582742155,"Daph",17,9.3
"3604",94,0.0595778158210353,0.0901685373816507,0.124717649054407,"Daph",17,9.4
"3605",95,0.0600201304708129,0.0907840272016653,0.125396325962978,"Daph",17,9.5
"3606",96,0.060535200616357,0.0914098080036821,0.126067991145569,"Daph",17,9.6
"3607",97,0.0610306951839007,0.0920031225347777,0.126713939435241,"Daph",17,9.7
"3608",98,0.0615333524153669,0.0926069800262503,0.127385965786416,"Daph",17,9.8
"3609",99,0.0620383075544713,0.0932289818805493,0.128082072532462,"Daph",17,9.9
"3610",100,0.0625324237661126,0.0938628655687766,0.128773113347463,"Daph",17,10
"3611",101,0.0630643953600832,0.094494241896138,0.129502876655432,"Daph",17,10.1
"3612",102,0.0635553794972673,0.0951281514243178,0.130260051809867,"Daph",17,10.2
"3613",103,0.0640706278448239,0.0957525617722391,0.131001202941609,"Daph",17,10.3
"3614",104,0.0645706946140914,0.0963939231337636,0.131704722827275,"Daph",17,10.4
"3615",105,0.0650407984617108,0.0970116640447507,0.132465035638677,"Daph",17,10.5
"3616",106,0.0655901297088842,0.0976545487054583,0.133180694937902,"Daph",17,10.6
"3617",107,0.0661193944649812,0.098298884582663,0.133902618780321,"Daph",17,10.7
"3618",108,0.0666512742148517,0.0989525230098335,0.134658335267236,"Daph",17,10.8
"3619",109,0.0671446519948148,0.0995939278827218,0.13536934315593,"Daph",17,10.9
"3620",110,0.0676529475822752,0.100243374190011,0.136100965958381,"Daph",17,11
"3621",111,0.0681536187583694,0.100909390825768,0.136823656888774,"Daph",17,11.1
"3622",112,0.0686639187832851,0.101567954528676,0.137544498384358,"Daph",17,11.2
"3623",113,0.0692304630663754,0.102222016635278,0.138286725274849,"Daph",17,11.3
"3624",114,0.0697803578510162,0.102890662326515,0.139044536198794,"Daph",17,11.4
"3625",115,0.0703473166044449,0.103580351344963,0.139810113623671,"Daph",17,11.5
"3626",116,0.0709220233636401,0.104273418259006,0.140607367315098,"Daph",17,11.6
"3627",117,0.071474329749652,0.104957344789942,0.141374718544218,"Daph",17,11.7
"3628",118,0.0720149410608928,0.10564395386279,0.142131956109841,"Daph",17,11.8
"3629",119,0.0726126970528811,0.106335525491674,0.142830181725297,"Daph",17,11.9
"3630",120,0.073206955107575,0.107029905314386,0.143654030560253,"Daph",17,12
"3631",121,0.0738219408627151,0.107720911753638,0.144419194983482,"Daph",17,12.1
"3632",122,0.0744006922598662,0.108426495722339,0.145187112822286,"Daph",17,12.2
"3633",123,0.0749868214455193,0.109130024686406,0.146054943368777,"Daph",17,12.3
"3634",124,0.0755646538182121,0.109853069113242,0.146805498627442,"Daph",17,12.4
"3635",125,0.0761071417435071,0.110574776818285,0.14759050281493,"Daph",17,12.5
"3636",126,0.0766509860137839,0.111284418423866,0.148337954273948,"Daph",17,12.6
"3637",127,0.0772856033459569,0.112001437665446,0.149152125497428,"Daph",17,12.7
"3638",128,0.0779352437583075,0.112738428348435,0.149923594520132,"Daph",17,12.8
"3639",129,0.0785439521836409,0.11345570607486,0.150734477051157,"Daph",17,12.9
"3640",130,0.0791371217770045,0.114191488887087,0.151551497190559,"Daph",17,13
"3641",131,0.0797198096298246,0.114901937775222,0.15238595738485,"Daph",17,13.1
"3642",132,0.0803370244837766,0.115616301338309,0.153170152823254,"Daph",17,13.2
"3643",133,0.0809520978409624,0.116340527881286,0.153966067842298,"Daph",17,13.3
"3644",134,0.0815997586455629,0.117081346930158,0.15473907371791,"Daph",17,13.4
"3645",135,0.0822212472719708,0.117815921575732,0.155545084958135,"Daph",17,13.5
"3646",136,0.0828843469294565,0.118560231890421,0.156386477827521,"Daph",17,13.6
"3647",137,0.0835317723074981,0.119308411022994,0.157188495230787,"Daph",17,13.7
"3648",138,0.0841723224090048,0.120059916887238,0.158025203676594,"Daph",17,13.8
"3649",139,0.084824942520843,0.120791434481347,0.158793487288084,"Daph",17,13.9
"3650",140,0.0854688456833984,0.121539425155682,0.159630816456988,"Daph",17,14
"3651",141,0.0860731705326131,0.122312838449212,0.160457527806025,"Daph",17,14.1
"3652",142,0.0867518922054473,0.123070022968488,0.161248578524566,"Daph",17,14.2
"3653",143,0.0874008654104517,0.123814542590239,0.16211787411126,"Daph",17,14.3
"3654",144,0.0880046037704124,0.124581296553973,0.162950988313194,"Daph",17,14.4
"3655",145,0.0886842208283637,0.125346454664605,0.163793255578159,"Daph",17,14.5
"3656",146,0.0893278611243152,0.126128207988891,0.164649643006432,"Daph",17,14.6
"3657",147,0.0899383030010759,0.126917584454727,0.165433125238242,"Daph",17,14.7
"3658",148,0.0905310867993699,0.12767845071144,0.166318552752529,"Daph",17,14.8
"3659",149,0.0911494354025367,0.128468672099609,0.16714681026869,"Daph",17,14.9
"3660",150,0.0917432495636872,0.129266555903079,0.168051295308907,"Daph",17,15
"3661",151,0.0924180298403814,0.130025562651581,0.168898091302843,"Daph",17,15.1
"3662",152,0.0930613462507945,0.130794694424822,0.169765767866381,"Daph",17,15.2
"3663",153,0.09368233980765,0.131585169532138,0.170621837471596,"Daph",17,15.3
"3664",154,0.0944136438839855,0.132387135755756,0.171422335527602,"Daph",17,15.4
"3665",155,0.0951503553435692,0.133180024563862,0.17225941862123,"Daph",17,15.5
"3666",156,0.0957878450939013,0.133963599055941,0.173196182188082,"Daph",17,15.6
"3667",157,0.0964613139418396,0.134731369045557,0.174001872929549,"Daph",17,15.7
"3668",158,0.0970973221059398,0.135550432051605,0.174897089975793,"Daph",17,15.8
"3669",159,0.0977726704595157,0.13635249389092,0.175738481464415,"Daph",17,15.9
"3670",160,0.0984439016223153,0.137145793491266,0.176550256940981,"Daph",17,16
"3671",161,0.0991060030769338,0.137929714939147,0.177321295736571,"Daph",17,16.1
"3672",162,0.0997807353841852,0.138722570775785,0.178260206850713,"Daph",17,16.2
"3673",163,0.100461170652993,0.139536224188665,0.179130946507373,"Daph",17,16.3
"3674",164,0.101186919239941,0.140357720665472,0.180001461536187,"Daph",17,16.4
"3675",165,0.101834845047799,0.141132486729598,0.180897247885261,"Daph",17,16.5
"3676",166,0.102468280793831,0.141940311200693,0.181786762549321,"Daph",17,16.6
"3677",167,0.103170640889168,0.142758759634434,0.182687926849493,"Daph",17,16.7
"3678",168,0.103832909171564,0.143543370533409,0.183534758064459,"Daph",17,16.8
"3679",169,0.104497240488664,0.144354167977515,0.184358417742859,"Daph",17,16.9
"3680",170,0.105108101396198,0.145157320253117,0.185294952404857,"Daph",17,17
"3681",171,0.10582177271827,0.145954109020993,0.18624075852085,"Daph",17,17.1
"3682",172,0.106567886430748,0.146771870014628,0.187141936638131,"Daph",17,17.2
"3683",173,0.107252564103521,0.147610605060628,0.188082351297964,"Daph",17,17.3
"3684",174,0.107998590866923,0.148425299970945,0.188991680037382,"Daph",17,17.4
"3685",175,0.108646782501435,0.149248512391639,0.189925588842959,"Daph",17,17.5
"3686",176,0.10934261677215,0.150069549698023,0.190861737549873,"Daph",17,17.6
"3687",177,0.11000082359108,0.150856650134011,0.191872684121955,"Daph",17,17.7
"3688",178,0.110709629469029,0.151656562201671,0.192874715026922,"Daph",17,17.8
"3689",179,0.111361014529092,0.152483362157116,0.193886306621861,"Daph",17,17.9
"3690",180,0.111991063769611,0.153300425825385,0.194815081285271,"Daph",17,18
"3691",181,0.112703019178976,0.15413575587361,0.195765680521133,"Daph",17,18.1
"3692",182,0.1134081358643,0.154921733621804,0.196716090005556,"Daph",17,18.2
"3693",183,0.114052233129606,0.155757844785525,0.197635093168015,"Daph",17,18.3
"3694",184,0.114639347818791,0.156569095810212,0.198698911243828,"Daph",17,18.4
"3695",185,0.115289233314026,0.157415094367196,0.199638507924647,"Daph",17,18.5
"3696",186,0.116009917368752,0.158211577105479,0.200600723522372,"Daph",17,18.6
"3697",187,0.116705463019825,0.159039883890059,0.201614331697617,"Daph",17,18.7
"3698",188,0.117384590082878,0.159829788673531,0.202541968631878,"Daph",17,18.8
"3699",189,0.118010883637967,0.160639012557909,0.203511513252354,"Daph",17,18.9
"3700",190,0.118662379833642,0.161448781607796,0.204445509532905,"Daph",17,19
"3701",191,0.11924341958089,0.162240947129434,0.205388504358084,"Daph",17,19.1
"3702",192,0.119863731957433,0.163057835226312,0.206391722411918,"Daph",17,19.2
"3703",193,0.12053242228058,0.163807100556952,0.207328936955767,"Daph",17,19.3
"3704",194,0.121231123510708,0.164609625720803,0.208277094658365,"Daph",17,19.4
"3705",195,0.121849939236505,0.165392678021714,0.209177474133023,"Daph",17,19.5
"3706",196,0.122503815988645,0.166197744131798,0.210008475360356,"Daph",17,19.6
"3707",197,0.12316898302232,0.166971865978003,0.210921647461355,"Daph",17,19.7
"3708",198,0.123792080958936,0.167756655980938,0.211840745675015,"Daph",17,19.8
"3709",199,0.124444209047251,0.168548359314478,0.21269584218146,"Daph",17,19.9
"3710",200,0.125000634266323,0.169333755851025,0.213583254519481,"Daph",17,20
"3711",201,0.125625688201545,0.170108187916375,0.214407581134853,"Daph",17,20.1
"3712",202,0.126238411797289,0.17094011076165,0.215274708048885,"Daph",17,20.2
"3713",203,0.126910800615509,0.171705477982091,0.216054493015999,"Daph",17,20.3
"3714",204,0.127544975757037,0.17245367991581,0.216926369713772,"Daph",17,20.4
"3715",205,0.128081408200061,0.173189119548928,0.21772610376746,"Daph",17,20.5
"3716",206,0.128692043460687,0.173911695942273,0.218563647938248,"Daph",17,20.6
"3717",207,0.129383833744684,0.174635031459109,0.219457377722356,"Daph",17,20.7
"3718",208,0.130045951494105,0.175413970522298,0.220452695009222,"Daph",17,20.8
"3719",209,0.130615239521518,0.176176404842316,0.221294801695354,"Daph",17,20.9
"3720",210,0.131197979448403,0.176897238184836,0.222160072103221,"Daph",17,21
"3721",211,0.131715097170494,0.177631674962952,0.223040856614866,"Daph",17,21.1
"3722",212,0.132387044676023,0.178342871500588,0.223876354919982,"Daph",17,21.2
"3723",213,0.132895880913973,0.179072789303344,0.224817961978487,"Daph",17,21.3
"3724",214,0.133514428426593,0.179783401352759,0.225710385022341,"Daph",17,21.4
"3725",215,0.133986649667165,0.180489295261268,0.226503549343004,"Daph",17,21.5
"3726",216,0.134497425929204,0.181184840529418,0.227363636048354,"Daph",17,21.6
"3727",217,0.135003086772986,0.181902552511034,0.228103313454438,"Daph",17,21.7
"3728",218,0.135613338492719,0.182593291184435,0.229055522802472,"Daph",17,21.8
"3729",219,0.136120429684151,0.18328584995375,0.229932244595546,"Daph",17,21.9
"3730",220,0.136492792888267,0.183961725808782,0.230774284955651,"Daph",17,22
"3731",221,0.136981973683375,0.184640205677478,0.231633698286619,"Daph",17,22.1
"3732",222,0.137515400141903,0.185321596495886,0.232392325763562,"Daph",17,22.2
"3733",223,0.137960653456824,0.18599709800061,0.2332359578149,"Daph",17,22.3
"3734",224,0.138456059690403,0.186672117760692,0.234055562652972,"Daph",17,22.4
"3735",225,0.138786972165439,0.187310853530833,0.234847071819009,"Daph",17,22.5
"3736",226,0.139247508601063,0.187962470810083,0.235722008906832,"Daph",17,22.6
"3737",227,0.139688006321882,0.18863783805319,0.236514845809998,"Daph",17,22.7
"3738",228,0.14000967079356,0.189290173933201,0.237329736502238,"Daph",17,22.8
"3739",229,0.140415340992623,0.189941306029548,0.238105489435612,"Daph",17,22.9
"3740",230,0.140918296995334,0.19058684253761,0.238930494735523,"Daph",17,23
"3741",231,0.141271492567455,0.191246528918318,0.239735373798914,"Daph",17,23.1
"3742",232,0.141737204412174,0.191834334280058,0.24042177531669,"Daph",17,23.2
"3743",233,0.142120935718828,0.192419473323825,0.241208027766502,"Daph",17,23.3
"3744",234,0.142284886277429,0.193009647349271,0.242105474844246,"Daph",17,23.4
"3745",235,0.142658143675707,0.193564267599888,0.242798063618787,"Daph",17,23.5
"3746",236,0.143124526333218,0.194092200080175,0.243565811476433,"Daph",17,23.6
"3747",237,0.143404298885268,0.194663421040665,0.244245547157079,"Daph",17,23.7
"3748",238,0.143739397943671,0.195227950138246,0.245150948317941,"Daph",17,23.8
"3749",239,0.144093035496569,0.195768252864662,0.24587696922763,"Daph",17,23.9
"3750",240,0.144440553765398,0.196280204274686,0.246632653693719,"Daph",17,24
"3751",241,0.14465661613354,0.196815663502464,0.247247781836487,"Daph",17,24.1
"3752",242,0.144929065912877,0.197324646031372,0.247993466023123,"Daph",17,24.2
"3753",243,0.145284495234643,0.197833183861801,0.248818005733891,"Daph",17,24.3
"3754",244,0.145412163590808,0.198330164576655,0.249510751023993,"Daph",17,24.4
"3755",245,0.145687760249949,0.198817028208079,0.250263081712173,"Daph",17,24.5
"3756",246,0.145894734169439,0.199322578512454,0.250911876922974,"Daph",17,24.6
"3757",247,0.14606445225841,0.199814528047283,0.251719561534066,"Daph",17,24.7
"3758",248,0.146260280806075,0.200276941516596,0.252479038928754,"Daph",17,24.8
"3759",249,0.146474227711474,0.200734833309044,0.253263270805617,"Daph",17,24.9
"3760",250,0.146703575257883,0.2011915781777,0.254017496969576,"Daph",17,25
"3761",251,0.146883974325346,0.201632094577239,0.254724261803258,"Daph",17,25.1
"3762",252,0.147207827630654,0.202041084625954,0.255551881142582,"Daph",17,25.2
"3763",253,0.147400378083925,0.20246742338463,0.256306027735108,"Daph",17,25.3
"3764",254,0.147311778454019,0.202864831729486,0.256991047046361,"Daph",17,25.4
"3765",255,0.147465147149346,0.203283988835282,0.257544648943903,"Daph",17,25.5
"3766",256,0.147474251554065,0.203660637171507,0.258130767019278,"Daph",17,25.6
"3767",257,0.147727714960883,0.204031830407582,0.258764915613035,"Daph",17,25.7
"3768",258,0.14778986203741,0.204364129240177,0.259359236942663,"Daph",17,25.8
"3769",259,0.147848170368446,0.204682603805959,0.260050472467852,"Daph",17,25.9
"3770",260,0.14779881352323,0.205028119813715,0.26061200988781,"Daph",17,26
"3771",261,0.147817984452876,0.205343880946962,0.26127024599047,"Daph",17,26.1
"3772",262,0.147789771062423,0.205642892281288,0.261846718919431,"Daph",17,26.2
"3773",263,0.1478542008392,0.205925754631331,0.262324075244343,"Daph",17,26.3
"3774",264,0.147893243835872,0.206178115775468,0.262914169033526,"Daph",17,26.4
"3775",265,0.1479000585051,0.206448098807967,0.263407463552758,"Daph",17,26.5
"3776",266,0.147904098708588,0.206747071946321,0.264059594516037,"Daph",17,26.6
"3777",267,0.147911929629367,0.207003948727478,0.264789660895392,"Daph",17,26.7
"3778",268,0.147948780426087,0.207245846772219,0.26557580453928,"Daph",17,26.8
"3779",269,0.147938789779636,0.207434543603124,0.266182181969195,"Daph",17,26.9
"3780",270,0.147810639423826,0.207621332686905,0.266630493209691,"Daph",17,27
"3781",271,0.147694094900502,0.207825684568236,0.267024254677908,"Daph",17,27.1
"3782",272,0.147533240524035,0.207985611391301,0.267423756485342,"Daph",17,27.2
"3783",273,0.147308021624061,0.208135572274446,0.267816506779776,"Daph",17,27.3
"3784",274,0.147146712710724,0.208259987200151,0.268427208970624,"Daph",17,27.4
"3785",275,0.147111409579655,0.208422874583525,0.268883511943314,"Daph",17,27.5
"3786",276,0.147100513182964,0.208570776445109,0.269272058968698,"Daph",17,27.6
"3787",277,0.147046075619869,0.208723608429988,0.269725476073181,"Daph",17,27.7
"3788",278,0.146662105978933,0.208797116564279,0.270086105144365,"Daph",17,27.8
"3789",279,0.146358432296899,0.208878422987839,0.270495139632535,"Daph",17,27.9
"3790",280,0.146062908141752,0.208949521187775,0.270859735508071,"Daph",17,28
"3791",281,0.145913173963943,0.208982654449036,0.271293597339573,"Daph",17,28.1
"3792",282,0.145728105764482,0.208986819085,0.271731159979881,"Daph",17,28.2
"3793",283,0.145343594954653,0.209013231112033,0.272109088264181,"Daph",17,28.3
"3794",284,0.145052729998588,0.2090371493052,0.272331951644594,"Daph",17,28.4
"3795",285,0.14463607954336,0.20899796384982,0.272852128939675,"Daph",17,28.5
"3796",286,0.14417606809995,0.20903290163985,0.273228827547777,"Daph",17,28.6
"3797",287,0.143668289236789,0.20896619624978,0.27364241446733,"Daph",17,28.7
"3798",288,0.143476667913776,0.208911714473917,0.274084854101751,"Daph",17,28.8
"3799",289,0.142891037086615,0.208850634612889,0.274490881607884,"Daph",17,28.9
"3800",290,0.142417442748488,0.208724762811506,0.274853983726586,"Daph",17,29
"3801",291,0.141811521985899,0.208681866912039,0.275173301728189,"Daph",17,29.1
"3802",292,0.141403872084391,0.208551924027732,0.275543442032004,"Daph",17,29.2
"3803",293,0.141037155660978,0.208416031495717,0.275905596942263,"Daph",17,29.3
"3804",294,0.140536441216338,0.208273151014147,0.27621916377409,"Daph",17,29.4
"3805",295,0.140068699096003,0.208123155478409,0.276536228153719,"Daph",17,29.5
"3806",296,0.139576807587887,0.20795402623816,0.276649414282445,"Daph",17,29.6
"3807",297,0.139184885528651,0.207794633306295,0.276748632066383,"Daph",17,29.7
"3808",298,0.138781464729233,0.207614431467933,0.276990327060844,"Daph",17,29.8
"3809",299,0.138312241277366,0.207354924858666,0.277167729714399,"Daph",17,29.9
"3810",300,0.137617019055843,0.207179441836256,0.277218262896825,"Daph",17,30
"3811",301,0.137227525505057,0.206916607255424,0.277402463190219,"Daph",17,30.1
"3812",302,0.136577146795615,0.206682797998984,0.277369978572829,"Daph",17,30.2
"3813",303,0.136005933118249,0.206429539223806,0.277323660938161,"Daph",17,30.3
"3814",304,0.135523862765261,0.206116478208585,0.277411309178844,"Daph",17,30.4
"3815",305,0.134875584440628,0.205856531878854,0.27738307817308,"Daph",17,30.5
"3816",306,0.134238387537686,0.205547938265601,0.277520864345524,"Daph",17,30.6
"3817",307,0.133587429218625,0.205224724036238,0.277716839893821,"Daph",17,30.7
"3818",308,0.132899723782776,0.204908942838204,0.277771849175003,"Daph",17,30.8
"3819",309,0.132264543834404,0.204553925456802,0.277879082841798,"Daph",17,30.9
"3820",310,0.131722444732049,0.204171910636774,0.278178365440703,"Daph",17,31
"3821",311,0.130957922953036,0.203796013847524,0.278453244752749,"Daph",17,31.1
"3822",312,0.130330832462106,0.203412031896957,0.278544799256482,"Daph",17,31.2
"3823",313,0.129429925543392,0.203000609367787,0.278625889981534,"Daph",17,31.3
"3824",314,0.128714664001672,0.202555331662477,0.278482778006146,"Daph",17,31.4
"3825",315,0.127962704324093,0.202125980609329,0.278515197790062,"Daph",17,31.5
"3826",316,0.127089128504064,0.201728287354746,0.278780017406838,"Daph",17,31.6
"3827",317,0.126234982582485,0.201270340877629,0.278856633800657,"Daph",17,31.7
"3828",318,0.125314615483275,0.200777994523687,0.278929499037684,"Daph",17,31.8
"3829",319,0.124614363786603,0.200269091049781,0.278968040565904,"Daph",17,31.9
"3830",320,0.123853944490969,0.199720691373859,0.278891839834541,"Daph",17,32
"3831",321,0.123048757904373,0.199194265729822,0.278843772022229,"Daph",17,32.1
"3832",322,0.122344231301685,0.198680641764822,0.278983460311895,"Daph",17,32.2
"3833",323,0.12153170385428,0.198159935825927,0.278748065305799,"Daph",17,32.3
"3834",324,0.120617089918423,0.197594547982849,0.278815622075242,"Daph",17,32.4
"3835",325,0.119679279508544,0.197061939063409,0.278872587056075,"Daph",17,32.5
"3836",326,0.118766749162839,0.196501779211126,0.278689180783231,"Daph",17,32.6
"3837",327,0.117907929493532,0.19599590372721,0.278473808603737,"Daph",17,32.7
"3838",328,0.1170754424817,0.195395319906708,0.278468447974934,"Daph",17,32.8
"3839",329,0.116200900538873,0.194751712761987,0.278347114051966,"Daph",17,32.9
"3840",330,0.115324434263709,0.194115646427862,0.278177864457787,"Daph",17,33
"3841",331,0.11451972016724,0.193449461698776,0.277938701794171,"Daph",17,33.1
"3842",332,0.113708492385518,0.192761112974968,0.277667973874055,"Daph",17,33.2
"3843",333,0.112832326903955,0.192118861473994,0.27737177780261,"Daph",17,33.3
"3844",334,0.111989994611497,0.191454338328958,0.277029864026234,"Daph",17,33.4
"3845",335,0.111070739263113,0.190710972268442,0.27667925148712,"Daph",17,33.5
"3846",336,0.110034990831872,0.190021794386512,0.276313359238709,"Daph",17,33.6
"3847",337,0.109085762072121,0.189317548307687,0.275933179261441,"Daph",17,33.7
"3848",338,0.108175072054511,0.188537825326646,0.275566919805415,"Daph",17,33.8
"3849",339,0.107212641423252,0.187793237122466,0.275282081554373,"Daph",17,33.9
"3850",340,0.106197540879124,0.187051603363958,0.274731814339525,"Daph",17,34
"3851",341,0.105237617890209,0.186298017971554,0.274741341730195,"Daph",17,34.1
"3852",342,0.104263407207742,0.185575919223902,0.274314835865918,"Daph",17,34.2
"3853",343,0.103255004710645,0.184823351862405,0.27417816360268,"Daph",17,34.3
"3854",344,0.102315747597503,0.184076035789889,0.27381315649131,"Daph",17,34.4
"3855",345,0.1012331627337,0.183282849764725,0.273431921048595,"Daph",17,34.5
"3856",346,0.100251465547833,0.18247730759929,0.273150129937284,"Daph",17,34.6
"3857",347,0.0993194007170717,0.181619079196163,0.272689047969939,"Daph",17,34.7
"3858",348,0.0983548597801658,0.180790294544124,0.272205545885445,"Daph",17,34.8
"3859",349,0.0973432638166531,0.17990145567232,0.271734832041294,"Daph",17,34.9
"3860",350,0.0961793734697986,0.179020335088429,0.271278644400938,"Daph",17,35
"3861",351,0.0952201918675988,0.178216419652545,0.270821869966644,"Daph",17,35.1
"3862",1,0.0059355628597167,0.00667052451124136,0.0074745651370862,"Hydra",17,0.1
"3863",2,0.00594545419542667,0.00667245195596406,0.0074708170949568,"Hydra",17,0.2
"3864",3,0.00595270676965226,0.00667366544766871,0.0074670416243325,"Hydra",17,0.3
"3865",4,0.00596108310670674,0.00667536872541611,0.00746470303480472,"Hydra",17,0.4
"3866",5,0.0059682509169886,0.00667689238132331,0.00746066481887466,"Hydra",17,0.5
"3867",6,0.00597401105338426,0.0066796801927713,0.00745678362965445,"Hydra",17,0.6
"3868",7,0.00598015131388834,0.00668218894921653,0.00745418593858243,"Hydra",17,0.7
"3869",8,0.00598769504778584,0.0066859819363684,0.00745071731331097,"Hydra",17,0.8
"3870",9,0.00599692608512356,0.006689264182735,0.00744741968476927,"Hydra",17,0.9
"3871",10,0.00600285695629425,0.00669212291357111,0.00744520947794643,"Hydra",17,1
"3872",11,0.00601035915209785,0.00669587810149774,0.00744236283219849,"Hydra",17,1.1
"3873",12,0.00601888368371203,0.00670019219752654,0.00744133881905012,"Hydra",17,1.2
"3874",13,0.0060260560564342,0.00670408926744084,0.00744008590446002,"Hydra",17,1.3
"3875",14,0.00603405863805837,0.00670850489747404,0.00743861238745007,"Hydra",17,1.4
"3876",15,0.00604293879991835,0.00671303702405215,0.00743564171420567,"Hydra",17,1.5
"3877",16,0.00605077030810752,0.00671716824303933,0.00743663082205274,"Hydra",17,1.6
"3878",17,0.00606022403139471,0.00672201272186412,0.0074351642342013,"Hydra",17,1.7
"3879",18,0.00606727836817849,0.00672616058718841,0.0074366201944755,"Hydra",17,1.8
"3880",19,0.00607579808959958,0.00673136709768296,0.00743625460589564,"Hydra",17,1.9
"3881",20,0.0060861378029316,0.006736352439549,0.00743681492221723,"Hydra",17,2
"3882",21,0.00609665451061277,0.00674097616616508,0.0074389142176925,"Hydra",17,2.1
"3883",22,0.00610514120439512,0.00674589871520321,0.00744040712428713,"Hydra",17,2.2
"3884",23,0.00611565757370711,0.00675120233865134,0.00743835659988598,"Hydra",17,2.3
"3885",24,0.00612738107900823,0.00675738228987592,0.00743969154158043,"Hydra",17,2.4
"3886",25,0.00613758463190391,0.00676262097941846,0.00744164213429673,"Hydra",17,2.5
"3887",26,0.00614880716127625,0.00676869227935474,0.00744541345582636,"Hydra",17,2.6
"3888",27,0.00615974727442735,0.00677472472545351,0.00744766771446371,"Hydra",17,2.7
"3889",28,0.00616953877307819,0.00678139596415289,0.0074493094311247,"Hydra",17,2.8
"3890",29,0.00618080418025986,0.00678867617119141,0.00745179425089885,"Hydra",17,2.9
"3891",30,0.00619221767579922,0.00679521846927396,0.00745654574660489,"Hydra",17,3
"3892",31,0.0062028078521911,0.00680229140065917,0.00745890967660631,"Hydra",17,3.1
"3893",32,0.00621323651815997,0.00680919362020442,0.00746439022641163,"Hydra",17,3.2
"3894",33,0.00622393743200968,0.0068162339202357,0.00746722920010538,"Hydra",17,3.3
"3895",34,0.00623455280392427,0.00682381963968391,0.00747130831813658,"Hydra",17,3.4
"3896",35,0.00624359547665874,0.00683236393594498,0.00747961434601831,"Hydra",17,3.5
"3897",36,0.00625486663344906,0.00684109509910345,0.00748474828430384,"Hydra",17,3.6
"3898",37,0.00626749877489872,0.006849499807584,0.00749132761389045,"Hydra",17,3.7
"3899",38,0.00627823497772557,0.00685734758951312,0.00749733876974673,"Hydra",17,3.8
"3900",39,0.00629117023059856,0.00686645936757533,0.00750263671582614,"Hydra",17,3.9
"3901",40,0.00630331475037911,0.00687494657240523,0.00750919922219766,"Hydra",17,4
"3902",41,0.00631576461185987,0.00688462752954223,0.00751714584492542,"Hydra",17,4.1
"3903",42,0.00632710091336767,0.00689478321609819,0.00752444131835795,"Hydra",17,4.2
"3904",43,0.0063404088124411,0.00690503476779504,0.00753309896201048,"Hydra",17,4.3
"3905",44,0.00635161301598102,0.00691448326865558,0.00753981875236325,"Hydra",17,4.4
"3906",45,0.00636392194381673,0.00692474617557114,0.00754690121292795,"Hydra",17,4.5
"3907",46,0.0063783710349222,0.00693482457053348,0.00755615172463284,"Hydra",17,4.6
"3908",47,0.00639324032678849,0.00694601429633873,0.00756596582942491,"Hydra",17,4.7
"3909",48,0.00640617898162269,0.00695661574336517,0.0075731639470467,"Hydra",17,4.8
"3910",49,0.00641963691373215,0.00696808748053514,0.00758417439041144,"Hydra",17,4.9
"3911",50,0.00643237266395603,0.00697983026072813,0.00759438092063476,"Hydra",17,5
"3912",51,0.00644676820465179,0.00699150955339899,0.00760422537846325,"Hydra",17,5.1
"3913",52,0.00645994891747496,0.00700379481921644,0.00761533821090837,"Hydra",17,5.2
"3914",53,0.0064730856395339,0.00701583227702838,0.00762603679867894,"Hydra",17,5.3
"3915",54,0.0064877846070831,0.00702855289507068,0.00763695194628927,"Hydra",17,5.4
"3916",55,0.00650106216925867,0.00704108034963769,0.00764882307401645,"Hydra",17,5.5
"3917",56,0.00651569901398937,0.00705422846376259,0.00766001786108805,"Hydra",17,5.6
"3918",57,0.00652906391499337,0.00706696510925134,0.00767020727776301,"Hydra",17,5.7
"3919",58,0.00654406560593043,0.00708100630410234,0.00768266216710436,"Hydra",17,5.8
"3920",59,0.00655806195260236,0.0070942005451157,0.00769641555131909,"Hydra",17,5.9
"3921",60,0.00657294719818419,0.00710875916790029,0.00771097665647965,"Hydra",17,6
"3922",61,0.00658935363196506,0.00712343894382511,0.00772353118304387,"Hydra",17,6.1
"3923",62,0.00660499408526236,0.00713797699503496,0.00773652123289737,"Hydra",17,6.2
"3924",63,0.0066207827625599,0.00715257304973228,0.00774974288648911,"Hydra",17,6.3
"3925",64,0.00663621313749662,0.00716843645263099,0.00776635971919815,"Hydra",17,6.4
"3926",65,0.00665204143166956,0.00718348279934638,0.00778179146620321,"Hydra",17,6.5
"3927",66,0.00666772819894531,0.007199482861995,0.00779701999036263,"Hydra",17,6.6
"3928",67,0.00668338269815545,0.00721537765160605,0.00781279197230219,"Hydra",17,6.7
"3929",68,0.00669971358295277,0.00723172339594067,0.00783013204372206,"Hydra",17,6.8
"3930",69,0.00671764949581,0.00724852983175624,0.00784779851106207,"Hydra",17,6.9
"3931",70,0.00673577361420442,0.00726516473425907,0.00786498665769826,"Hydra",17,7
"3932",71,0.00675309017522017,0.00728219086016279,0.00788078120243716,"Hydra",17,7.1
"3933",72,0.00677009305245488,0.00729861673585662,0.00789843943788286,"Hydra",17,7.2
"3934",73,0.00678616297035026,0.00731646944385526,0.00791564889065879,"Hydra",17,7.3
"3935",74,0.0068046009765273,0.00733428558924514,0.00793508430485248,"Hydra",17,7.4
"3936",75,0.0068220863871534,0.00735267885087818,0.00795361508859374,"Hydra",17,7.5
"3937",76,0.00684091348115932,0.00737085063988745,0.00797457927931032,"Hydra",17,7.6
"3938",77,0.00686010743079401,0.00738971922706821,0.00799424648979993,"Hydra",17,7.7
"3939",78,0.00687838071452946,0.00740911188923538,0.0080141476485285,"Hydra",17,7.8
"3940",79,0.0068976549114948,0.00742850348233587,0.00803571355823797,"Hydra",17,7.9
"3941",80,0.00691668482634826,0.0074489422006819,0.00805708866378662,"Hydra",17,8
"3942",81,0.00693557483844371,0.00746941024180631,0.00808118613716163,"Hydra",17,8.1
"3943",82,0.00695523609805016,0.00749017186832138,0.00810134530022434,"Hydra",17,8.2
"3944",83,0.00697396069602713,0.00751084331554114,0.00812348545746385,"Hydra",17,8.3
"3945",84,0.00699370981249308,0.00753231245609054,0.00814589352450813,"Hydra",17,8.4
"3946",85,0.00701547039354282,0.00755433735053004,0.00816989540720166,"Hydra",17,8.5
"3947",86,0.00703574679703876,0.00757683848370376,0.00819647110496991,"Hydra",17,8.6
"3948",87,0.0070555686445472,0.00759917258816088,0.00822195186305689,"Hydra",17,8.7
"3949",88,0.00707793859875311,0.00762245311288266,0.00824918021045263,"Hydra",17,8.8
"3950",89,0.00709779587599688,0.00764565530393981,0.00827453691661646,"Hydra",17,8.9
"3951",90,0.00711867638923276,0.00766859540632025,0.0083020127321757,"Hydra",17,9
"3952",91,0.00714102862867485,0.00769186262884406,0.00832716268146053,"Hydra",17,9.1
"3953",92,0.00716207813932477,0.0077159626218461,0.00835489796812763,"Hydra",17,9.2
"3954",93,0.00718387803861109,0.00774019556570277,0.00838091033422705,"Hydra",17,9.3
"3955",94,0.00720516777018126,0.00776485457779619,0.00841061934871674,"Hydra",17,9.4
"3956",95,0.00722908107885379,0.00778959543035063,0.0084394956258408,"Hydra",17,9.5
"3957",96,0.00725064474854383,0.00781474113727355,0.00846842907318883,"Hydra",17,9.6
"3958",97,0.00727389658482498,0.00784068454974719,0.00849938455639189,"Hydra",17,9.7
"3959",98,0.00729912634412198,0.00786731371095474,0.00852833957336642,"Hydra",17,9.8
"3960",99,0.0073214417263514,0.00789373027980565,0.0085606074189028,"Hydra",17,9.9
"3961",100,0.0073460689331291,0.00792009940484064,0.00858968268700162,"Hydra",17,10
"3962",101,0.00737116992497425,0.00794746863706704,0.00862100452480165,"Hydra",17,10.1
"3963",102,0.00739705524830712,0.00797544313421026,0.00865368437504464,"Hydra",17,10.2
"3964",103,0.00742149254442836,0.00800377071198609,0.00868646795451051,"Hydra",17,10.3
"3965",104,0.00744581836808803,0.00803284236653662,0.00871858464145244,"Hydra",17,10.4
"3966",105,0.00747181947489983,0.00806182417209572,0.00875016243074392,"Hydra",17,10.5
"3967",106,0.00749768031794812,0.00809193198604656,0.00878573468641138,"Hydra",17,10.6
"3968",107,0.00752372313858003,0.00812159061544594,0.00881916769648486,"Hydra",17,10.7
"3969",108,0.00754965245644732,0.00815258887811741,0.00885208781412255,"Hydra",17,10.8
"3970",109,0.00757792260795424,0.00818338099659062,0.00888545434350759,"Hydra",17,10.9
"3971",110,0.00760411861619523,0.00821478683906605,0.00892085265895505,"Hydra",17,11
"3972",111,0.00763189308840182,0.00824610631211338,0.00895714611474678,"Hydra",17,11.1
"3973",112,0.00766208069684603,0.00827825677197091,0.00899401097523452,"Hydra",17,11.2
"3974",113,0.00769149182819819,0.00831032786508457,0.00903128202458368,"Hydra",17,11.3
"3975",114,0.00772092535102307,0.00834310536072525,0.00906718399530642,"Hydra",17,11.4
"3976",115,0.00775028787833114,0.0083763708494004,0.00910550948505403,"Hydra",17,11.5
"3977",116,0.00778120952325731,0.00841051912194492,0.00914479894175465,"Hydra",17,11.6
"3978",117,0.00780897816662403,0.00844389772754971,0.00918419294241051,"Hydra",17,11.7
"3979",118,0.00783847803372339,0.00847877926754228,0.00922240926362858,"Hydra",17,11.8
"3980",119,0.00787049278130915,0.00851448633302651,0.00926325402764407,"Hydra",17,11.9
"3981",120,0.00790299774194349,0.00855053784353295,0.00930476942614471,"Hydra",17,12
"3982",121,0.00793456267245768,0.00858702610613691,0.00934606802613944,"Hydra",17,12.1
"3983",122,0.00796740057801122,0.00862413795821464,0.00938931750694713,"Hydra",17,12.2
"3984",123,0.00799835085529347,0.00866098076301867,0.00943132889174849,"Hydra",17,12.3
"3985",124,0.00803042299521521,0.00869838643867814,0.00947601504571566,"Hydra",17,12.4
"3986",125,0.00806610877156394,0.00873652762546434,0.00951896634038112,"Hydra",17,12.5
"3987",126,0.0081005920401897,0.00877480493668695,0.00956626629011436,"Hydra",17,12.6
"3988",127,0.00813539866537509,0.00881423027657509,0.00961123279280563,"Hydra",17,12.7
"3989",128,0.00817077185815289,0.00885397132636273,0.00965702966421479,"Hydra",17,12.8
"3990",129,0.00820667051504636,0.00889398772691448,0.00970366330232376,"Hydra",17,12.9
"3991",130,0.00824337499318408,0.00893503083146585,0.00975110075281019,"Hydra",17,13
"3992",131,0.0082809853859473,0.00897647144452344,0.00979745629785204,"Hydra",17,13.1
"3993",132,0.00831868281512418,0.00901865070694507,0.00984773244223972,"Hydra",17,13.2
"3994",133,0.0083559477861604,0.00906060527552893,0.00989455604060178,"Hydra",17,13.3
"3995",134,0.00839335865811524,0.00910438351278844,0.00994423780958407,"Hydra",17,13.4
"3996",135,0.00843166246091955,0.00914734078979074,0.00999470937772303,"Hydra",17,13.5
"3997",136,0.00847055930307637,0.00919159113804124,0.010047952912533,"Hydra",17,13.6
"3998",137,0.00850916674086849,0.0092372920445981,0.0100994090491266,"Hydra",17,13.7
"3999",138,0.00855002264680513,0.00928308935717116,0.0101532352551118,"Hydra",17,13.8
"4000",139,0.00858996601765589,0.00932928232711148,0.0102073905307052,"Hydra",17,13.9
"4001",140,0.00863286600973952,0.00937596294468095,0.0102613168621326,"Hydra",17,14
"4002",141,0.00867384480830336,0.00942247495078652,0.0103159401877922,"Hydra",17,14.1
"4003",142,0.00871397574024804,0.00947047769167329,0.0103729216944539,"Hydra",17,14.2
"4004",143,0.00875671326172655,0.00951879867514111,0.0104272281919388,"Hydra",17,14.3
"4005",144,0.0087995179825417,0.0095677276459086,0.010484769360995,"Hydra",17,14.4
"4006",145,0.00884181983681451,0.00961750345606702,0.0105418906931183,"Hydra",17,14.5
"4007",146,0.00888618648801566,0.00966715598455254,0.0105990810846002,"Hydra",17,14.6
"4008",147,0.00892998525340013,0.00971827427787297,0.0106576205208588,"Hydra",17,14.7
"4009",148,0.00897490236604285,0.00976886624857411,0.0107175641350529,"Hydra",17,14.8
"4010",149,0.00901951743195572,0.00982061697050263,0.0107783219515292,"Hydra",17,14.9
"4011",150,0.00906575656879801,0.00987283436544877,0.0108369076586771,"Hydra",17,15
"4012",151,0.00911268408328178,0.00992569599543765,0.0108994089630193,"Hydra",17,15.1
"4013",152,0.00916034627498774,0.00997993218814464,0.010961240433299,"Hydra",17,15.2
"4014",153,0.00920895804811409,0.010034413586284,0.0110229712361471,"Hydra",17,15.3
"4015",154,0.00925846155427264,0.0100892652095739,0.0110866198629541,"Hydra",17,15.4
"4016",155,0.00930737437000917,0.0101451971674728,0.0111516259862188,"Hydra",17,15.5
"4017",156,0.00935693418694055,0.010201346928218,0.0112147429202964,"Hydra",17,15.6
"4018",157,0.00940753189647029,0.0102577948928965,0.0112814414739554,"Hydra",17,15.7
"4019",158,0.00945823004724545,0.0103154628307554,0.0113468438392512,"Hydra",17,15.8
"4020",159,0.00951063200768651,0.0103742505581822,0.0114152809746767,"Hydra",17,15.9
"4021",160,0.00956278211507985,0.010432707076633,0.0114829938260033,"Hydra",17,16
"4022",161,0.00961562872954281,0.0104931985068914,0.0115531835439439,"Hydra",17,16.1
"4023",162,0.00967079380783381,0.0105530826299691,0.0116200333714127,"Hydra",17,16.2
"4024",163,0.00972564383476003,0.010613466172119,0.0116863273651592,"Hydra",17,16.3
"4025",164,0.00978237490220288,0.0106757817111508,0.0117600803144973,"Hydra",17,16.4
"4026",165,0.00983765188000639,0.0107391100916009,0.0118319031949703,"Hydra",17,16.5
"4027",166,0.00989530835817846,0.0108025898400681,0.0119066663442956,"Hydra",17,16.6
"4028",167,0.00995018136781387,0.0108676763635591,0.0119822735920606,"Hydra",17,16.7
"4029",168,0.0100081698125323,0.0109316159041303,0.0120574358668725,"Hydra",17,16.8
"4030",169,0.0100686352308584,0.0109970346638268,0.0121317513644977,"Hydra",17,16.9
"4031",170,0.010130603255394,0.011063225645855,0.0122078520837505,"Hydra",17,17
"4032",171,0.0101880574996923,0.0111297276292376,0.012283684460132,"Hydra",17,17.1
"4033",172,0.0102461709898324,0.011197958259521,0.012362147780441,"Hydra",17,17.2
"4034",173,0.0103058994441332,0.0112667450303346,0.0124389783838273,"Hydra",17,17.3
"4035",174,0.0103712393948044,0.0113364235814033,0.0125179565405096,"Hydra",17,17.4
"4036",175,0.0104319992536186,0.01140721823087,0.012597781043713,"Hydra",17,17.5
"4037",176,0.0104955851294057,0.0114779283118563,0.0126753390255545,"Hydra",17,17.6
"4038",177,0.0105593521503176,0.0115480653168257,0.012755473511265,"Hydra",17,17.7
"4039",178,0.0106254551830741,0.0116198588761906,0.0128372905887801,"Hydra",17,17.8
"4040",179,0.0106909021950268,0.0116935071357233,0.0129213945338572,"Hydra",17,17.9
"4041",180,0.0107567960530138,0.0117667934340273,0.0130037543770452,"Hydra",17,18
"4042",181,0.0108255576979845,0.0118425738601154,0.0130884959413012,"Hydra",17,18.1
"4043",182,0.010892653459055,0.0119182219719359,0.0131748531328173,"Hydra",17,18.2
"4044",183,0.0109614307501858,0.0119943582819307,0.0132598551889881,"Hydra",17,18.3
"4045",184,0.0110292694082695,0.012071045045325,0.0133492879118081,"Hydra",17,18.4
"4046",185,0.0110988598660625,0.0121485366018845,0.0134395342670908,"Hydra",17,18.5
"4047",186,0.0111697375992986,0.0122272886644568,0.0135249614872723,"Hydra",17,18.6
"4048",187,0.011240795299323,0.0123072456810864,0.0136127296106398,"Hydra",17,18.7
"4049",188,0.0113108256955781,0.0123874470651986,0.0137067144377166,"Hydra",17,18.8
"4050",189,0.0113841841169527,0.0124685427633746,0.0138016242328996,"Hydra",17,18.9
"4051",190,0.0114552352004209,0.0125493527540066,0.0138958045399345,"Hydra",17,19
"4052",191,0.0115266501176331,0.0126316823640181,0.0139879269330619,"Hydra",17,19.1
"4053",192,0.011599610838144,0.012716051315341,0.0140810079867928,"Hydra",17,19.2
"4054",193,0.0116769205164164,0.012801418851241,0.014179238182925,"Hydra",17,19.3
"4055",194,0.0117529253527417,0.0128877070952558,0.0142786931243766,"Hydra",17,19.4
"4056",195,0.0118278395213844,0.0129735844631664,0.0143767600220742,"Hydra",17,19.5
"4057",196,0.0119080723231156,0.0130617212585956,0.0144784654488056,"Hydra",17,19.6
"4058",197,0.0119845622563658,0.0131499295845994,0.014575358047816,"Hydra",17,19.7
"4059",198,0.0120628166893491,0.0132394009061263,0.014681959899947,"Hydra",17,19.8
"4060",199,0.0121420336177295,0.0133292648823357,0.0147861587417474,"Hydra",17,19.9
"4061",200,0.0122214638816355,0.013420978971743,0.0148884292033211,"Hydra",17,20
"4062",201,0.0123058005937806,0.013512935702285,0.0149939781722902,"Hydra",17,20.1
"4063",202,0.012388706916806,0.0136046783196931,0.0150968935545896,"Hydra",17,20.2
"4064",203,0.0124715961757656,0.0136972734334663,0.0152045516733595,"Hydra",17,20.3
"4065",204,0.0125550438932254,0.0137909389134431,0.0153111433653,"Hydra",17,20.4
"4066",205,0.0126406217660796,0.0138861982521731,0.0154209257567685,"Hydra",17,20.5
"4067",206,0.0127291036531843,0.013983056831982,0.0155273975702436,"Hydra",17,20.6
"4068",207,0.0128180312639421,0.0140798111543787,0.0156359640365887,"Hydra",17,20.7
"4069",208,0.0129017391723074,0.0141788612852346,0.015749640370826,"Hydra",17,20.8
"4070",209,0.0129919454299181,0.014278756319374,0.0158625096222233,"Hydra",17,20.9
"4071",210,0.0130800421765027,0.0143781698683069,0.0159813300790101,"Hydra",17,21
"4072",211,0.013167620450216,0.0144791150131719,0.0160918865725189,"Hydra",17,21.1
"4073",212,0.0132587111733879,0.014581934714374,0.0162049203905319,"Hydra",17,21.2
"4074",213,0.0133509549448892,0.0146843647467798,0.0163207833537526,"Hydra",17,21.3
"4075",214,0.0134430054767589,0.014788507005007,0.0164444347341744,"Hydra",17,21.4
"4076",215,0.0135366192968595,0.0148920233684528,0.0165629234426648,"Hydra",17,21.5
"4077",216,0.0136322911001406,0.0149990306656254,0.0166855303572688,"Hydra",17,21.6
"4078",217,0.0137266485739978,0.0151058140203246,0.0168082324992975,"Hydra",17,21.7
"4079",218,0.0138244686199849,0.0152120296944031,0.0169317042209484,"Hydra",17,21.8
"4080",219,0.0139215137495039,0.0153193965314108,0.0170594373588844,"Hydra",17,21.9
"4081",220,0.0140172931321485,0.0154279657285665,0.0171868356122094,"Hydra",17,22
"4082",221,0.0141132397105162,0.0155398522963916,0.017319405954258,"Hydra",17,22.1
"4083",222,0.0142110136317186,0.0156511800475534,0.0174515722211766,"Hydra",17,22.2
"4084",223,0.0143138276981056,0.0157636148047004,0.0175790995340049,"Hydra",17,22.3
"4085",224,0.0144124530510801,0.0158771154530512,0.0177075805114834,"Hydra",17,22.4
"4086",225,0.0145093550918129,0.0159910054001835,0.0178374662387328,"Hydra",17,22.5
"4087",226,0.0146087875820227,0.0161067080197604,0.0179725397751751,"Hydra",17,22.6
"4088",227,0.014709137914667,0.0162229434008939,0.0181074529966744,"Hydra",17,22.7
"4089",228,0.0148113950560796,0.0163412051172096,0.0182405541233324,"Hydra",17,22.8
"4090",229,0.0149130570546965,0.0164592377618568,0.018376153930659,"Hydra",17,22.9
"4091",230,0.0150155042851568,0.0165794673778442,0.0185153598313936,"Hydra",17,23
"4092",231,0.0151174951111665,0.0166995348268917,0.0186529165593776,"Hydra",17,23.1
"4093",232,0.0152210305154057,0.0168214795508871,0.0187907466081516,"Hydra",17,23.2
"4094",233,0.0153259991575039,0.0169442234397393,0.0189312922442136,"Hydra",17,23.3
"4095",234,0.0154324424820634,0.0170667994129108,0.0190761317207821,"Hydra",17,23.4
"4096",235,0.0155382820407887,0.0171903320896908,0.019220369600221,"Hydra",17,23.5
"4097",236,0.0156503091269948,0.0173155874143853,0.0193599500105283,"Hydra",17,23.6
"4098",237,0.0157561341407982,0.0174406898897106,0.0195089110491448,"Hydra",17,23.7
"4099",238,0.0158682454738858,0.0175669412640042,0.0196551473579156,"Hydra",17,23.8
"4100",239,0.0159836094412072,0.0176946475736413,0.0197955315340746,"Hydra",17,23.9
"4101",240,0.0160939662822489,0.0178242945174833,0.0199422391050237,"Hydra",17,24
"4102",241,0.0162039379207728,0.0179537785558487,0.0200963122983661,"Hydra",17,24.1
"4103",242,0.0163162787357256,0.0180846723516531,0.0202533313134371,"Hydra",17,24.2
"4104",243,0.0164295706870634,0.0182173161987518,0.0204047109367926,"Hydra",17,24.3
"4105",244,0.0165463541489169,0.0183493751993574,0.0205565320481567,"Hydra",17,24.4
"4106",245,0.0166593573887434,0.0184848260733473,0.0207113526808601,"Hydra",17,24.5
"4107",246,0.0167766116783342,0.0186194756814301,0.0208649028956571,"Hydra",17,24.6
"4108",247,0.0168962697978268,0.0187549904437665,0.0210167622770123,"Hydra",17,24.7
"4109",248,0.0170147989242089,0.0188914643934877,0.0211763549169616,"Hydra",17,24.8
"4110",249,0.0171331871395026,0.0190303475954679,0.0213387778640909,"Hydra",17,24.9
"4111",250,0.017253965824696,0.019167243772367,0.021503521790438,"Hydra",17,25
"4112",251,0.0173788943946824,0.0193066799282157,0.0216650697815247,"Hydra",17,25.1
"4113",252,0.0174989908472574,0.0194458618257615,0.0218263846409313,"Hydra",17,25.2
"4114",253,0.0176242404479729,0.0195865802227197,0.0219805585843504,"Hydra",17,25.3
"4115",254,0.0177504242469116,0.0197291663976397,0.0221489747588929,"Hydra",17,25.4
"4116",255,0.0178759181941922,0.0198731534809377,0.0223179286143844,"Hydra",17,25.5
"4117",256,0.0179973808564503,0.0200150645417386,0.022490854307694,"Hydra",17,25.6
"4118",257,0.0181273506740541,0.0201581316668152,0.0226499140171833,"Hydra",17,25.7
"4119",258,0.0182488688357377,0.0203027700440762,0.0228210942665991,"Hydra",17,25.8
"4120",259,0.01837491868156,0.0204475089186667,0.0229934693592576,"Hydra",17,25.9
"4121",260,0.0185020035902796,0.0205932353292856,0.0231613864867003,"Hydra",17,26
"4122",261,0.018628279957389,0.0207422177132262,0.0233286549376174,"Hydra",17,26.1
"4123",262,0.0187576170463369,0.0208926541351278,0.0235002471698121,"Hydra",17,26.2
"4124",263,0.0188871815897358,0.021042129263605,0.0236681408656667,"Hydra",17,26.3
"4125",264,0.0190142155275086,0.0211904140148095,0.0238589121735376,"Hydra",17,26.4
"4126",265,0.0191477438823298,0.0213415283459524,0.0240347100958855,"Hydra",17,26.5
"4127",266,0.0192713552902926,0.0214930069555172,0.0242210032486094,"Hydra",17,26.6
"4128",267,0.0193997033787525,0.0216424975411865,0.0243910023143048,"Hydra",17,26.7
"4129",268,0.0195335546505511,0.021795365998132,0.0245759078196167,"Hydra",17,26.8
"4130",269,0.0196624975353032,0.0219461035379023,0.0247590133983841,"Hydra",17,26.9
"4131",270,0.0197939690859715,0.0220965558958431,0.0249411050555552,"Hydra",17,27
"4132",271,0.0199225939734459,0.0222519204114223,0.0251237023554786,"Hydra",17,27.1
"4133",272,0.0200480932089002,0.0224072087410307,0.0252991818719937,"Hydra",17,27.2
"4134",273,0.0201851642550114,0.0225628152721316,0.0254891373529717,"Hydra",17,27.3
"4135",274,0.0203191025680612,0.0227224413096491,0.0256792779495596,"Hydra",17,27.4
"4136",275,0.020451872137952,0.0228777054028053,0.0258614449722946,"Hydra",17,27.5
"4137",276,0.0205814324470813,0.0230331369401633,0.0260457462600703,"Hydra",17,27.6
"4138",277,0.0207203917837186,0.0231916665063931,0.0262337959223732,"Hydra",17,27.7
"4139",278,0.0208523654878869,0.0233506623795638,0.0264243880529664,"Hydra",17,27.8
"4140",279,0.0209899050861002,0.0235087874890447,0.0266163727291386,"Hydra",17,27.9
"4141",280,0.0211148583283666,0.0236683477005817,0.0268158207023946,"Hydra",17,28
"4142",281,0.0212450889332644,0.023829615977474,0.0270003655209537,"Hydra",17,28.1
"4143",282,0.0213801072150296,0.0239907721328487,0.0271947104933739,"Hydra",17,28.2
"4144",283,0.0215159672680652,0.0241526214285212,0.0273836510608897,"Hydra",17,28.3
"4145",284,0.0216499864295566,0.0243170585221285,0.0275757885084892,"Hydra",17,28.4
"4146",285,0.0217909101658736,0.0244797509594269,0.0277593747755924,"Hydra",17,28.5
"4147",286,0.0219279093702784,0.0246440820772895,0.0279533197418926,"Hydra",17,28.6
"4148",287,0.0220666537464489,0.0248048040447078,0.0281528396673362,"Hydra",17,28.7
"4149",288,0.0222016660212827,0.0249699128196383,0.0283451203205085,"Hydra",17,28.8
"4150",289,0.022339489584637,0.0251298562294262,0.0285393131217387,"Hydra",17,28.9
"4151",290,0.0224712612114944,0.0252966619214481,0.0287294014133105,"Hydra",17,29
"4152",291,0.0226058209149131,0.0254585681396225,0.0289298201174417,"Hydra",17,29.1
"4153",292,0.0227498646112975,0.0256210221964649,0.0291307675391981,"Hydra",17,29.2
"4154",293,0.0228825895928241,0.0257880066186668,0.0293312541202785,"Hydra",17,29.3
"4155",294,0.0230212672580606,0.0259528833521401,0.0295249548525973,"Hydra",17,29.4
"4156",295,0.0231649219527597,0.0261162482288432,0.0297297944981818,"Hydra",17,29.5
"4157",296,0.0233068256025354,0.0262843918151013,0.0299313986158997,"Hydra",17,29.6
"4158",297,0.0234451150141791,0.0264566401303932,0.0301230032795577,"Hydra",17,29.7
"4159",298,0.0235841016493308,0.0266247546738927,0.0303215974923285,"Hydra",17,29.8
"4160",299,0.0237225018016177,0.0267903536449603,0.0305256871611524,"Hydra",17,29.9
"4161",300,0.0238587248930098,0.0269572435168863,0.03072744533314,"Hydra",17,30
"4162",301,0.023991455792481,0.0271219499756039,0.0309364661208837,"Hydra",17,30.1
"4163",302,0.0241196530359976,0.0272932219939962,0.0311510456276468,"Hydra",17,30.2
"4164",303,0.0242582220628444,0.0274571032884749,0.0313614464571414,"Hydra",17,30.3
"4165",304,0.024396968805351,0.0276250911628854,0.0315645130411009,"Hydra",17,30.4
"4166",305,0.0245348061094564,0.0277925948043895,0.0317708328491374,"Hydra",17,30.5
"4167",306,0.0246815725196186,0.0279603580899357,0.0319883716717783,"Hydra",17,30.6
"4168",307,0.0248218389964717,0.0281288442764328,0.0321910620557107,"Hydra",17,30.7
"4169",308,0.0249597791310523,0.0282960362789171,0.0323966753656593,"Hydra",17,30.8
"4170",309,0.0250971009945938,0.0284644125047059,0.0326022552080565,"Hydra",17,30.9
"4171",310,0.0252381950105963,0.0286298501012305,0.0328051222393412,"Hydra",17,31
"4172",311,0.0253773648516721,0.0287974279805519,0.0330194997315631,"Hydra",17,31.1
"4173",312,0.0255198749489928,0.0289655824294498,0.0332355495762489,"Hydra",17,31.2
"4174",313,0.0256562365565115,0.0291338040199392,0.0334459465973867,"Hydra",17,31.3
"4175",314,0.02579337295791,0.0292999520217678,0.0336646824544429,"Hydra",17,31.4
"4176",315,0.0259292137258063,0.0294660786661901,0.0338860020823391,"Hydra",17,31.5
"4177",316,0.0260667121026925,0.029634278178514,0.0340965082325066,"Hydra",17,31.6
"4178",317,0.0261993344834552,0.0298025426883772,0.0342917519512107,"Hydra",17,31.7
"4179",318,0.0263274778424816,0.0299659132121004,0.0345058724083171,"Hydra",17,31.8
"4180",319,0.0264585580959703,0.0301297997806792,0.0347087917058155,"Hydra",17,31.9
"4181",320,0.0265891719985418,0.0302994857531446,0.0349108572517879,"Hydra",17,32
"4182",321,0.0267192364045392,0.0304643160225406,0.0351235002669772,"Hydra",17,32.1
"4183",322,0.0268476535204407,0.0306290726550392,0.0353471961096761,"Hydra",17,32.2
"4184",323,0.0269879621793804,0.03079407931989,0.0355700718895155,"Hydra",17,32.3
"4185",324,0.0271078183344185,0.0309556981551825,0.035788999589953,"Hydra",17,32.4
"4186",325,0.0272323493788669,0.0311183710059368,0.0360129021340465,"Hydra",17,32.5
"4187",326,0.0273753482916711,0.0312839094071697,0.0362406474551454,"Hydra",17,32.6
"4188",327,0.0274959790999621,0.0314429220558781,0.0364686039616569,"Hydra",17,32.7
"4189",328,0.0276207896365664,0.0316073216132699,0.0366830350547779,"Hydra",17,32.8
"4190",329,0.0277384297886583,0.0317686164740272,0.0369074738032245,"Hydra",17,32.9
"4191",330,0.0278541513911408,0.031936390343839,0.0371302275187059,"Hydra",17,33
"4192",331,0.0279669653390672,0.0320955618451359,0.0373424335722437,"Hydra",17,33.1
"4193",332,0.0280822734700503,0.0322540310552774,0.0375591945215559,"Hydra",17,33.2
"4194",333,0.0282111085006628,0.0324099504497339,0.0377717314774793,"Hydra",17,33.3
"4195",334,0.02833890153052,0.0325656294066156,0.0379876113729944,"Hydra",17,33.4
"4196",335,0.0284582548916747,0.0327243686313067,0.0382126112601399,"Hydra",17,33.5
"4197",336,0.028576808317695,0.0328854560230792,0.0384058641294729,"Hydra",17,33.6
"4198",337,0.0287008976683747,0.0330451090129019,0.0386292005439814,"Hydra",17,33.7
"4199",338,0.0288125783378674,0.03320031611549,0.0388489129889438,"Hydra",17,33.8
"4200",339,0.0289346598082235,0.0333548947775507,0.03905859899067,"Hydra",17,33.9
"4201",340,0.0290525743780773,0.0335120082131814,0.0392559777717587,"Hydra",17,34
"4202",341,0.0291593272171109,0.0336630914921108,0.0394701074707238,"Hydra",17,34.1
"4203",342,0.0292675288414997,0.0338142828938405,0.0396646501872312,"Hydra",17,34.2
"4204",343,0.029363279595935,0.0339633188412534,0.0398859892326454,"Hydra",17,34.3
"4205",344,0.02946565688893,0.0341075162422821,0.0400880440615275,"Hydra",17,34.4
"4206",345,0.0295802433325996,0.0342648980431379,0.040306216369365,"Hydra",17,34.5
"4207",346,0.0296756157538556,0.0344129313767203,0.0405075818810324,"Hydra",17,34.6
"4208",347,0.0297780936997072,0.0345562070500174,0.0407314036200835,"Hydra",17,34.7
"4209",348,0.029883083488394,0.034709298635219,0.0409520103639422,"Hydra",17,34.8
"4210",349,0.0299809610931703,0.0348561561393152,0.0411500196718865,"Hydra",17,34.9
"4211",350,0.0300698419403817,0.0350047659390093,0.0413704945657924,"Hydra",17,35
"4212",351,0.0301635473108056,0.0351555670222057,0.0415716905782604,"Hydra",17,35.1
"4213",1,184628.967078591,209591.538469495,238791.996769756,"Alg",14,0.1
"4214",2,185571.989894049,210581.03162952,239808.880633317,"Alg",14,0.2
"4215",3,186552.751823847,211564.918555424,240799.261609938,"Alg",14,0.3
"4216",4,187512.82406824,212566.39661681,241814.01194217,"Alg",14,0.4
"4217",5,188535.227409754,213566.066961956,242850.645507466,"Alg",14,0.5
"4218",6,189535.602601207,214583.252757834,243885.505223185,"Alg",14,0.6
"4219",7,190504.170967459,215577.372436428,244924.809398862,"Alg",14,0.7
"4220",8,191449.575535963,216570.474284949,245981.696676707,"Alg",14,0.8
"4221",9,192411.583273085,217590.4175319,247049.295956995,"Alg",14,0.9
"4222",10,193416.148366071,218623.46359247,248081.179461272,"Alg",14,1
"4223",11,194416.957586688,219651.270835334,249136.638460004,"Alg",14,1.1
"4224",12,195425.622367951,220707.446704001,250217.333567528,"Alg",14,1.2
"4225",13,196465.969591543,221741.829713646,251216.71986293,"Alg",14,1.3
"4226",14,197456.704306843,222787.514765265,252294.36806877,"Alg",14,1.4
"4227",15,198503.807823556,223841.338670628,253383.309456324,"Alg",14,1.5
"4228",16,199572.051840321,224885.603428396,254486.629073098,"Alg",14,1.6
"4229",17,200635.145161663,225917.307585858,255581.276079388,"Alg",14,1.7
"4230",18,201636.511940652,226969.781915232,256661.036037929,"Alg",14,1.8
"4231",19,202643.911324726,228016.983041698,257769.945117589,"Alg",14,1.9
"4232",20,203727.339588458,229073.432133331,258854.403604571,"Alg",14,2
"4233",21,204777.196128675,230134.21068184,259922.338035077,"Alg",14,2.1
"4234",22,205814.032381457,231213.936581824,261092.865406295,"Alg",14,2.2
"4235",23,206839.61273919,232294.508976267,262247.913056163,"Alg",14,2.3
"4236",24,207898.267165574,233373.870899224,263359.325042181,"Alg",14,2.4
"4237",25,208943.324055648,234480.987243823,264443.406232341,"Alg",14,2.5
"4238",26,209963.781080392,235581.090562398,265593.606029624,"Alg",14,2.6
"4239",27,211015.914557591,236698.468646594,266679.757977996,"Alg",14,2.7
"4240",28,212104.776981378,237804.369992256,267768.507138183,"Alg",14,2.8
"4241",29,213173.627275256,238899.963015694,268939.179801907,"Alg",14,2.9
"4242",30,214235.595810566,240004.815811639,270031.609547811,"Alg",14,3
"4243",31,215330.280019686,241123.703150963,271122.530691455,"Alg",14,3.1
"4244",32,216405.852863411,242229.794975262,272278.660884104,"Alg",14,3.2
"4245",33,217486.743383483,243374.337822334,273437.528556754,"Alg",14,3.3
"4246",34,218561.14682928,244515.043035834,274593.653930823,"Alg",14,3.4
"4247",35,219700.5661231,245660.205937999,275672.969500679,"Alg",14,3.5
"4248",36,220805.486901212,246799.882136441,276812.685686902,"Alg",14,3.6
"4249",37,221945.17183515,247942.501871327,278020.637097635,"Alg",14,3.7
"4250",38,223083.407368795,249083.327540467,279164.333593523,"Alg",14,3.8
"4251",39,224209.618209876,250241.644691362,280355.045907536,"Alg",14,3.9
"4252",40,225325.490427022,251391.674026869,281546.328792149,"Alg",14,4
"4253",41,226433.688425603,252565.403973267,282766.074873258,"Alg",14,4.1
"4254",42,227552.473086642,253739.321462201,283933.256031907,"Alg",14,4.2
"4255",43,228650.336563686,254908.106584933,285093.938501038,"Alg",14,4.3
"4256",44,229811.717190439,256085.52504536,286333.18681461,"Alg",14,4.4
"4257",45,230927.557860276,257254.833367862,287476.634608789,"Alg",14,4.5
"4258",46,232096.083573052,258444.467062114,288627.42769805,"Alg",14,4.6
"4259",47,233261.357866467,259635.905712782,289862.850587798,"Alg",14,4.7
"4260",48,234445.974780573,260840.333613273,291119.007122089,"Alg",14,4.8
"4261",49,235611.521305676,262034.383491162,292395.328364101,"Alg",14,4.9
"4262",50,236759.53761285,263236.931377814,293698.773231949,"Alg",14,5
"4263",51,237921.889703232,264444.385137988,294930.996808093,"Alg",14,5.1
"4264",52,239089.714889963,265657.049145804,296180.085051789,"Alg",14,5.2
"4265",53,240267.236663514,266871.156852682,297415.086728067,"Alg",14,5.3
"4266",54,241438.846978893,268108.285383273,298707.509858288,"Alg",14,5.4
"4267",55,242696.134435952,269349.140148391,299981.099815633,"Alg",14,5.5
"4268",56,243856.100707413,270568.280357734,301232.757260723,"Alg",14,5.6
"4269",57,245043.565340971,271785.219742585,302472.536754964,"Alg",14,5.7
"4270",58,246277.799661191,273053.142771468,303782.650996358,"Alg",14,5.8
"4271",59,247495.210781034,274294.319798049,305097.39434817,"Alg",14,5.9
"4272",60,248752.903562441,275544.192784277,306403.583252717,"Alg",14,6
"4273",61,249994.274980006,276797.979601358,307618.093661532,"Alg",14,6.1
"4274",62,251244.690922491,278054.918583589,308919.140433148,"Alg",14,6.2
"4275",63,252518.484564358,279337.902227278,310251.6652854,"Alg",14,6.3
"4276",64,253700.489746118,280622.643032945,311568.553489969,"Alg",14,6.4
"4277",65,254894.584293184,281893.565309285,312895.777058187,"Alg",14,6.5
"4278",66,256168.071674634,283172.688663626,314241.460729689,"Alg",14,6.6
"4279",67,257439.638298118,284457.080732815,315601.119468178,"Alg",14,6.7
"4280",68,258691.262352492,285741.620502033,316902.719316488,"Alg",14,6.8
"4281",69,259964.105677993,287043.045154182,318246.988472675,"Alg",14,6.9
"4282",70,261234.325951949,288323.594402272,319547.322104101,"Alg",14,7
"4283",71,262508.733491244,289640.665048211,320849.191741897,"Alg",14,7.1
"4284",72,263703.309549366,290960.414170751,322227.302890197,"Alg",14,7.2
"4285",73,264976.471244834,292280.65384624,323547.339285233,"Alg",14,7.3
"4286",74,266293.071546286,293615.756169247,324947.60865265,"Alg",14,7.4
"4287",75,267584.056234161,294949.079101778,326328.457908132,"Alg",14,7.5
"4288",76,268868.873699206,296277.171138098,327701.699879763,"Alg",14,7.6
"4289",77,270190.251454277,297639.450852427,329021.053980002,"Alg",14,7.7
"4290",78,271476.034714373,298987.827002163,330388.526921147,"Alg",14,7.8
"4291",79,272758.507115697,300365.712039559,331736.111015785,"Alg",14,7.9
"4292",80,274065.123735069,301730.272881215,333142.668903935,"Alg",14,8
"4293",81,275372.630949482,303083.259558897,334509.792478766,"Alg",14,8.1
"4294",82,276690.265240707,304466.76597608,335935.918413922,"Alg",14,8.2
"4295",83,278018.66346231,305842.079625228,337372.338039896,"Alg",14,8.3
"4296",84,279332.9698625,307206.973260707,338818.120373764,"Alg",14,8.4
"4297",85,280674.523185325,308568.28085069,340250.504202792,"Alg",14,8.5
"4298",86,282008.862178374,309943.804780699,341657.542018913,"Alg",14,8.6
"4299",87,283333.544129844,311328.704113833,343100.554251623,"Alg",14,8.7
"4300",88,284668.585964631,312717.719187515,344562.344764993,"Alg",14,8.8
"4301",89,286005.699288705,314109.763781702,346005.994049525,"Alg",14,8.9
"4302",90,287367.895729755,315507.942415013,347483.824731525,"Alg",14,9
"4303",91,288704.704622395,316925.106278965,348981.830438305,"Alg",14,9.1
"4304",92,290070.242547361,318367.017391283,350443.110688273,"Alg",14,9.2
"4305",93,291410.321424871,319815.216587317,351939.138753859,"Alg",14,9.3
"4306",94,292765.584683252,321259.1906473,353386.670824893,"Alg",14,9.4
"4307",95,294153.482655381,322712.804187625,354909.074362649,"Alg",14,9.5
"4308",96,295545.48413443,324157.384572514,356400.280953202,"Alg",14,9.6
"4309",97,296922.954443726,325586.018163199,357932.694150023,"Alg",14,9.7
"4310",98,298288.099694973,327003.131628669,359429.972972747,"Alg",14,9.8
"4311",99,299661.552698229,328445.512561876,360995.643977476,"Alg",14,9.9
"4312",100,301010.830809433,329899.842991785,362500.823377768,"Alg",14,10
"4313",101,302380.571840452,331363.478724817,364053.559375575,"Alg",14,10.1
"4314",102,303762.923866339,332847.694580812,365606.113220161,"Alg",14,10.2
"4315",103,305151.425769535,334338.815838012,367101.126097057,"Alg",14,10.3
"4316",104,306558.625619504,335823.229944097,368632.419184369,"Alg",14,10.4
"4317",105,308005.085701702,337290.005906782,370138.767618339,"Alg",14,10.5
"4318",106,309400.248667766,338790.188213953,371616.042820943,"Alg",14,10.6
"4319",107,310794.134725464,340268.690038211,373139.772318176,"Alg",14,10.7
"4320",108,312260.023778464,341760.991224634,374711.40205472,"Alg",14,10.8
"4321",109,313669.192084915,343258.301558055,376324.301110465,"Alg",14,10.9
"4322",110,315125.858113183,344793.05468184,377847.838744915,"Alg",14,11
"4323",111,316604.632683427,346313.936704229,379340.250752977,"Alg",14,11.1
"4324",112,318043.702321317,347827.009043782,380913.757166358,"Alg",14,11.2
"4325",113,319502.696836321,349361.733953036,382489.380723223,"Alg",14,11.3
"4326",114,320949.611849626,350910.898892553,384068.684045121,"Alg",14,11.4
"4327",115,322446.266987911,352441.658431547,385641.255412786,"Alg",14,11.5
"4328",116,323957.799382961,353956.590843141,387191.57537629,"Alg",14,11.6
"4329",117,325413.020151037,355486.512430191,388743.224071768,"Alg",14,11.7
"4330",118,326925.068458174,357028.825448807,390381.713061374,"Alg",14,11.8
"4331",119,328425.237889432,358593.719272385,391946.566342648,"Alg",14,11.9
"4332",120,329941.396220163,360154.875021678,393539.002230601,"Alg",14,12
"4333",121,331428.440664379,361719.520171411,395178.146897981,"Alg",14,12.1
"4334",122,332943.891708906,363305.64522183,396832.877233073,"Alg",14,12.2
"4335",123,334461.351071647,364892.158436998,398412.369035376,"Alg",14,12.3
"4336",124,335929.46586172,366480.342805571,400067.970976565,"Alg",14,12.4
"4337",125,337428.523756203,368102.400337109,401704.347144528,"Alg",14,12.5
"4338",126,338989.663851951,369668.364256988,403364.723600526,"Alg",14,12.6
"4339",127,340554.358760084,371272.364256326,405016.652812946,"Alg",14,12.7
"4340",128,342091.796878085,372869.849940306,406648.455712709,"Alg",14,12.8
"4341",129,343621.771689121,374456.182514845,408330.240100631,"Alg",14,12.9
"4342",130,345220.421653162,376070.727937602,409976.810235992,"Alg",14,13
"4343",131,346784.901893654,377715.113915317,411686.138425379,"Alg",14,13.1
"4344",132,348326.846655131,379342.089725667,413350.05698611,"Alg",14,13.2
"4345",133,349941.016113113,380970.381206908,415043.218127527,"Alg",14,13.3
"4346",134,351536.162779012,382612.138726082,416771.17877908,"Alg",14,13.4
"4347",135,353053.732795356,384242.22781555,418548.706685141,"Alg",14,13.5
"4348",136,354543.360696524,385900.862879043,420182.390375039,"Alg",14,13.6
"4349",137,356095.317400207,387562.673795632,421949.256075023,"Alg",14,13.7
"4350",138,357675.505004243,389207.842230811,423687.138382564,"Alg",14,13.8
"4351",139,359235.061178501,390867.656394224,425452.847258716,"Alg",14,13.9
"4352",140,360795.473507029,392557.095885072,427198.532582574,"Alg",14,14
"4353",141,362337.17479643,394195.679675055,428908.001246889,"Alg",14,14.1
"4354",142,363851.239289115,395873.141608142,430639.681190957,"Alg",14,14.2
"4355",143,365426.862749377,397568.52379882,432336.919218236,"Alg",14,14.3
"4356",144,367061.023362499,399234.365052165,434099.944350817,"Alg",14,14.4
"4357",145,368665.331906515,400938.525883438,435849.251753396,"Alg",14,14.5
"4358",146,370279.576026243,402631.879243867,437685.863054268,"Alg",14,14.6
"4359",147,371910.723956654,404349.718290146,439474.795275572,"Alg",14,14.7
"4360",148,373467.778051136,406066.938660517,441232.302284599,"Alg",14,14.8
"4361",149,375096.733551498,407737.034715135,443033.500771635,"Alg",14,14.9
"4362",150,376792.618049356,409449.118583581,444808.616082655,"Alg",14,15
"4363",151,378418.872277612,411171.077045921,446578.830059226,"Alg",14,15.1
"4364",152,380029.609556526,412903.903750777,448459.778540479,"Alg",14,15.2
"4365",153,381699.226936938,414622.509741518,450268.906866623,"Alg",14,15.3
"4366",154,383332.690161355,416370.937692217,452018.729789148,"Alg",14,15.4
"4367",155,384886.249652425,418105.131920693,453798.657102051,"Alg",14,15.5
"4368",156,386559.065161083,419847.448076137,455660.277527225,"Alg",14,15.6
"4369",157,388278.958154795,421615.467123249,457527.682278854,"Alg",14,15.7
"4370",158,389997.18620068,423355.183636157,459353.516075408,"Alg",14,15.8
"4371",159,391665.474364486,425110.885601356,461162.518639638,"Alg",14,15.9
"4372",160,393348.405853076,426894.349376462,463075.418153463,"Alg",14,16
"4373",161,394998.715005338,428668.931468424,464923.709803506,"Alg",14,16.1
"4374",162,396665.465178173,430412.423850852,466803.127470977,"Alg",14,16.2
"4375",163,398352.379967128,432202.439981661,468672.84647935,"Alg",14,16.3
"4376",164,400025.393012753,433973.20586065,470471.386949975,"Alg",14,16.4
"4377",165,401745.469742579,435783.275077438,472359.955157646,"Alg",14,16.5
"4378",166,403469.336641807,437561.164196691,474184.282897709,"Alg",14,16.6
"4379",167,405175.458081103,439366.903226706,476045.136616604,"Alg",14,16.7
"4380",168,406895.908514531,441176.952196569,477986.836951102,"Alg",14,16.8
"4381",169,408631.810417149,442977.18819076,479844.689124517,"Alg",14,16.9
"4382",170,410330.252125304,444804.969722654,481784.206540701,"Alg",14,17
"4383",171,412018.390546698,446628.489451074,483625.143591666,"Alg",14,17.1
"4384",172,413744.04676971,448461.114929828,485493.162589853,"Alg",14,17.2
"4385",173,415472.703063282,450260.255019103,487400.929287575,"Alg",14,17.3
"4386",174,417197.726193144,452115.068176518,489288.450338119,"Alg",14,17.4
"4387",175,418909.851863675,453961.251039478,491247.701910198,"Alg",14,17.5
"4388",176,420701.401558018,455801.866988825,493189.788077922,"Alg",14,17.6
"4389",177,422452.993406739,457623.018380017,495234.752965836,"Alg",14,17.7
"4390",178,424219.26702957,459457.041477506,497242.071557649,"Alg",14,17.8
"4391",179,425945.054953075,461328.290823868,499239.604994132,"Alg",14,17.9
"4392",180,427651.308793312,463199.436967735,501281.743393381,"Alg",14,18
"4393",181,429451.470223755,465048.873401762,503175.804776546,"Alg",14,18.1
"4394",182,431208.697795874,466915.022386918,505141.758863562,"Alg",14,18.2
"4395",183,433033.603163318,468766.038386431,507079.65563604,"Alg",14,18.3
"4396",184,434832.452149213,470686.063113809,508996.900221084,"Alg",14,18.4
"4397",185,436699.357999251,472581.480907118,510951.879157446,"Alg",14,18.5
"4398",186,438495.19222647,474493.482851731,512869.476706635,"Alg",14,18.6
"4399",187,440310.389037346,476373.235647463,514827.18862207,"Alg",14,18.7
"4400",188,442109.259600038,478259.886424527,516931.283039417,"Alg",14,18.8
"4401",189,443887.373688822,480150.155323266,518936.439449659,"Alg",14,18.9
"4402",190,445725.71661801,482062.057100139,521012.492960492,"Alg",14,19
"4403",191,447567.933805831,483966.093227305,522990.870847273,"Alg",14,19.1
"4404",192,449384.13501116,485871.862194029,525002.34198234,"Alg",14,19.2
"4405",193,451183.48174916,487799.08378495,527067.105265079,"Alg",14,19.3
"4406",194,452994.022028981,489689.874291827,529065.38273103,"Alg",14,19.4
"4407",195,454796.126001633,491612.863398075,531099.584180413,"Alg",14,19.5
"4408",196,456582.777975263,493544.247077228,533118.253950918,"Alg",14,19.6
"4409",197,458388.700667618,495481.861975892,535237.378038064,"Alg",14,19.7
"4410",198,460182.921021188,497433.881164722,537211.429439239,"Alg",14,19.8
"4411",199,462015.98551876,499386.005121959,539260.606148611,"Alg",14,19.9
"4412",200,463854.135964134,501356.626268753,541340.501721642,"Alg",14,20
"4413",201,465699.409960021,503288.331154079,543392.416243871,"Alg",14,20.1
"4414",202,467502.670434331,505274.401978726,545447.526853053,"Alg",14,20.2
"4415",203,469385.035830926,507265.034576993,547552.247343565,"Alg",14,20.3
"4416",204,471268.847987602,509237.184390658,549624.134911092,"Alg",14,20.4
"4417",205,473131.80158758,511237.112511607,551588.320819742,"Alg",14,20.5
"4418",206,474934.304809664,513220.731791775,553677.09122149,"Alg",14,20.6
"4419",207,476742.468645011,515215.628696284,555807.467825102,"Alg",14,20.7
"4420",208,478565.158486412,517211.939766806,557951.661820648,"Alg",14,20.8
"4421",209,480378.315367194,519216.323276649,560098.951740706,"Alg",14,20.9
"4422",210,482257.457956434,521212.482876557,562096.804056943,"Alg",14,21
"4423",211,484025.550167166,523207.117011665,564186.717498256,"Alg",14,21.1
"4424",212,485899.562958563,525208.099949898,566341.888026674,"Alg",14,21.2
"4425",213,487831.984397361,527220.198982588,568470.275148369,"Alg",14,21.3
"4426",214,489789.258590181,529207.022722847,570669.925426235,"Alg",14,21.4
"4427",215,491638.037578149,531225.841864574,572792.136157337,"Alg",14,21.5
"4428",216,493584.746371583,533227.32864158,574873.377794946,"Alg",14,21.6
"4429",217,495462.337293311,535238.570805472,576982.094996316,"Alg",14,21.7
"4430",218,497366.841555091,537279.630724452,579145.733268866,"Alg",14,21.8
"4431",219,499262.631916742,539271.367018766,581152.380249869,"Alg",14,21.9
"4432",220,501166.738472249,541294.670749422,583268.56519034,"Alg",14,22
"4433",221,503033.3440568,543330.035428547,585387.763316716,"Alg",14,22.1
"4434",222,504952.921698231,545357.981256678,587524.660075161,"Alg",14,22.2
"4435",223,506931.981957918,547396.768538676,589640.70700877,"Alg",14,22.3
"4436",224,508792.838128325,549379.706843202,591765.338774458,"Alg",14,22.4
"4437",225,510745.263151201,551440.78918262,593896.967045517,"Alg",14,22.5
"4438",226,512611.823297823,553485.084605132,596048.523065533,"Alg",14,22.6
"4439",227,514536.073780996,555563.789217336,598175.850176012,"Alg",14,22.7
"4440",228,516398.184493838,557633.43225854,600373.196358229,"Alg",14,22.8
"4441",229,518336.328312962,559690.258892053,602548.440108944,"Alg",14,22.9
"4442",230,520249.235183527,561693.825064705,604712.279781312,"Alg",14,23
"4443",231,522146.382590626,563758.598121808,606928.064094955,"Alg",14,23.1
"4444",232,524067.602027685,565841.661948789,609095.26407602,"Alg",14,23.2
"4445",233,526023.945006771,567940.42352058,611365.976186674,"Alg",14,23.3
"4446",234,527996.005722112,570038.922759586,613560.917715439,"Alg",14,23.4
"4447",235,529895.055789513,572143.34989119,615779.050814896,"Alg",14,23.5
"4448",236,531798.808180151,574242.666612639,617973.897994836,"Alg",14,23.6
"4449",237,533694.487113017,576361.839665669,620118.166980559,"Alg",14,23.7
"4450",238,535602.557775651,578459.455814687,622323.309712834,"Alg",14,23.8
"4451",239,537510.33457004,580569.21566232,624601.253065497,"Alg",14,23.9
"4452",240,539398.718320757,582688.167599009,626838.034024948,"Alg",14,24
"4453",241,541337.230116402,584796.015416441,629079.625867622,"Alg",14,24.1
"4454",242,543375.396406384,586896.957810705,631448.940078238,"Alg",14,24.2
"4455",243,545347.189041827,589005.024922282,633644.733138337,"Alg",14,24.3
"4456",244,547350.592369369,591107.271499956,635840.859287913,"Alg",14,24.4
"4457",245,549307.115781798,593251.047743392,638065.933992433,"Alg",14,24.5
"4458",246,551298.311567609,595401.249930316,640354.982928808,"Alg",14,24.6
"4459",247,553265.726883327,597537.328141401,642574.266468687,"Alg",14,24.7
"4460",248,555356.380409101,599685.510743156,644849.770295719,"Alg",14,24.8
"4461",249,557343.268070983,601820.687304433,647189.414715671,"Alg",14,24.9
"4462",250,559270.834053662,603963.477434602,649488.129694306,"Alg",14,25
"4463",251,561249.573335564,606069.403735857,651808.879322733,"Alg",14,25.1
"4464",252,563174.106981412,608245.901029819,654136.759838012,"Alg",14,25.2
"4465",253,565097.92365677,610442.930921822,656557.816092629,"Alg",14,25.3
"4466",254,567044.005396398,612586.010050989,658903.405638549,"Alg",14,25.4
"4467",255,569005.131089935,614801.878939441,661054.152613886,"Alg",14,25.5
"4468",256,570926.50614386,616970.15762405,663442.037709857,"Alg",14,25.6
"4469",257,572823.680403261,619144.706479596,665849.482266349,"Alg",14,25.7
"4470",258,574745.293114983,621296.188764857,668183.509653338,"Alg",14,25.8
"4471",259,576658.98309671,623486.391464607,670439.64810516,"Alg",14,25.9
"4472",260,578626.969682546,625633.344955654,672754.325031285,"Alg",14,26
"4473",261,580531.300702693,627772.034644567,675240.01450834,"Alg",14,26.1
"4474",262,582548.465800049,629954.155227421,677554.782518275,"Alg",14,26.2
"4475",263,584546.852202571,632114.163497288,679898.174034833,"Alg",14,26.3
"4476",264,586469.498964868,634314.932508041,682204.290413255,"Alg",14,26.4
"4477",265,588427.67513733,636444.967406314,684585.946348518,"Alg",14,26.5
"4478",266,590444.971867718,638656.483308967,687071.199284853,"Alg",14,26.6
"4479",267,592329.470601776,640865.320664773,689323.721988631,"Alg",14,26.7
"4480",268,594164.846156283,643079.066850899,691710.547906702,"Alg",14,26.8
"4481",269,596067.616819684,645246.628082477,694105.268530965,"Alg",14,26.9
"4482",270,597901.303080362,647407.670576904,696598.072764444,"Alg",14,27
"4483",271,599744.708617917,649623.816495276,698908.998883372,"Alg",14,27.1
"4484",272,601774.357463907,651783.793252302,701372.666135858,"Alg",14,27.2
"4485",273,603815.309535713,653890.753905885,703775.258928528,"Alg",14,27.3
"4486",274,605808.863663281,656144.733844165,706326.532162266,"Alg",14,27.4
"4487",275,607657.475516678,658312.211557667,708793.446904078,"Alg",14,27.5
"4488",276,609573.8594606,660500.639793267,711079.503913718,"Alg",14,27.6
"4489",277,611547.023803195,662679.938562727,713606.343431476,"Alg",14,27.7
"4490",278,613607.501791032,664906.96328818,716156.374958632,"Alg",14,27.8
"4491",279,615407.075558813,667121.223464989,718776.107880582,"Alg",14,27.9
"4492",280,617294.659332327,669342.778478071,721262.503758074,"Alg",14,28
"4493",281,619147.966485733,671573.153241923,723794.687749867,"Alg",14,28.1
"4494",282,621174.097405009,673809.6027575,726178.623824273,"Alg",14,28.2
"4495",283,623112.703419532,676041.44566693,728546.321375295,"Alg",14,28.3
"4496",284,625012.528137506,678234.907574114,731075.123215114,"Alg",14,28.4
"4497",285,626915.02858519,680462.49009496,733553.460947825,"Alg",14,28.5
"4498",286,628855.563395775,682656.040690114,735903.925282129,"Alg",14,28.6
"4499",287,630631.404672925,684864.209167592,738433.084987254,"Alg",14,28.7
"4500",288,632506.914341289,687080.418900406,740985.043301184,"Alg",14,28.8
"4501",289,634295.092673056,689252.156804423,743421.337866129,"Alg",14,28.9
"4502",290,636113.400950507,691466.764671881,746081.060273089,"Alg",14,29
"4503",291,637906.451585699,693725.403204095,748643.677170486,"Alg",14,29.1
"4504",292,639765.21399953,695914.210707259,751253.805759662,"Alg",14,29.2
"4505",293,641505.88101155,698153.732665248,753918.997607134,"Alg",14,29.3
"4506",294,643431.337638044,700369.187561652,756479.415883139,"Alg",14,29.4
"4507",295,645344.087530319,702657.531881289,759138.94907807,"Alg",14,29.5
"4508",296,647149.445692213,704867.750851803,761663.234073735,"Alg",14,29.6
"4509",297,648868.300793498,707101.552686724,764054.526381314,"Alg",14,29.7
"4510",298,650773.889651256,709334.980954103,766570.102173962,"Alg",14,29.8
"4511",299,652500.578484596,711567.258445533,769271.200484453,"Alg",14,29.9
"4512",300,654449.01227027,713755.072719804,771846.907698345,"Alg",14,30
"4513",301,656245.265682903,716006.520763739,774393.104219992,"Alg",14,30.1
"4514",302,657867.831249938,718266.058223609,776932.129616959,"Alg",14,30.2
"4515",303,659555.154821397,720459.45426521,779571.129149162,"Alg",14,30.3
"4516",304,661334.211339498,722656.944364826,782214.467489084,"Alg",14,30.4
"4517",305,663149.652344508,724841.989067698,784900.357246499,"Alg",14,30.5
"4518",306,665005.991947107,727063.644166486,787567.146832118,"Alg",14,30.6
"4519",307,666915.178894084,729320.895733444,790217.334392432,"Alg",14,30.7
"4520",308,668759.385308071,731577.670391705,792822.519879251,"Alg",14,30.8
"4521",309,670542.024287527,733830.409066254,795314.75374405,"Alg",14,30.9
"4522",310,672401.119801968,736058.079972898,798006.791189071,"Alg",14,31
"4523",311,674242.379689685,738305.068103861,800596.42643932,"Alg",14,31.1
"4524",312,676054.909915023,740559.850336689,803327.513268964,"Alg",14,31.2
"4525",313,677769.687102196,742726.71776625,805962.870186976,"Alg",14,31.3
"4526",314,679556.757560051,744883.352213278,808680.973665001,"Alg",14,31.4
"4527",315,681293.774784963,747103.211784518,811496.705805737,"Alg",14,31.5
"4528",316,683116.171406834,749368.781539693,814080.146469085,"Alg",14,31.6
"4529",317,684993.219507927,751607.441863123,816808.766216795,"Alg",14,31.7
"4530",318,686771.026471629,753793.32207876,819446.235374207,"Alg",14,31.8
"4531",319,688369.411345641,756020.839655213,822188.055597174,"Alg",14,31.9
"4532",320,690004.276793346,758223.157263741,825311.957837562,"Alg",14,32
"4533",321,691623.913434118,760431.710472505,827989.591579767,"Alg",14,32.1
"4534",322,693239.470699704,762609.018326155,830579.001737769,"Alg",14,32.2
"4535",323,694866.533461519,764759.34143408,833389.864584168,"Alg",14,32.3
"4536",324,696736.670732952,766966.65074136,836008.54022086,"Alg",14,32.4
"4537",325,698293.95139763,769201.963341908,838821.178150133,"Alg",14,32.5
"4538",326,699910.474083864,771456.453062356,841622.589671612,"Alg",14,32.6
"4539",327,701550.531521936,773627.91168453,844340.703213866,"Alg",14,32.7
"4540",328,703226.269821467,775809.202843121,847370.347174717,"Alg",14,32.8
"4541",329,704856.58525174,777978.400955885,850291.517882517,"Alg",14,32.9
"4542",330,706507.190974186,780186.387706531,853112.545565688,"Alg",14,33
"4543",331,708150.634633443,782342.893013053,855924.562791068,"Alg",14,33.1
"4544",332,709729.406182427,784579.726352617,858903.944005752,"Alg",14,33.2
"4545",333,711424.128991148,786797.047894442,861639.619999125,"Alg",14,33.3
"4546",334,713115.336369809,789018.988819216,864414.090078022,"Alg",14,33.4
"4547",335,714783.316457878,791226.989597478,867243.604766685,"Alg",14,33.5
"4548",336,716435.884095737,793410.821889226,870139.984560584,"Alg",14,33.6
"4549",337,718102.803107227,795643.502712922,873090.698759322,"Alg",14,33.7
"4550",338,719841.045799267,797759.567924871,875980.04542419,"Alg",14,33.8
"4551",339,721606.05139424,799995.349156786,878847.540609459,"Alg",14,33.9
"4552",340,723181.020776241,802208.862869536,881572.345105774,"Alg",14,34
"4553",341,724751.394427753,804381.26450113,884511.148245446,"Alg",14,34.1
"4554",342,726396.941269516,806532.741514652,887536.577767549,"Alg",14,34.2
"4555",343,728088.994971621,808673.322963525,890449.468635742,"Alg",14,34.3
"4556",344,729689.171852793,810861.529334325,893535.089275965,"Alg",14,34.4
"4557",345,731171.530540782,813041.983748968,896459.348186367,"Alg",14,34.5
"4558",346,732864.110781521,815197.876451796,899347.033930604,"Alg",14,34.6
"4559",347,734384.159640922,817374.207224961,902312.392455738,"Alg",14,34.7
"4560",348,735758.5041933,819548.67431373,905256.657740706,"Alg",14,34.8
"4561",349,737322.324414689,821740.166986526,908273.383336447,"Alg",14,34.9
"4562",350,738872.18340692,823949.446229436,911307.904904436,"Alg",14,35
"4563",351,740496.179071987,826085.709892641,914154.431426605,"Alg",14,35.1
"4564",1,0.0261782956270938,0.0323034758095749,0.0386364670012293,"Daph",14,0.1
"4565",2,0.0263072063393843,0.0324310041513236,0.03875243134015,"Daph",14,0.2
"4566",3,0.0264302139802984,0.0325635413338911,0.0388911939213602,"Daph",14,0.3
"4567",4,0.0265537641336767,0.0326969252559737,0.0390326004921523,"Daph",14,0.4
"4568",5,0.0266768450525276,0.0328277861537208,0.0391912418133832,"Daph",14,0.5
"4569",6,0.0268077154930271,0.0329585358013222,0.0393203944237234,"Daph",14,0.6
"4570",7,0.0269411317130232,0.0330909446649414,0.0394580216145763,"Daph",14,0.7
"4571",8,0.0270779501512216,0.0332279131976049,0.0395880154490198,"Daph",14,0.8
"4572",9,0.027213090864947,0.0333619646628585,0.0397191871788988,"Daph",14,0.9
"4573",10,0.0273444355503606,0.0334990522126964,0.0398661752264945,"Daph",14,1
"4574",11,0.0274725197162269,0.0336389277129915,0.0400161685931383,"Daph",14,1.1
"4575",12,0.0275970916320906,0.0337757323770749,0.040169449247741,"Daph",14,1.2
"4576",13,0.0277240562820604,0.0339145810539554,0.0403182087960377,"Daph",14,1.3
"4577",14,0.0278538747415942,0.0340516494276906,0.0404763162146197,"Daph",14,1.4
"4578",15,0.0279905767070567,0.0341934611532873,0.0406187593789816,"Daph",14,1.5
"4579",16,0.0281339100566515,0.0343354802219045,0.04075984860473,"Daph",14,1.6
"4580",17,0.0282691596542163,0.0344762146651731,0.040904897966442,"Daph",14,1.7
"4581",18,0.0284085762608246,0.0346217173099209,0.0410519657516371,"Daph",14,1.8
"4582",19,0.0285469721624849,0.0347698397190337,0.0412095269890704,"Daph",14,1.9
"4583",20,0.0286930303717235,0.0349171544850984,0.0413625271813792,"Daph",14,2
"4584",21,0.0288336960610411,0.0350657934133734,0.0415066119039801,"Daph",14,2.1
"4585",22,0.0289638843113349,0.0352175314658461,0.0416590527120218,"Daph",14,2.2
"4586",23,0.0291048391273487,0.035366083507417,0.041823072929191,"Daph",14,2.3
"4587",24,0.0292525046018988,0.0355137543578946,0.0419798952429946,"Daph",14,2.4
"4588",25,0.0293944911393187,0.0356665590767856,0.0421339402445628,"Daph",14,2.5
"4589",26,0.0295349868439099,0.0358217000336466,0.0422857582422437,"Daph",14,2.6
"4590",27,0.0296841924056523,0.0359768418893626,0.0424435146290719,"Daph",14,2.7
"4591",28,0.0298339745312355,0.0361327454136203,0.0426157495960176,"Daph",14,2.8
"4592",29,0.0299895512245584,0.0362901138546917,0.0427915055125486,"Daph",14,2.9
"4593",30,0.0301479803215911,0.0364539454842399,0.0429587465581215,"Daph",14,3
"4594",31,0.0302940868170859,0.0366168134630305,0.0431287574511221,"Daph",14,3.1
"4595",32,0.0304424514653202,0.0367764633597639,0.0432916660851825,"Daph",14,3.2
"4596",33,0.0306076244433855,0.0369394032052035,0.0434697238302745,"Daph",14,3.3
"4597",34,0.0307695687993179,0.0371049450389619,0.0436492709773454,"Daph",14,3.4
"4598",35,0.0309159316511144,0.0372700965422794,0.0438069995544677,"Daph",14,3.5
"4599",36,0.0310767925580075,0.037437684709972,0.0439694289315161,"Daph",14,3.6
"4600",37,0.0312433164482531,0.0376081152147935,0.0441541927912286,"Daph",14,3.7
"4601",38,0.031392300520371,0.0377768176763724,0.0443309331968365,"Daph",14,3.8
"4602",39,0.0315474116767472,0.0379452646528188,0.0445071416160581,"Daph",14,3.9
"4603",40,0.031716004471978,0.0381150630749241,0.0446809875760358,"Daph",14,4
"4604",41,0.031887079818564,0.0382846570138981,0.044857877529085,"Daph",14,4.1
"4605",42,0.0320593953529983,0.0384557466160068,0.0450398300264115,"Daph",14,4.2
"4606",43,0.032227786985416,0.0386288133770715,0.0452366653866064,"Daph",14,4.3
"4607",44,0.032403146793382,0.0388030844570085,0.045410662757585,"Daph",14,4.4
"4608",45,0.0325611048507407,0.0389792314917429,0.0455800766684817,"Daph",14,4.5
"4609",46,0.032743645770204,0.0391611184744657,0.0457664682483374,"Daph",14,4.6
"4610",47,0.0329223420394645,0.039342724699937,0.0459504855048462,"Daph",14,4.7
"4611",48,0.0330982829798212,0.0395260543285729,0.0461186598249806,"Daph",14,4.8
"4612",49,0.0332734331609068,0.0397097765066209,0.0463163106277733,"Daph",14,4.9
"4613",50,0.0334434746783819,0.0398980883883389,0.0465018306862127,"Daph",14,5
"4614",51,0.033626663992296,0.0400860256206737,0.0466784459796659,"Daph",14,5.1
"4615",52,0.033805016566499,0.0402760191574154,0.0468637829341995,"Daph",14,5.2
"4616",53,0.033976426678704,0.0404636204196989,0.0470519010274431,"Daph",14,5.3
"4617",54,0.0341627898365195,0.0406507863362971,0.0472492436216776,"Daph",14,5.4
"4618",55,0.0343392698809754,0.0408401063418334,0.0474389555455601,"Daph",14,5.5
"4619",56,0.0345180865921677,0.0410277939257851,0.0476250755798262,"Daph",14,5.6
"4620",57,0.034690451332344,0.0412237837318803,0.047820418097921,"Daph",14,5.7
"4621",58,0.0348641125479657,0.0414173505427059,0.0480064266794883,"Daph",14,5.8
"4622",59,0.0350532695693922,0.0416119963516958,0.0482065548860711,"Daph",14,5.9
"4623",60,0.035233498131894,0.0418066919841394,0.0484136074497645,"Daph",14,6
"4624",61,0.0354268019773873,0.0420030240347136,0.0486149237290535,"Daph",14,6.1
"4625",62,0.0356149709182222,0.0422041152204432,0.0488146036757013,"Daph",14,6.2
"4626",63,0.0357971388270571,0.0424041111422769,0.0490183411389741,"Daph",14,6.3
"4627",64,0.0359978124330729,0.0426042353615304,0.0492283678885837,"Daph",14,6.4
"4628",65,0.0361839851713944,0.0428061193507869,0.0494460392770304,"Daph",14,6.5
"4629",66,0.0363838320234801,0.0430075895646456,0.0496547241593949,"Daph",14,6.6
"4630",67,0.0365829356703942,0.0432141386091795,0.0498618079408157,"Daph",14,6.7
"4631",68,0.036783874425096,0.0434206379259724,0.0500746896451365,"Daph",14,6.8
"4632",69,0.036992087852153,0.043627983096369,0.0502941709764105,"Daph",14,6.9
"4633",70,0.037186196817152,0.0438355225487179,0.050508614787598,"Daph",14,7
"4634",71,0.0373756824173231,0.0440514124604511,0.0507177864814874,"Daph",14,7.1
"4635",72,0.0375665512015506,0.0442599587752703,0.0509302410778072,"Daph",14,7.2
"4636",73,0.0377715185199001,0.0444705985171286,0.0511493285231513,"Daph",14,7.3
"4637",74,0.0379754176314747,0.0446844539373834,0.0513719443580486,"Daph",14,7.4
"4638",75,0.0381820532967553,0.0448969794181699,0.0515874175456321,"Daph",14,7.5
"4639",76,0.0383851951660394,0.0451160784487616,0.0518024483938295,"Daph",14,7.6
"4640",77,0.0385972624000038,0.0453336590242044,0.0520373349989656,"Daph",14,7.7
"4641",78,0.038810771923983,0.0455536962452315,0.0522672706168404,"Daph",14,7.8
"4642",79,0.039026188459972,0.0457785971012988,0.0524867657720162,"Daph",14,7.9
"4643",80,0.0392386109546419,0.045998186904295,0.0527097444520873,"Daph",14,8
"4644",81,0.039456807397778,0.0462238681592853,0.0529483244719302,"Daph",14,8.1
"4645",82,0.0396747852967971,0.0464501503819878,0.0531696508943233,"Daph",14,8.2
"4646",83,0.0398988470793155,0.0466791138475253,0.0534125548111697,"Daph",14,8.3
"4647",84,0.0401217894183087,0.0469057851211249,0.0536414206871206,"Daph",14,8.4
"4648",85,0.0403441563224581,0.0471342227067211,0.0538814072250233,"Daph",14,8.5
"4649",86,0.0405671310900173,0.0473641933797488,0.0541198785945035,"Daph",14,8.6
"4650",87,0.0407820438132283,0.0476011512812416,0.0543474722880831,"Daph",14,8.7
"4651",88,0.0410140195446847,0.0478338376668641,0.0545755087941914,"Daph",14,8.8
"4652",89,0.0412376865740854,0.0480693932313072,0.0548169892062704,"Daph",14,8.9
"4653",90,0.0414760192722519,0.0483052416660701,0.0550609633961798,"Daph",14,9
"4654",91,0.0417130227404185,0.0485463224711301,0.0553089441902324,"Daph",14,9.1
"4655",92,0.0419507452618058,0.0487888424041395,0.0555524694572603,"Daph",14,9.2
"4656",93,0.0421785663578289,0.0490307705247245,0.0557999283070914,"Daph",14,9.3
"4657",94,0.0424134622776142,0.0492781430014084,0.0560461221782348,"Daph",14,9.4
"4658",95,0.0426527780650457,0.0495230668197728,0.0562826089330112,"Daph",14,9.5
"4659",96,0.0428867440150893,0.0497697518531719,0.0565163473520531,"Daph",14,9.6
"4660",97,0.0431227645595817,0.0500147196484078,0.0567617880212646,"Daph",14,9.7
"4661",98,0.0433767476538669,0.0502641309614958,0.0570090725050204,"Daph",14,9.8
"4662",99,0.0436309607248488,0.0505191815728383,0.0572513822647196,"Daph",14,9.9
"4663",100,0.0438763466487993,0.0507714179586576,0.0575003662119018,"Daph",14,10
"4664",101,0.0441214543567431,0.0510216223324905,0.0577551909425234,"Daph",14,10.1
"4665",102,0.0443745345921733,0.0512781568687591,0.0580081141140307,"Daph",14,10.2
"4666",103,0.0446372474919844,0.0515307579722754,0.0582762654007766,"Daph",14,10.3
"4667",104,0.0448849106338247,0.0517843009950021,0.0585363724091235,"Daph",14,10.4
"4668",105,0.0451426233153357,0.0520454628119449,0.0587983933912773,"Daph",14,10.5
"4669",106,0.0453980483583703,0.0523069935079597,0.0590687415992895,"Daph",14,10.6
"4670",107,0.0456488136246891,0.0525690472353943,0.0593238201225176,"Daph",14,10.7
"4671",108,0.0459109911034175,0.0528313145287976,0.0595962993922933,"Daph",14,10.8
"4672",109,0.04616771944352,0.053097650338935,0.0598562221821941,"Daph",14,10.9
"4673",110,0.0464229307970876,0.053360588528039,0.0601209740900511,"Daph",14,11
"4674",111,0.046682982136883,0.0536310364217185,0.0603948071716088,"Daph",14,11.1
"4675",112,0.0469494602420997,0.0538988087234346,0.0606504785384376,"Daph",14,11.2
"4676",113,0.0472213172469341,0.0541660288282415,0.0609235147757785,"Daph",14,11.3
"4677",114,0.0474942158018524,0.0544354550725797,0.0612032965034132,"Daph",14,11.4
"4678",115,0.0477753192767925,0.0547104357443079,0.0614785296891952,"Daph",14,11.5
"4679",116,0.048035090616247,0.0549829043095349,0.0617584330887713,"Daph",14,11.6
"4680",117,0.0483073566286636,0.0552583587403547,0.0620284759323575,"Daph",14,11.7
"4681",118,0.0485782123852789,0.0555389501687308,0.0623137302197462,"Daph",14,11.8
"4682",119,0.0488621383233732,0.0558183865899882,0.062597401245408,"Daph",14,11.9
"4683",120,0.0491366056360005,0.0560989118605985,0.0628784048832753,"Daph",14,12
"4684",121,0.0494123509704542,0.0563814341220859,0.0631635616177986,"Daph",14,12.1
"4685",122,0.0497041049349089,0.0566592419822899,0.0634594837496367,"Daph",14,12.2
"4686",123,0.0499752476356972,0.0569456335388179,0.063732432800611,"Daph",14,12.3
"4687",124,0.0502611390116446,0.057231951429361,0.0640125737025072,"Daph",14,12.4
"4688",125,0.0505421364970761,0.0575205300105948,0.0642995120927599,"Daph",14,12.5
"4689",126,0.050824501597069,0.0578113518418667,0.0645966964692832,"Daph",14,12.6
"4690",127,0.0511085565939147,0.0581035441117096,0.0648961635261968,"Daph",14,12.7
"4691",128,0.0513851807755828,0.0583915645493619,0.0651916493012054,"Daph",14,12.8
"4692",129,0.051682234828425,0.0586826468716924,0.0654827587358992,"Daph",14,12.9
"4693",130,0.0519698690373062,0.0589819312504499,0.0657795104874139,"Daph",14,13
"4694",131,0.0522825816163617,0.0592789784717036,0.0660742413726799,"Daph",14,13.1
"4695",132,0.0525816669705785,0.0595705905673536,0.066365712277645,"Daph",14,13.2
"4696",133,0.0528701685871099,0.0598682828116818,0.0666664085494478,"Daph",14,13.3
"4697",134,0.0531664549110307,0.0601730850599808,0.0669656970054287,"Daph",14,13.4
"4698",135,0.053469862442153,0.0604735841083626,0.067260913206821,"Daph",14,13.5
"4699",136,0.0537714552678372,0.0607764620883001,0.0675577448757839,"Daph",14,13.6
"4700",137,0.0540580070978719,0.0610828154353777,0.0678578911124748,"Daph",14,13.7
"4701",138,0.0543705323867588,0.0613926050936416,0.0681622384769162,"Daph",14,13.8
"4702",139,0.0546771517749341,0.0616980176186829,0.0684678744208349,"Daph",14,13.9
"4703",140,0.0549953393072366,0.0620076933727615,0.0687813229836042,"Daph",14,14
"4704",141,0.0553032945592809,0.0623155292700058,0.0690950586884481,"Daph",14,14.1
"4705",142,0.0556070362422804,0.0626268181745132,0.0693950073095447,"Daph",14,14.2
"4706",143,0.0559106743590657,0.0629401885050752,0.0697060152052522,"Daph",14,14.3
"4707",144,0.0562129227983964,0.0632501986394098,0.0700126207491034,"Daph",14,14.4
"4708",145,0.0565284646616172,0.0635592133828726,0.0703312698658909,"Daph",14,14.5
"4709",146,0.056847337210242,0.0638789793603177,0.070661019797567,"Daph",14,14.6
"4710",147,0.0571652765735858,0.0641985923688009,0.0709797836432345,"Daph",14,14.7
"4711",148,0.0574892103057947,0.0645195601852297,0.0713112739103283,"Daph",14,14.8
"4712",149,0.0578080013013504,0.0648431001050561,0.0716492043097168,"Daph",14,14.9
"4713",150,0.0581425240255531,0.0651652493683166,0.0719746228618514,"Daph",14,15
"4714",151,0.0584696970870015,0.0654842253542537,0.0722894018120655,"Daph",14,15.1
"4715",152,0.0587772552174436,0.0658119975411553,0.0726190542286851,"Daph",14,15.2
"4716",153,0.0590895896505756,0.0661351881442881,0.072938104842834,"Daph",14,15.3
"4717",154,0.0594131939475066,0.066464578895819,0.0732769313749493,"Daph",14,15.4
"4718",155,0.0597318361458473,0.0667882266234663,0.0735984501374733,"Daph",14,15.5
"4719",156,0.0600609460228018,0.0671216289593945,0.073921181565702,"Daph",14,15.6
"4720",157,0.0603870355876165,0.067456524198341,0.0742469705785096,"Daph",14,15.7
"4721",158,0.0607182783915393,0.0677875821091399,0.074588847315011,"Daph",14,15.8
"4722",159,0.0610442737491491,0.0681258217044812,0.0749358014537623,"Daph",14,15.9
"4723",160,0.0613783158103303,0.0684564043827992,0.0752638946848228,"Daph",14,16
"4724",161,0.0617044025227092,0.0687896647839663,0.0755904067100901,"Daph",14,16.1
"4725",162,0.0620330650325056,0.0691237582785073,0.0759197090461497,"Daph",14,16.2
"4726",163,0.0623723537438574,0.0694634287537118,0.076264914204407,"Daph",14,16.3
"4727",164,0.0627072889110887,0.0698087655892923,0.076600844374753,"Daph",14,16.4
"4728",165,0.0630485602246707,0.0701486967664183,0.0769300853006375,"Daph",14,16.5
"4729",166,0.0633813035256932,0.0704828414606677,0.0772711266451658,"Daph",14,16.6
"4730",167,0.0637349598311288,0.0708249297335916,0.0776143168983544,"Daph",14,16.7
"4731",168,0.0640650616970826,0.0711700102556816,0.0779610306541558,"Daph",14,16.8
"4732",169,0.06442156099046,0.0715139252496021,0.0783084572472351,"Daph",14,16.9
"4733",170,0.0647702313282583,0.0718571434942792,0.0786461657586644,"Daph",14,17
"4734",171,0.0651062705044774,0.0721990198363857,0.0790030232499431,"Daph",14,17.1
"4735",172,0.0654639246124764,0.0725522206047591,0.0793419173719401,"Daph",14,17.2
"4736",173,0.0658182052515277,0.0728961186671017,0.0796838212741796,"Daph",14,17.3
"4737",174,0.0661704031932384,0.0732453475997879,0.0800152842246314,"Daph",14,17.4
"4738",175,0.0665227933665032,0.0735997239161627,0.0803656297971488,"Daph",14,17.5
"4739",176,0.0668745665463222,0.0739547723354824,0.0807161141099764,"Daph",14,17.6
"4740",177,0.0672316446046723,0.0743160465620921,0.0810614811929896,"Daph",14,17.7
"4741",178,0.0675784238983075,0.0746684931352838,0.0814037500576785,"Daph",14,17.8
"4742",179,0.0679406179010006,0.0750237727334656,0.0817666372293743,"Daph",14,17.9
"4743",180,0.0682937849018985,0.0753771255585644,0.082132790364889,"Daph",14,18
"4744",181,0.0686465917090036,0.0757322738013013,0.0824983698915344,"Daph",14,18.1
"4745",182,0.0690033545715657,0.0760875041894483,0.0828518173205414,"Daph",14,18.2
"4746",183,0.0693678734492192,0.0764389785619058,0.0832107596431901,"Daph",14,18.3
"4747",184,0.0697219045002792,0.0767961414183049,0.0835582760278649,"Daph",14,18.4
"4748",185,0.070081167239527,0.0771500094482719,0.0839218423824073,"Daph",14,18.5
"4749",186,0.0704292156530821,0.0775174299893,0.0842871026910487,"Daph",14,18.6
"4750",187,0.0707791224680545,0.0778831036561584,0.0846524921544655,"Daph",14,18.7
"4751",188,0.0711384930675641,0.0782378337567204,0.0850187147775253,"Daph",14,18.8
"4752",189,0.0715029898672443,0.078599827333632,0.0853890678223004,"Daph",14,18.9
"4753",190,0.0718561158071461,0.0789598765632292,0.0857482552357884,"Daph",14,19
"4754",191,0.0722211702400764,0.0793228334084613,0.0861017370442945,"Daph",14,19.1
"4755",192,0.0725611341371367,0.0796876893372544,0.0864660295499626,"Daph",14,19.2
"4756",193,0.0729470268702095,0.0800535088730838,0.0868538703748256,"Daph",14,19.3
"4757",194,0.0733137495315992,0.0804205020977244,0.0872346665399106,"Daph",14,19.4
"4758",195,0.0736645907815895,0.0807848074942129,0.0876033644507491,"Daph",14,19.5
"4759",196,0.0740314373449572,0.0811516594133597,0.0879936540812346,"Daph",14,19.6
"4760",197,0.0744095192663544,0.0815173779144402,0.0883691941856939,"Daph",14,19.7
"4761",198,0.0747609498782656,0.0818800227507173,0.0887428886940207,"Daph",14,19.8
"4762",199,0.0751244089253938,0.0822448815027599,0.0891097636441094,"Daph",14,19.9
"4763",200,0.0754750687157334,0.0826110488643958,0.0894900535462746,"Daph",14,20
"4764",201,0.0758243698558745,0.0829786959590953,0.0898485332058693,"Daph",14,20.1
"4765",202,0.0761838079595467,0.0833482252866772,0.0902178078660804,"Daph",14,20.2
"4766",203,0.0765418581212561,0.0837165318938887,0.0906241217032585,"Daph",14,20.3
"4767",204,0.0768913593235245,0.084089535000381,0.0910085585056856,"Daph",14,20.4
"4768",205,0.0772521913107778,0.0844617895786641,0.0914000657259996,"Daph",14,20.5
"4769",206,0.077612376728165,0.0848376385118477,0.0917956496727618,"Daph",14,20.6
"4770",207,0.077956136026539,0.0852101325317975,0.0921753856578365,"Daph",14,20.7
"4771",208,0.0782833674365713,0.0855777766022703,0.0925633251648295,"Daph",14,20.8
"4772",209,0.0786643883417357,0.0859507244055383,0.0929507968332296,"Daph",14,20.9
"4773",210,0.079035006535911,0.086328116875776,0.0933572897109126,"Daph",14,21
"4774",211,0.0793846201847703,0.0866963834858814,0.0937497859318701,"Daph",14,21.1
"4775",212,0.0797360484497793,0.0870666241201601,0.0941652250804146,"Daph",14,21.2
"4776",213,0.0800939832885755,0.0874352960652268,0.0945629292605947,"Daph",14,21.3
"4777",214,0.0804609418734966,0.0878034551209595,0.0949649271512682,"Daph",14,21.4
"4778",215,0.0808058133617323,0.0881730711357735,0.0953585912256574,"Daph",14,21.5
"4779",216,0.0811606655590843,0.0885408862709372,0.0957440262892206,"Daph",14,21.6
"4780",217,0.0815054831453406,0.0889078292974584,0.0961084162332329,"Daph",14,21.7
"4781",218,0.0818701338936463,0.0892800892540063,0.0965123839296306,"Daph",14,21.8
"4782",219,0.0822236732378229,0.0896477272662011,0.0969082110336913,"Daph",14,21.9
"4783",220,0.0825938684385365,0.0900191830218469,0.0973012940630598,"Daph",14,22
"4784",221,0.0829289061015071,0.0903898441915408,0.0977063659469319,"Daph",14,22.1
"4785",222,0.0832899169628455,0.0907608775314381,0.0981102712322999,"Daph",14,22.2
"4786",223,0.0836437077075025,0.0911322028665234,0.0984988662842897,"Daph",14,22.3
"4787",224,0.0839855228478002,0.0915003122129776,0.098874861426224,"Daph",14,22.4
"4788",225,0.0843290317230985,0.0918684139599694,0.0992564368073771,"Daph",14,22.5
"4789",226,0.0846568484157879,0.0922390110864109,0.0996588499879293,"Daph",14,22.6
"4790",227,0.0850135183942698,0.0926011041476612,0.100063671577025,"Daph",14,22.7
"4791",228,0.0853706882169083,0.0929689918732573,0.100453822738123,"Daph",14,22.8
"4792",229,0.0857066463593098,0.093334946814924,0.100855201098135,"Daph",14,22.9
"4793",230,0.0860570090766152,0.0937023609167307,0.101253193616606,"Daph",14,23
"4794",231,0.0863819167789181,0.094064291631964,0.101639862676756,"Daph",14,23.1
"4795",232,0.08671079406822,0.0944211739085261,0.102048903527401,"Daph",14,23.2
"4796",233,0.0870641311705063,0.0947834046912963,0.102459711282391,"Daph",14,23.3
"4797",234,0.0874125293300752,0.0951448244625989,0.102855435415775,"Daph",14,23.4
"4798",235,0.0877440821618163,0.0955063891039618,0.103262590761506,"Daph",14,23.5
"4799",236,0.0880770963376606,0.0958631902182871,0.103647594690671,"Daph",14,23.6
"4800",237,0.0883930634429436,0.0962176193750674,0.104015991328649,"Daph",14,23.7
"4801",238,0.0886832935161311,0.0965843856763547,0.104388405354355,"Daph",14,23.8
"4802",239,0.0890097835903774,0.0969338172432107,0.104783511669084,"Daph",14,23.9
"4803",240,0.0893340538158344,0.0972866221179321,0.105194461836976,"Daph",14,24
"4804",241,0.0896666343592098,0.0976381549499694,0.105600528819227,"Daph",14,24.1
"4805",242,0.0899921154120059,0.0979936351361389,0.105981248968102,"Daph",14,24.2
"4806",243,0.0903325159643511,0.098350857797385,0.106365538609958,"Daph",14,24.3
"4807",244,0.090634745469003,0.0986994844686072,0.106758111879697,"Daph",14,24.4
"4808",245,0.0909675517593714,0.0990503458562101,0.107149324042167,"Daph",14,24.5
"4809",246,0.0912803069011656,0.0993869037955399,0.107569582164312,"Daph",14,24.6
"4810",247,0.0915502866741262,0.099734954710186,0.107959372375358,"Daph",14,24.7
"4811",248,0.0918607543711883,0.100083895332227,0.108363889606422,"Daph",14,24.8
"4812",249,0.0921600738773598,0.100433699632391,0.108760770120974,"Daph",14,24.9
"4813",250,0.0924622994070206,0.100772636915477,0.109151338352299,"Daph",14,25
"4814",251,0.0927584626666827,0.101111306004352,0.109546110363594,"Daph",14,25.1
"4815",252,0.0930539562888449,0.1014457907439,0.109920872006919,"Daph",14,25.2
"4816",253,0.0933453583226855,0.101785652693187,0.110319295921456,"Daph",14,25.3
"4817",254,0.0936159540600045,0.102106598248503,0.110708129377971,"Daph",14,25.4
"4818",255,0.0938870231952195,0.102442817247826,0.111078943596977,"Daph",14,25.5
"4819",256,0.0941897768221237,0.102778964949534,0.11147491575417,"Daph",14,25.6
"4820",257,0.0944907077241942,0.103103881799638,0.111872526732856,"Daph",14,25.7
"4821",258,0.0947583094236202,0.103423837275433,0.112254057410996,"Daph",14,25.8
"4822",259,0.0950540292783831,0.103741851387161,0.11261779176492,"Daph",14,25.9
"4823",260,0.0953343318666928,0.104065180206376,0.112974947183653,"Daph",14,26
"4824",261,0.0956205360503369,0.104385010819659,0.113339094589804,"Daph",14,26.1
"4825",262,0.0958893398255276,0.104704267926836,0.113721246374701,"Daph",14,26.2
"4826",263,0.0961757008622109,0.105010430583899,0.114097199037466,"Daph",14,26.3
"4827",264,0.0964120596382856,0.105323973294626,0.114476799499223,"Daph",14,26.4
"4828",265,0.0966611396935908,0.105627147494657,0.114838304620397,"Daph",14,26.5
"4829",266,0.0969069039876458,0.105931195812661,0.115185972297518,"Daph",14,26.6
"4830",267,0.0971629047085343,0.106236855047925,0.115552275152596,"Daph",14,26.7
"4831",268,0.0973886518752184,0.106532546366565,0.115913501409035,"Daph",14,26.8
"4832",269,0.0976263308542845,0.106823336024955,0.116259050458358,"Daph",14,26.9
"4833",270,0.0978589199351397,0.10711459926808,0.116576810762438,"Daph",14,27
"4834",271,0.0980957082869456,0.107402001142491,0.116969111425479,"Daph",14,27.1
"4835",272,0.0983329155659266,0.107692815315842,0.117313863882309,"Daph",14,27.2
"4836",273,0.0985408119988253,0.107962710375859,0.117668797714456,"Daph",14,27.3
"4837",274,0.0987642897132801,0.10824051794392,0.118021323934011,"Daph",14,27.4
"4838",275,0.098983962876441,0.108517355446886,0.118361238943076,"Daph",14,27.5
"4839",276,0.0992010034703969,0.108777901870552,0.118695706552877,"Daph",14,27.6
"4840",277,0.0994159562946652,0.109037033700253,0.119049202837089,"Daph",14,27.7
"4841",278,0.0996278510719203,0.109311076956459,0.119358734543961,"Daph",14,27.8
"4842",279,0.0998430463728811,0.109578300197356,0.119702454970242,"Daph",14,27.9
"4843",280,0.100038792121879,0.109848245735804,0.120011344679017,"Daph",14,28
"4844",281,0.10023983772786,0.110110719623375,0.120347877773669,"Daph",14,28.1
"4845",282,0.100421723661267,0.110360641806448,0.120665448868053,"Daph",14,28.2
"4846",283,0.100604140080247,0.110605077499112,0.12097947044514,"Daph",14,28.3
"4847",284,0.100780004865375,0.110851163687966,0.121310927289192,"Daph",14,28.4
"4848",285,0.100973485484169,0.111079136974536,0.121609397393444,"Daph",14,28.5
"4849",286,0.101146684708033,0.111329181538847,0.121921378976935,"Daph",14,28.6
"4850",287,0.101317845535593,0.111565380919004,0.122227497779316,"Daph",14,28.7
"4851",288,0.10145251643986,0.111791209786755,0.122540135398032,"Daph",14,28.8
"4852",289,0.101599242890771,0.112017923797552,0.122823570564782,"Daph",14,28.9
"4853",290,0.101753730010356,0.112235225086772,0.123126395111948,"Daph",14,29
"4854",291,0.101915582151098,0.112454326012268,0.123400876238127,"Daph",14,29.1
"4855",292,0.10207034770178,0.112663868079571,0.123706471029273,"Daph",14,29.2
"4856",293,0.102221303796304,0.112860107739076,0.12400002654557,"Daph",14,29.3
"4857",294,0.102335620101739,0.113064977098135,0.124280065142922,"Daph",14,29.4
"4858",295,0.102461538227104,0.113259045844086,0.124530666961793,"Daph",14,29.5
"4859",296,0.102577455605744,0.113441514165002,0.124793608848494,"Daph",14,29.6
"4860",297,0.102681535726667,0.113621110111614,0.125030966619015,"Daph",14,29.7
"4861",298,0.102778864359786,0.113791542221491,0.125292266629637,"Daph",14,29.8
"4862",299,0.102861319479467,0.113967805170637,0.125523311553757,"Daph",14,29.9
"4863",300,0.102961947334805,0.114135793789766,0.12577219147576,"Daph",14,30
"4864",301,0.103038879701985,0.11429813045161,0.126002857488921,"Daph",14,30.1
"4865",302,0.103113329404058,0.114465398464287,0.126246782106697,"Daph",14,30.2
"4866",303,0.103193507513862,0.114621664779395,0.126467266895665,"Daph",14,30.3
"4867",304,0.103264178209064,0.114770754268936,0.126705803096171,"Daph",14,30.4
"4868",305,0.103328183033248,0.1149153558834,0.126924603324021,"Daph",14,30.5
"4869",306,0.103404090257065,0.11505082924386,0.127125920880578,"Daph",14,30.6
"4870",307,0.103445924466568,0.115197804861052,0.127299820592527,"Daph",14,30.7
"4871",308,0.103503741975756,0.115320094914004,0.127510202732046,"Daph",14,30.8
"4872",309,0.103525779104232,0.115444915318038,0.127722561341503,"Daph",14,30.9
"4873",310,0.103562722442009,0.115555714537883,0.127958791273461,"Daph",14,31
"4874",311,0.1035656615463,0.11566911888757,0.12814868170803,"Daph",14,31.1
"4875",312,0.103583815080324,0.115782244182721,0.128320241888651,"Daph",14,31.2
"4876",313,0.103605700034883,0.115877618973065,0.12848428709541,"Daph",14,31.3
"4877",314,0.103632388359322,0.115977749898316,0.128670305446396,"Daph",14,31.4
"4878",315,0.103628535863572,0.116064124461779,0.128840860987969,"Daph",14,31.5
"4879",316,0.103573401071507,0.116145587194509,0.129013676810391,"Daph",14,31.6
"4880",317,0.103580229038803,0.116211121172015,0.129180785651572,"Daph",14,31.7
"4881",318,0.103568713882231,0.116280767543628,0.129339191500793,"Daph",14,31.8
"4882",319,0.103537943520179,0.116353081680232,0.129490928461967,"Daph",14,31.9
"4883",320,0.103524788390493,0.116421851818063,0.129616506166853,"Daph",14,32
"4884",321,0.103490431318539,0.116471832884232,0.129741930109629,"Daph",14,32.1
"4885",322,0.103431551746474,0.11651956857115,0.129833589871598,"Daph",14,32.2
"4886",323,0.103410890896243,0.116555171824041,0.129931537173558,"Daph",14,32.3
"4887",324,0.10337020409159,0.11657119885246,0.130027330931836,"Daph",14,32.4
"4888",325,0.103298579311506,0.116583655972742,0.130089006713938,"Daph",14,32.5
"4889",326,0.103219331898041,0.116600909738092,0.130194261639268,"Daph",14,32.6
"4890",327,0.103108526257306,0.116613330386405,0.130315434921996,"Daph",14,32.7
"4891",328,0.103007672032322,0.116612477005417,0.130411923167116,"Daph",14,32.8
"4892",329,0.102936569721451,0.116614521965432,0.130472705382144,"Daph",14,32.9
"4893",330,0.10282991683674,0.116608826671342,0.130536285252346,"Daph",14,33
"4894",331,0.102730194525622,0.116590523188027,0.130596532082538,"Daph",14,33.1
"4895",332,0.102634540309826,0.116560347172936,0.130663276315594,"Daph",14,33.2
"4896",333,0.102500096048598,0.116525905154948,0.130676463115253,"Daph",14,33.3
"4897",334,0.102389302531519,0.116488059942887,0.130731438117103,"Daph",14,33.4
"4898",335,0.102289998208052,0.116450747848263,0.1308122382714,"Daph",14,33.5
"4899",336,0.102144382101771,0.116385457573077,0.130815364109801,"Daph",14,33.6
"4900",337,0.102024833272882,0.116337705258316,0.130844949015728,"Daph",14,33.7
"4901",338,0.101877504562966,0.116274154184384,0.130863425054633,"Daph",14,33.8
"4902",339,0.101705283053672,0.116199731526392,0.130892790274721,"Daph",14,33.9
"4903",340,0.101520165219046,0.116103339598216,0.130925643641367,"Daph",14,34
"4904",341,0.101326395100006,0.116014494036418,0.130935953455154,"Daph",14,34.1
"4905",342,0.101128501468303,0.115924562918387,0.130903658733159,"Daph",14,34.2
"4906",343,0.100927826415174,0.115816382092884,0.13088379094848,"Daph",14,34.3
"4907",344,0.100694656391282,0.115712542733584,0.130902992852155,"Daph",14,34.4
"4908",345,0.10043255961687,0.115590291017372,0.130889564916409,"Daph",14,34.5
"4909",346,0.100237613740078,0.115452888935922,0.130841741946145,"Daph",14,34.6
"4910",347,0.0999952680032299,0.115314288645712,0.130786675376197,"Daph",14,34.7
"4911",348,0.0997839177985369,0.115171310767206,0.130772915856442,"Daph",14,34.8
"4912",349,0.0995202118339374,0.115036437922487,0.130695243248502,"Daph",14,34.9
"4913",350,0.0992643048951149,0.114885047198654,0.130659245680033,"Daph",14,35
"4914",351,0.0990112623822413,0.114718610874891,0.130583294189123,"Daph",14,35.1
"4915",1,0.00631836735744798,0.00673794480732602,0.00718687067450158,"Hydra",14,0.1
"4916",2,0.00631584093888831,0.00673224926106169,0.00717757055344298,"Hydra",14,0.2
"4917",3,0.00631386144686708,0.00672615809290964,0.00716965759892769,"Hydra",14,0.3
"4918",4,0.00631174726038138,0.00672021146767833,0.0071591500732841,"Hydra",14,0.4
"4919",5,0.00630958077135729,0.00671476335619675,0.00715114705464702,"Hydra",14,0.5
"4920",6,0.0063070334095921,0.00670940967920437,0.00714268826676206,"Hydra",14,0.6
"4921",7,0.00630425130689099,0.00670431734751591,0.00713425762827712,"Hydra",14,0.7
"4922",8,0.00630152752510917,0.00669891990244491,0.00712598585058966,"Hydra",14,0.8
"4923",9,0.00629894914788955,0.00669375933491088,0.00711869976604456,"Hydra",14,0.9
"4924",10,0.00629620433791176,0.0066885416106927,0.00711102847585766,"Hydra",14,1
"4925",11,0.00629401400200249,0.00668334949794006,0.00710251198484552,"Hydra",14,1.1
"4926",12,0.00629144409138619,0.00667815173181154,0.00709446746047282,"Hydra",14,1.2
"4927",13,0.00628893444143157,0.00667342069369223,0.0070862352897843,"Hydra",14,1.3
"4928",14,0.00628658220679087,0.00666841780094659,0.0070784994426498,"Hydra",14,1.4
"4929",15,0.00628497759444943,0.00666354863062652,0.00707071591462063,"Hydra",14,1.5
"4930",16,0.00628224708149465,0.00665884093572695,0.00706438910648596,"Hydra",14,1.6
"4931",17,0.00628104229263986,0.00665428327252953,0.0070573225007782,"Hydra",14,1.7
"4932",18,0.0062792973222679,0.00664969716145865,0.00705033775588976,"Hydra",14,1.8
"4933",19,0.00627758340483734,0.00664511307006685,0.00704359852721261,"Hydra",14,1.9
"4934",20,0.00627594052596924,0.006640558997581,0.00703665060805252,"Hydra",14,2
"4935",21,0.00627408791000074,0.00663655900456389,0.00703021461372418,"Hydra",14,2.1
"4936",22,0.0062721223562418,0.00663259699655223,0.00702254446566142,"Hydra",14,2.2
"4937",23,0.00627089341442884,0.00662846930623967,0.00701551452636399,"Hydra",14,2.3
"4938",24,0.00626928049589804,0.00662452594958217,0.00700864262684359,"Hydra",14,2.4
"4939",25,0.00626801629206402,0.00662091336909057,0.00700340586561415,"Hydra",14,2.5
"4940",26,0.00626740689594472,0.00661758104909543,0.00699678333317192,"Hydra",14,2.6
"4941",27,0.00626611472049443,0.00661455558660545,0.0069904530863316,"Hydra",14,2.7
"4942",28,0.00626501404226489,0.00661147149703046,0.00698471166213071,"Hydra",14,2.8
"4943",29,0.00626384673778569,0.00660813617054651,0.00697845224342608,"Hydra",14,2.9
"4944",30,0.0062635066059845,0.00660455922346717,0.00697351397174787,"Hydra",14,3
"4945",31,0.00626308717734543,0.00660105242839463,0.00696784579978733,"Hydra",14,3.1
"4946",32,0.00626206748358304,0.00659823890445009,0.00696239285363659,"Hydra",14,3.2
"4947",33,0.00626099608222023,0.00659549180050656,0.00695694770451059,"Hydra",14,3.3
"4948",34,0.00626038218644358,0.00659249168267245,0.00695203591748738,"Hydra",14,3.4
"4949",35,0.00625979157455538,0.00659013127922326,0.00694737979285452,"Hydra",14,3.5
"4950",36,0.00625997620949203,0.00658775192489,0.00694228767102573,"Hydra",14,3.6
"4951",37,0.00625906064296149,0.00658538564748786,0.0069371883502198,"Hydra",14,3.7
"4952",38,0.00625851797449762,0.00658295346037261,0.00693263100822889,"Hydra",14,3.8
"4953",39,0.00625892206445269,0.00658115156151624,0.00692795587122991,"Hydra",14,3.9
"4954",40,0.00625879374949735,0.0065786142874735,0.0069239351863593,"Hydra",14,4
"4955",41,0.00625765165319501,0.00657678657434362,0.00692048147230763,"Hydra",14,4.1
"4956",42,0.00625797896317514,0.00657458477102687,0.0069166838018849,"Hydra",14,4.2
"4957",43,0.00625758455968875,0.00657269761818304,0.00691290082209039,"Hydra",14,4.3
"4958",44,0.00625736643306411,0.00657092146524346,0.00690941716346786,"Hydra",14,4.4
"4959",45,0.006256827163975,0.00656954050389232,0.00690572498554565,"Hydra",14,4.5
"4960",46,0.00625766115173218,0.00656804205287171,0.0069023509033374,"Hydra",14,4.6
"4961",47,0.00625814072921188,0.00656653960652046,0.00689876108350778,"Hydra",14,4.7
"4962",48,0.00625898804781692,0.00656538404351181,0.00689528700498445,"Hydra",14,4.8
"4963",49,0.00625845035224445,0.00656418493934921,0.00689171221681422,"Hydra",14,4.9
"4964",50,0.00625920624520005,0.00656329292647502,0.00688871072888643,"Hydra",14,5
"4965",51,0.00625956969759522,0.00656216358293161,0.00688618002849114,"Hydra",14,5.1
"4966",52,0.00625963845495672,0.00656138792098132,0.00688327704334698,"Hydra",14,5.2
"4967",53,0.00626020176534086,0.00656048176990864,0.00688088441783589,"Hydra",14,5.3
"4968",54,0.00626111039821342,0.0065598406736791,0.00687868579919571,"Hydra",14,5.4
"4969",55,0.00626210490187651,0.00655925011619806,0.00687639404062682,"Hydra",14,5.5
"4970",56,0.00626330891771333,0.00655872229844725,0.00687473150198006,"Hydra",14,5.6
"4971",57,0.00626481622004593,0.00655839572787221,0.00687242363298409,"Hydra",14,5.7
"4972",58,0.00626606356120142,0.00655840264918183,0.00687090321339062,"Hydra",14,5.8
"4973",59,0.00626786476119789,0.00655859533954753,0.00686930815526733,"Hydra",14,5.9
"4974",60,0.0062689131095366,0.00655850101390308,0.00686791110701984,"Hydra",14,6
"4975",61,0.00627087485427383,0.00655898399320425,0.00686719567976462,"Hydra",14,6.1
"4976",62,0.00627251805023765,0.00655938762016282,0.0068660334009876,"Hydra",14,6.2
"4977",63,0.00627366262067205,0.00655998549010963,0.00686522549180322,"Hydra",14,6.3
"4978",64,0.00627508649304976,0.00656058814861038,0.00686473409626568,"Hydra",14,6.4
"4979",65,0.00627687208313505,0.00656144205012368,0.00686390584453497,"Hydra",14,6.5
"4980",66,0.00627884459903944,0.00656215089659803,0.00686403603593049,"Hydra",14,6.6
"4981",67,0.00628127897394164,0.00656312785174266,0.00686316658332601,"Hydra",14,6.7
"4982",68,0.0062829423424866,0.0065638169566259,0.00686327117537535,"Hydra",14,6.8
"4983",69,0.00628521594551107,0.00656476202554527,0.00686390379196148,"Hydra",14,6.9
"4984",70,0.00628825097598052,0.00656622362967515,0.00686421866299597,"Hydra",14,7
"4985",71,0.0062901092927996,0.00656765021637746,0.0068646919007149,"Hydra",14,7.1
"4986",72,0.00629224219826813,0.00656920119957832,0.00686502728168522,"Hydra",14,7.2
"4987",73,0.00629552345535231,0.00657062808705639,0.00686582708911126,"Hydra",14,7.3
"4988",74,0.00629800895414432,0.00657242639721976,0.00686624389022111,"Hydra",14,7.4
"4989",75,0.00630159307216723,0.00657433996731463,0.00686736753233224,"Hydra",14,7.5
"4990",76,0.00630451866740986,0.00657648079835932,0.00686793658891448,"Hydra",14,7.6
"4991",77,0.00630790596813782,0.00657859277345232,0.00686895954482988,"Hydra",14,7.7
"4992",78,0.00631181650162468,0.00658074488173252,0.00687047487050462,"Hydra",14,7.8
"4993",79,0.0063148744856723,0.00658317769877101,0.00687149519693958,"Hydra",14,7.9
"4994",80,0.00631813794118593,0.00658603409004449,0.00687301931545238,"Hydra",14,8
"4995",81,0.00632143166182421,0.00658865281936824,0.00687466508223502,"Hydra",14,8.1
"4996",82,0.00632501377643668,0.00659155197442755,0.00687643117149404,"Hydra",14,8.2
"4997",83,0.00632852448184257,0.00659432669816894,0.00687850943209771,"Hydra",14,8.3
"4998",84,0.00633204591091012,0.00659734112054917,0.00688017560857596,"Hydra",14,8.4
"4999",85,0.00633539931631657,0.00660072427478051,0.00688221831376599,"Hydra",14,8.5
"5000",86,0.00633865412107045,0.00660414331389052,0.00688573124677662,"Hydra",14,8.6
"5001",87,0.00634292408232187,0.0066074418185972,0.00688805650332135,"Hydra",14,8.7
"5002",88,0.00634687001494221,0.00661099156559607,0.00689090028036875,"Hydra",14,8.8
"5003",89,0.00635025395046283,0.00661430671282049,0.00689421663964117,"Hydra",14,8.9
"5004",90,0.00635408683044888,0.00661821891716955,0.00689835778702129,"Hydra",14,9
"5005",91,0.00635885796489799,0.00662217286178866,0.00690186951765471,"Hydra",14,9.1
"5006",92,0.00636350651922003,0.00662652602318702,0.00690683879954026,"Hydra",14,9.2
"5007",93,0.00636855159717027,0.00663082289647567,0.00691053434032936,"Hydra",14,9.3
"5008",94,0.0063732576829096,0.00663512660201615,0.00691489917227221,"Hydra",14,9.4
"5009",95,0.0063781036963793,0.00663989063959794,0.00691901598360501,"Hydra",14,9.5
"5010",96,0.00638296409093844,0.00664476046149628,0.0069233874339662,"Hydra",14,9.6
"5011",97,0.00638782627445872,0.00664971295662442,0.00692769996892492,"Hydra",14,9.7
"5012",98,0.00639293261507176,0.00665482098873748,0.00693234906083586,"Hydra",14,9.8
"5013",99,0.00639853432990209,0.00665988063314328,0.00693771974394137,"Hydra",14,9.9
"5014",100,0.0064039437643078,0.00666534886281648,0.00694227864441517,"Hydra",14,10
"5015",101,0.00640974147714804,0.00667057168111451,0.00694758813989184,"Hydra",14,10.1
"5016",102,0.00641556985782899,0.00667613407368256,0.00695337310985125,"Hydra",14,10.2
"5017",103,0.00642187589832901,0.0066820106223615,0.00695863324257046,"Hydra",14,10.3
"5018",104,0.00642723813160532,0.00668806697682666,0.00696424919410566,"Hydra",14,10.4
"5019",105,0.00643282257927771,0.00669409032979084,0.00696995421010426,"Hydra",14,10.5
"5020",106,0.00643840929047751,0.00670042692228445,0.00697565745986361,"Hydra",14,10.6
"5021",107,0.00644462294008554,0.00670678010187518,0.00698238820935455,"Hydra",14,10.7
"5022",108,0.00645028358312555,0.00671338225883437,0.0069893354780176,"Hydra",14,10.8
"5023",109,0.00645673973102357,0.00671991319810416,0.0069962273312972,"Hydra",14,10.9
"5024",110,0.00646363159371321,0.00672650947303531,0.00700375865923942,"Hydra",14,11
"5025",111,0.00647068934466673,0.00673363095441204,0.00701079549539091,"Hydra",14,11.1
"5026",112,0.00647815562223309,0.00674084188213576,0.00701779479720522,"Hydra",14,11.2
"5027",113,0.00648459750979818,0.0067482664240282,0.00702443273266204,"Hydra",14,11.3
"5028",114,0.00649178355838866,0.00675584174383288,0.00703192601686326,"Hydra",14,11.4
"5029",115,0.00649926906190443,0.00676334279100933,0.00704015960434749,"Hydra",14,11.5
"5030",116,0.00650699395267608,0.00677111586209689,0.00704815110989742,"Hydra",14,11.6
"5031",117,0.00651482289935713,0.00677862708263573,0.00705682594522174,"Hydra",14,11.7
"5032",118,0.00652266480397582,0.00678659104531392,0.00706530904867617,"Hydra",14,11.8
"5033",119,0.0065312639113159,0.00679474310867124,0.00707334102189178,"Hydra",14,11.9
"5034",120,0.0065398281091903,0.00680317469729114,0.00708195460519777,"Hydra",14,12
"5035",121,0.00654761228634756,0.0068115009753057,0.00709072587194783,"Hydra",14,12.1
"5036",122,0.00655581588127766,0.00682021054510648,0.00709936760505504,"Hydra",14,12.2
"5037",123,0.00656370389133682,0.00682890448951111,0.00710979001624055,"Hydra",14,12.3
"5038",124,0.00657193963560689,0.00683775652929033,0.00711942374799606,"Hydra",14,12.4
"5039",125,0.00658026030839257,0.00684679505349888,0.00712884091482234,"Hydra",14,12.5
"5040",126,0.00658921253774446,0.0068560757756602,0.00713856454071053,"Hydra",14,12.6
"5041",127,0.00659825135246505,0.00686585381511269,0.00714841168115349,"Hydra",14,12.7
"5042",128,0.0066068238825514,0.00687559777826707,0.00715891853765927,"Hydra",14,12.8
"5043",129,0.00661567653020947,0.00688525724340889,0.0071702639558872,"Hydra",14,12.9
"5044",130,0.0066251340559509,0.00689545384142667,0.00718082046182692,"Hydra",14,13
"5045",131,0.00663428492985602,0.00690562555518283,0.00719147013922619,"Hydra",14,13.1
"5046",132,0.00664463201852663,0.00691605407112461,0.0072027869562076,"Hydra",14,13.2
"5047",133,0.00665401375305106,0.00692694449680021,0.00721448734121378,"Hydra",14,13.3
"5048",134,0.00666440147202129,0.00693758062287753,0.00722685038080486,"Hydra",14,13.4
"5049",135,0.00667482595719664,0.00694854503494015,0.00723897687785714,"Hydra",14,13.5
"5050",136,0.00668563360140671,0.00695977912456425,0.00725062316321333,"Hydra",14,13.6
"5051",137,0.00669608388694502,0.00697086692817483,0.00726214453531532,"Hydra",14,13.7
"5052",138,0.00670659273827969,0.00698222482300351,0.00727394862021649,"Hydra",14,13.8
"5053",139,0.00671754102223047,0.00699395550588213,0.00728598690006998,"Hydra",14,13.9
"5054",140,0.00672909280531857,0.00700608488383482,0.00729820431670411,"Hydra",14,14
"5055",141,0.00674011013498685,0.00701827242874912,0.00731056046078851,"Hydra",14,14.1
"5056",142,0.00675130033994756,0.00703039132513035,0.00732379938016418,"Hydra",14,14.2
"5057",143,0.00676268045601552,0.00704275911963551,0.00733637222902176,"Hydra",14,14.3
"5058",144,0.00677454643631202,0.00705521804200813,0.00735011140154601,"Hydra",14,14.4
"5059",145,0.00678691426934074,0.00706789494253688,0.00736366796212365,"Hydra",14,14.5
"5060",146,0.00679913556842736,0.00708120963983845,0.00737756489800009,"Hydra",14,14.6
"5061",147,0.0068109337848398,0.00709427102088535,0.007391496549377,"Hydra",14,14.7
"5062",148,0.00682285172957291,0.0071077804211985,0.00740597171129961,"Hydra",14,14.8
"5063",149,0.00683539096682728,0.00712115640763568,0.00742075612951822,"Hydra",14,14.9
"5064",150,0.00684819240018437,0.00713504359369501,0.00743563434334647,"Hydra",14,15
"5065",151,0.00686130027888027,0.00714912252628385,0.0074498034816334,"Hydra",14,15.1
"5066",152,0.00687463749136854,0.00716333714655675,0.00746478764124558,"Hydra",14,15.2
"5067",153,0.00688856011929872,0.0071777590123841,0.00747938119611112,"Hydra",14,15.3
"5068",154,0.00690180183839429,0.00719180142233485,0.00749489771232948,"Hydra",14,15.4
"5069",155,0.00691504099292585,0.00720667151129816,0.00751168517944849,"Hydra",14,15.5
"5070",156,0.00692924490260327,0.00722151960738383,0.00752835063195092,"Hydra",14,15.6
"5071",157,0.00694295851551023,0.00723638358790931,0.00754423587171322,"Hydra",14,15.7
"5072",158,0.00695698630024906,0.00725183143760554,0.0075601923305984,"Hydra",14,15.8
"5073",159,0.00697130216240212,0.00726741024475264,0.00757748656993015,"Hydra",14,15.9
"5074",160,0.00698608774559203,0.00728299249337274,0.00759428918223801,"Hydra",14,16
"5075",161,0.00700042299716073,0.00729865890115521,0.0076107387424387,"Hydra",14,16.1
"5076",162,0.00701565878109376,0.00731466504352261,0.00762781725811064,"Hydra",14,16.2
"5077",163,0.00703224327213887,0.00733101288992128,0.00764570759536441,"Hydra",14,16.3
"5078",164,0.00704735247633579,0.00734756836729635,0.00766393708188524,"Hydra",14,16.4
"5079",165,0.00706354828379973,0.00736448832339527,0.00768226431664829,"Hydra",14,16.5
"5080",166,0.00707919812180405,0.00738120891530275,0.00770001484204472,"Hydra",14,16.6
"5081",167,0.00709449108285357,0.00739861052282693,0.00771894499539958,"Hydra",14,16.7
"5082",168,0.00711102653161874,0.00741593407351293,0.00773752997329895,"Hydra",14,16.8
"5083",169,0.00712720282233259,0.00743364128123361,0.00775626311593964,"Hydra",14,16.9
"5084",170,0.00714272181087483,0.00745164610585121,0.00777479074147818,"Hydra",14,17
"5085",171,0.00715903416662816,0.00746978116461954,0.00779404745108267,"Hydra",14,17.1
"5086",172,0.00717586526067727,0.00748807487741715,0.00781356097569047,"Hydra",14,17.2
"5087",173,0.00719366991194161,0.00750663712734618,0.00783311084573206,"Hydra",14,17.3
"5088",174,0.00721218119411323,0.00752520435419695,0.00785260309522942,"Hydra",14,17.4
"5089",175,0.00722991233071081,0.00754419159165577,0.00787257962808597,"Hydra",14,17.5
"5090",176,0.00724794277945334,0.0075635493207093,0.00789250891560127,"Hydra",14,17.6
"5091",177,0.00726567742526729,0.00758290350793922,0.00791292708398194,"Hydra",14,17.7
"5092",178,0.0072844420963778,0.00760262244795281,0.00793340755138086,"Hydra",14,17.8
"5093",179,0.00730357850850649,0.0076226896205515,0.00795433720339372,"Hydra",14,17.9
"5094",180,0.0073231093550985,0.00764282632805802,0.00797628613991349,"Hydra",14,18
"5095",181,0.00734165280802163,0.00766345910354498,0.00799869127035677,"Hydra",14,18.1
"5096",182,0.00736108474713027,0.00768376270039261,0.00802064187469785,"Hydra",14,18.2
"5097",183,0.0073811816336369,0.00770472766778693,0.00804264345686217,"Hydra",14,18.3
"5098",184,0.00740151550985957,0.00772570150582793,0.00806519639674957,"Hydra",14,18.4
"5099",185,0.00742207665534956,0.00774700607193366,0.0080879320972434,"Hydra",14,18.5
"5100",186,0.00744206667729922,0.00776836615275077,0.00811048260550713,"Hydra",14,18.6
"5101",187,0.00746193823149161,0.00779037516138608,0.00813331781306673,"Hydra",14,18.7
"5102",188,0.00748320390823774,0.00781229747412294,0.00815783078172442,"Hydra",14,18.8
"5103",189,0.00750354558933287,0.00783460607115044,0.00818205490160898,"Hydra",14,18.9
"5104",190,0.00752491009547279,0.00785726222449637,0.00820571857088688,"Hydra",14,19
"5105",191,0.00754613565283645,0.00788014234593126,0.00822984226354244,"Hydra",14,19.1
"5106",192,0.00756788722100587,0.00790357080525236,0.00825445960624533,"Hydra",14,19.2
"5107",193,0.00758966960434898,0.00792701471759619,0.00827969096333373,"Hydra",14,19.3
"5108",194,0.00761152980836693,0.00795124170106278,0.00830385862701835,"Hydra",14,19.4
"5109",195,0.00763359652227311,0.00797540675649628,0.00832882976726325,"Hydra",14,19.5
"5110",196,0.00765687858054929,0.00799921614774735,0.00835434573924432,"Hydra",14,19.6
"5111",197,0.0076803702482368,0.00802357777939995,0.00837991261323499,"Hydra",14,19.7
"5112",198,0.00770370360047806,0.0080481825397379,0.00840559800509697,"Hydra",14,19.8
"5113",199,0.00772688884299078,0.0080732091226778,0.00843156357573244,"Hydra",14,19.9
"5114",200,0.00775106596655044,0.00809844782771225,0.0084584580397534,"Hydra",14,20
"5115",201,0.00777561850899463,0.00812406870157899,0.00848482888101328,"Hydra",14,20.1
"5116",202,0.00779990062653822,0.00814964154357069,0.00851161505673532,"Hydra",14,20.2
"5117",203,0.00782449953046617,0.00817536574252882,0.00853893850386599,"Hydra",14,20.3
"5118",204,0.00784941672277698,0.00820185249919016,0.00856693014532032,"Hydra",14,20.4
"5119",205,0.00787483854807556,0.00822848402045835,0.00859475558310338,"Hydra",14,20.5
"5120",206,0.0079002440725595,0.00825512785773725,0.00862365535725663,"Hydra",14,20.6
"5121",207,0.00792638566278189,0.00828237989130215,0.00865184573650495,"Hydra",14,20.7
"5122",208,0.00795209589917833,0.00830945822564372,0.0086799030681509,"Hydra",14,20.8
"5123",209,0.00797859373497564,0.00833699958280528,0.00870959083217016,"Hydra",14,20.9
"5124",210,0.00800558639601208,0.00836465619116629,0.0087393112898633,"Hydra",14,21
"5125",211,0.00803317661971657,0.00839297822761482,0.00876926865140533,"Hydra",14,21.1
"5126",212,0.00806042240363984,0.00842138818927847,0.00880002723053011,"Hydra",14,21.2
"5127",213,0.00808647245258553,0.00845043507762054,0.00883042579864039,"Hydra",14,21.3
"5128",214,0.00811353548713751,0.00847907249872383,0.00886026248927517,"Hydra",14,21.4
"5129",215,0.00814236793273045,0.00850871900236403,0.00889055124352114,"Hydra",14,21.5
"5130",216,0.00817020193217448,0.00853862776796169,0.0089223600715431,"Hydra",14,21.6
"5131",217,0.00819722653029155,0.00856897803063623,0.00895352586223514,"Hydra",14,21.7
"5132",218,0.00822591813569128,0.00859895671924267,0.00898604631325372,"Hydra",14,21.8
"5133",219,0.00825517943428961,0.0086293950784653,0.00901726297079469,"Hydra",14,21.9
"5134",220,0.00828467410461476,0.00865961746508905,0.00905036128403851,"Hydra",14,22
"5135",221,0.00831362045332644,0.0086907583487933,0.00908208256166103,"Hydra",14,22.1
"5136",222,0.00834442721342496,0.00872231094869699,0.00911585197983403,"Hydra",14,22.2
"5137",223,0.00837480430643253,0.00875389464280688,0.00914932006885636,"Hydra",14,22.3
"5138",224,0.00840556925835213,0.00878578437214162,0.00918369364320455,"Hydra",14,22.4
"5139",225,0.00843642246448,0.00881844257356237,0.00921825595411177,"Hydra",14,22.5
"5140",226,0.00846716008104391,0.00885069691030207,0.00925226107144656,"Hydra",14,22.6
"5141",227,0.0084974770334231,0.00888362377194438,0.0092876127686136,"Hydra",14,22.7
"5142",228,0.00852838564977343,0.00891687388740176,0.00932185155361838,"Hydra",14,22.8
"5143",229,0.00855918382356922,0.00895070805817481,0.00935820654539519,"Hydra",14,22.9
"5144",230,0.00859090317243829,0.00898452974591472,0.00939459149943042,"Hydra",14,23
"5145",231,0.0086228845909009,0.00901907187971846,0.00943195837533483,"Hydra",14,23.1
"5146",232,0.00865504698114997,0.00905332940843936,0.00946964124438385,"Hydra",14,23.2
"5147",233,0.00868950254977031,0.00908826171391613,0.00950638795831442,"Hydra",14,23.3
"5148",234,0.00872136540897319,0.00912363155294362,0.00954349291122776,"Hydra",14,23.4
"5149",235,0.00875411962386967,0.0091592274045249,0.00958102173824127,"Hydra",14,23.5
"5150",236,0.0087871927297286,0.00919524285945715,0.00961810744949752,"Hydra",14,23.6
"5151",237,0.00882003757111596,0.00923149764347411,0.00965745462089974,"Hydra",14,23.7
"5152",238,0.00885322172132828,0.0092681838099713,0.00969672504654241,"Hydra",14,23.8
"5153",239,0.00888800476901031,0.00930497647157443,0.00973618706588043,"Hydra",14,23.9
"5154",240,0.0089223903148931,0.00934197035962413,0.00977474727990515,"Hydra",14,24
"5155",241,0.00895660012136983,0.00937951687733709,0.00981427181886467,"Hydra",14,24.1
"5156",242,0.00899143660427076,0.00941722426828194,0.00985527508083617,"Hydra",14,24.2
"5157",243,0.00902654675343828,0.00945492277941481,0.00989602571370189,"Hydra",14,24.3
"5158",244,0.00906417128419723,0.00949297706436098,0.00993761990872193,"Hydra",14,24.4
"5159",245,0.0091000843976632,0.00953113636608944,0.00997883071380838,"Hydra",14,24.5
"5160",246,0.00913634082653282,0.00957060479016749,0.0100207390542921,"Hydra",14,24.6
"5161",247,0.00917292608061328,0.00960966613805672,0.010063168554112,"Hydra",14,24.7
"5162",248,0.00920948749125775,0.00964939795829284,0.0101054105789924,"Hydra",14,24.8
"5163",249,0.00924447243344204,0.00968974758087252,0.0101484708774903,"Hydra",14,24.9
"5164",250,0.00928068295344081,0.00972997452668348,0.0101924615835442,"Hydra",14,25
"5165",251,0.00931733613307957,0.00977071909267503,0.0102376278979361,"Hydra",14,25.1
"5166",252,0.00935612644751353,0.00981144136433049,0.0102811438823384,"Hydra",14,25.2
"5167",253,0.00939581022284018,0.00985239144056005,0.0103247474330283,"Hydra",14,25.3
"5168",254,0.00943417858885331,0.00989355926982456,0.010370074024451,"Hydra",14,25.4
"5169",255,0.00947355413766609,0.00993542648877455,0.010415466371346,"Hydra",14,25.5
"5170",256,0.00951266440300776,0.00997735520930648,0.0104602247482659,"Hydra",14,25.6
"5171",257,0.00955121273456646,0.0100198620078033,0.0105071682215158,"Hydra",14,25.7
"5172",258,0.00959062998900341,0.0100627027886912,0.0105540351292023,"Hydra",14,25.8
"5173",259,0.00963098847315317,0.0101053139078799,0.0106020417361064,"Hydra",14,25.9
"5174",260,0.00967116103506705,0.0101488494616565,0.0106496120369933,"Hydra",14,26
"5175",261,0.00971231073779147,0.0101922905792882,0.0106982163821764,"Hydra",14,26.1
"5176",262,0.00975191186367954,0.0102369626862214,0.0107455765404781,"Hydra",14,26.2
"5177",263,0.00979346996217961,0.0102820188991161,0.0107945868112314,"Hydra",14,26.3
"5178",264,0.00983436929297859,0.0103274017153906,0.0108420888886542,"Hydra",14,26.4
"5179",265,0.00987380113446999,0.0103731465424737,0.0108907153966702,"Hydra",14,26.5
"5180",266,0.0099145532802381,0.0104184188973168,0.0109394090267822,"Hydra",14,26.6
"5181",267,0.00995576297307716,0.0104644989151735,0.0109901018957203,"Hydra",14,26.7
"5182",268,0.00999818638856497,0.0105111219844188,0.011043201004298,"Hydra",14,26.8
"5183",269,0.0100409895829598,0.0105575797241696,0.011094649189333,"Hydra",14,26.9
"5184",270,0.0100824266968287,0.0106050462117487,0.0111480548483089,"Hydra",14,27
"5185",271,0.0101247972845464,0.0106530683484004,0.0111987831124839,"Hydra",14,27.1
"5186",272,0.0101675360282136,0.010701390664545,0.0112530604992851,"Hydra",14,27.2
"5187",273,0.0102099790340909,0.0107500888840499,0.0113059225202337,"Hydra",14,27.3
"5188",274,0.010254519743029,0.0107987161423525,0.0113587943539576,"Hydra",14,27.4
"5189",275,0.0102994110836544,0.0108478398746636,0.011413697239834,"Hydra",14,27.5
"5190",276,0.0103442229955518,0.0108965768366674,0.0114685870867637,"Hydra",14,27.6
"5191",277,0.0103873676069135,0.0109454645977351,0.0115235944488775,"Hydra",14,27.7
"5192",278,0.0104308058094903,0.0109958911629397,0.011580267600128,"Hydra",14,27.8
"5193",279,0.0104757496903518,0.011046218610729,0.0116365696326689,"Hydra",14,27.9
"5194",280,0.0105205259468298,0.0110966090172004,0.0116930863940714,"Hydra",14,28
"5195",281,0.0105661755911718,0.0111476326140116,0.0117506036150848,"Hydra",14,28.1
"5196",282,0.010611644077617,0.0111986670220991,0.0118078896049275,"Hydra",14,28.2
"5197",283,0.010657364537079,0.0112511452128312,0.011865651235739,"Hydra",14,28.3
"5198",284,0.0107029467684292,0.0113035892800917,0.0119217340790567,"Hydra",14,28.4
"5199",285,0.0107485773394466,0.0113562160715381,0.0119811580134371,"Hydra",14,28.5
"5200",286,0.0107944910749593,0.0114092338616971,0.0120403378245623,"Hydra",14,28.6
"5201",287,0.0108419623568789,0.0114623135170102,0.0121008405935182,"Hydra",14,28.7
"5202",288,0.0108877715576996,0.0115165914393322,0.0121619311046077,"Hydra",14,28.8
"5203",289,0.0109342081040582,0.0115701370421696,0.0122225785948913,"Hydra",14,28.9
"5204",290,0.0109823020969564,0.0116239666633029,0.0122830615834931,"Hydra",14,29
"5205",291,0.0110291036565029,0.0116784300750405,0.0123465297770205,"Hydra",14,29.1
"5206",292,0.0110757717920927,0.0117329777821745,0.0124097305138498,"Hydra",14,29.2
"5207",293,0.0111235223883804,0.0117880218572927,0.0124742462077228,"Hydra",14,29.3
"5208",294,0.0111698554662789,0.0118443556864619,0.0125358297329997,"Hydra",14,29.4
"5209",295,0.0112175585879169,0.0119005833557431,0.0126001159903711,"Hydra",14,29.5
"5210",296,0.0112653765132318,0.0119567698421745,0.0126637030841722,"Hydra",14,29.6
"5211",297,0.0113137448361913,0.0120136160845714,0.0127265879693152,"Hydra",14,29.7
"5212",298,0.0113614001389303,0.012069983917196,0.0127925474260068,"Hydra",14,29.8
"5213",299,0.011411952245104,0.0121271413356948,0.0128581701093636,"Hydra",14,29.9
"5214",300,0.0114590607785746,0.0121840201630463,0.0129260837616609,"Hydra",14,30
"5215",301,0.0115064359806691,0.012241719372348,0.0129949336712612,"Hydra",14,30.1
"5216",302,0.0115537384715763,0.0122994917020918,0.0130626104053341,"Hydra",14,30.2
"5217",303,0.0116034077222133,0.0123575874736547,0.0131299825105322,"Hydra",14,30.3
"5218",304,0.0116527093804174,0.0124158601518295,0.0131996353396283,"Hydra",14,30.4
"5219",305,0.0117018961738287,0.0124746352644423,0.0132714273336902,"Hydra",14,30.5
"5220",306,0.0117518487328117,0.0125337034446871,0.0133403603659593,"Hydra",14,30.6
"5221",307,0.0118023354446053,0.012593989410018,0.013412163367616,"Hydra",14,30.7
"5222",308,0.0118517268992971,0.0126544721427817,0.013483390193553,"Hydra",14,30.8
"5223",309,0.0119024242406473,0.0127145641474285,0.0135541129641887,"Hydra",14,30.9
"5224",310,0.0119527018224229,0.0127755650007237,0.0136241609928321,"Hydra",14,31
"5225",311,0.0120028040047922,0.0128361083833279,0.0136987972380319,"Hydra",14,31.1
"5226",312,0.0120533823887283,0.0128974526219452,0.013769862829822,"Hydra",14,31.2
"5227",313,0.012105512369051,0.012958963586658,0.0138416733438748,"Hydra",14,31.3
"5228",314,0.0121585178004594,0.0130223151081406,0.0139164667619199,"Hydra",14,31.4
"5229",315,0.0122091736876694,0.013083941667246,0.0139902659731293,"Hydra",14,31.5
"5230",316,0.0122609355259415,0.0131460219003987,0.0140650064549963,"Hydra",14,31.6
"5231",317,0.0123122102981728,0.0132088421269639,0.0141401861703832,"Hydra",14,31.7
"5232",318,0.0123640041382189,0.0132718794863359,0.0142159443103659,"Hydra",14,31.8
"5233",319,0.0124173307949043,0.0133353063687695,0.0142903373287537,"Hydra",14,31.9
"5234",320,0.0124700822686939,0.0133979465369734,0.0143665950247063,"Hydra",14,32
"5235",321,0.012520834752112,0.0134617749030681,0.0144407081070854,"Hydra",14,32.1
"5236",322,0.0125741417831399,0.0135260355196267,0.0145174259609677,"Hydra",14,32.2
"5237",323,0.0126271673781751,0.0135903394514916,0.0145965402910558,"Hydra",14,32.3
"5238",324,0.0126804335493935,0.0136551212825631,0.0146731132421192,"Hydra",14,32.4
"5239",325,0.0127343042864436,0.0137199035029913,0.014747065255696,"Hydra",14,32.5
"5240",326,0.0127883126414785,0.0137849749061557,0.0148247843497825,"Hydra",14,32.6
"5241",327,0.0128422302717145,0.0138499938871445,0.0149064334640765,"Hydra",14,32.7
"5242",328,0.0128980689310858,0.0139156449587172,0.0149870069744341,"Hydra",14,32.8
"5243",329,0.0129508836402526,0.0139802611303705,0.0150677392692524,"Hydra",14,32.9
"5244",330,0.0130067462697262,0.01404663259108,0.0151462821344157,"Hydra",14,33
"5245",331,0.0130601535224122,0.0141112068099763,0.0152261137026725,"Hydra",14,33.1
"5246",332,0.013114501517356,0.0141774825000162,0.0153084678195347,"Hydra",14,33.2
"5247",333,0.0131686046082762,0.0142436430596042,0.0153908862113977,"Hydra",14,33.3
"5248",334,0.0132232470238067,0.0143110307883494,0.0154741431833374,"Hydra",14,33.4
"5249",335,0.013276852568383,0.0143773483918408,0.0155552977951465,"Hydra",14,33.5
"5250",336,0.0133281357092045,0.0144437123132985,0.0156406288230605,"Hydra",14,33.6
"5251",337,0.0133799282608465,0.0145108082726746,0.0157239696204649,"Hydra",14,33.7
"5252",338,0.0134336200651706,0.0145777786452963,0.0158073142140031,"Hydra",14,33.8
"5253",339,0.0134880358140111,0.0146443812641021,0.0158897654336639,"Hydra",14,33.9
"5254",340,0.0135416641746352,0.0147119994321107,0.0159737846449771,"Hydra",14,34
"5255",341,0.0135970834021221,0.0147802925818619,0.0160538049235063,"Hydra",14,34.1
"5256",342,0.0136491631561877,0.0148478846029246,0.0161394285486695,"Hydra",14,34.2
"5257",343,0.0137025509467963,0.0149158506080926,0.0162249576772324,"Hydra",14,34.3
"5258",344,0.0137566214171062,0.0149849696176142,0.0163094989382058,"Hydra",14,34.4
"5259",345,0.0138087874516751,0.0150538514883383,0.0163918545179005,"Hydra",14,34.5
"5260",346,0.0138623357940276,0.0151237322410646,0.0164808793584014,"Hydra",14,34.6
"5261",347,0.0139180138414982,0.0151928236518259,0.0165683925635667,"Hydra",14,34.7
"5262",348,0.0139702784928422,0.0152618694008537,0.0166544890421575,"Hydra",14,34.8
"5263",349,0.0140275706492712,0.0153304399348762,0.0167397603801106,"Hydra",14,34.9
"5264",350,0.0140817810345135,0.0153996921234354,0.0168272651824042,"Hydra",14,35
"5265",351,0.0141389451350693,0.0154688251869997,0.016916151223087,"Hydra",14,35.1
